user_id,title,title_short,category,final_borda_rank,average_borda_score,total_borda_score,original_position,position_change,is_target,num_trials,original_ndcg_5
A27HCDWXKTI0KA,Solving Crimes: Pioneers of Forensic Science (Lives in Science),Solving Crimes: Pioneers of Forensic Science (Live...,unknown,1,16.15,323.0,2,1,False,20,0.38685280723454163
A27HCDWXKTI0KA,Uneasy in Babylon: Southern Baptist Conservatives and American Culture (Religion and American Culture),Uneasy in Babylon: Southern Baptist Conservatives ...,unknown,2,14.6,292.0,0,-2,False,20,0.38685280723454163
A27HCDWXKTI0KA,Echoes of My African Heart: An Odyssey of Life and Adventure in a Fabled Continent,Echoes of My African Heart: An Odyssey of Life and...,unknown,3,13.65,273.0,7,4,False,20,0.38685280723454163
A27HCDWXKTI0KA,"Naval Chronicles: The Naval Chronicle: The Contemporary Record of the Royal Navy at War, Vol.1: 1793-1798 (The Naval Chronicle , No 1) (Volume 1)",Naval Chronicles: The Naval Chronicle: The Contemp...,unknown,4,13.05,261.0,3,-1,False,20,0.38685280723454163
A27HCDWXKTI0KA,The Twilight Zone Companion,The Twilight Zone Companion,unknown,5,11.95,239.0,12,7,True,20,0.38685280723454163
A27HCDWXKTI0KA,"I Saw France Fall, Will She Rise Again?","I Saw France Fall, Will She Rise Again?",unknown,6,11.45,229.0,11,5,False,20,0.38685280723454163
A27HCDWXKTI0KA,Bobby Flay's Mesa Grill Cookbook: Explosive Flavors from the Southwestern Kitchen,Bobby Flay's Mesa Grill Cookbook: Explosive Flavor...,unknown,7,11.35,227.0,18,11,False,20,0.38685280723454163
A27HCDWXKTI0KA,"Anita Blake: Vampire Hunter Boxed Set: Guilty Pleasures, The Laughing Corpse, Circus of the Damned and The Lunatic Cafe",Anita Blake: Vampire Hunter Boxed Set: Guilty Plea...,unknown,8,11.25,225.0,6,-2,False,20,0.38685280723454163
A27HCDWXKTI0KA,Sensei : the life story of Irene Webster-Smith,Sensei : the life story of Irene Webster-Smith,unknown,9,10.85,217.0,8,-1,False,20,0.38685280723454163
A27HCDWXKTI0KA,Learn Visual C# Professional Edition - A College Prep Programming Tutorial,Learn Visual C# Professional Edition - A College P...,unknown,10,10.7,214.0,14,4,False,20,0.38685280723454163
A27HCDWXKTI0KA,Children of the Lamp #7: The Grave Robbers of Genghis Khan (7),Children of the Lamp #7: The Grave Robbers of Geng...,unknown,11,10.3,206.0,1,-10,False,20,0.38685280723454163
A27HCDWXKTI0KA,Comets (Let'S-Read-And-Find-Out Science Book),Comets (Let'S-Read-And-Find-Out Science Book),unknown,12,9.65,193.0,5,-7,False,20,0.38685280723454163
A27HCDWXKTI0KA,The Jossey-Bass Reader on Contemporary Issues in Adult Education,The Jossey-Bass Reader on Contemporary Issues in A...,unknown,13,9.05,181.0,16,3,False,20,0.38685280723454163
A27HCDWXKTI0KA,A Russian Doll & Other Stories,A Russian Doll & Other Stories,unknown,14,9.0,180.0,13,-1,False,20,0.38685280723454163
A27HCDWXKTI0KA,Walter Warthog's Wonderful Wagon (Animal Antics A to Z),Walter Warthog's Wonderful Wagon (Animal Antics A ...,unknown,15,8.5,170.0,10,-5,False,20,0.38685280723454163
A27HCDWXKTI0KA,Tales of Avalon: Wisdom of the Ancient Marshes,Tales of Avalon: Wisdom of the Ancient Marshes,unknown,16,8.5,170.0,19,3,False,20,0.38685280723454163
A27HCDWXKTI0KA,Their Highest Potential,Their Highest Potential,unknown,17,7.85,157.0,4,-13,False,20,0.38685280723454163
A27HCDWXKTI0KA,Mel Bay Brazilian Jazz Guitar (Book & CD),Mel Bay Brazilian Jazz Guitar (Book & CD),unknown,18,7.5,150.0,17,-1,False,20,0.38685280723454163
A27HCDWXKTI0KA,"Scrapbooking, Time Capsules, Life Story Desktop Videography & Beyond with Poser 5, CorelDRAW ® Graphics Suite 12 & Corel WordPerfect Office Suite 12","Scrapbooking, Time Capsules, Life Story Desktop Vi...",unknown,19,7.4,148.0,15,-4,False,20,0.38685280723454163
A27HCDWXKTI0KA,Tales of Wells Fargo Danger at Mesa Flats A Little Golden Book,Tales of Wells Fargo Danger at Mesa Flats A Little...,unknown,20,7.25,145.0,9,-11,False,20,0.38685280723454163
AMS6J2UF82NN2,Bad Medicine: An Ella Clah Novel (Ella Clah Novels),Bad Medicine: An Ella Clah Novel (Ella Clah Novels...,unknown,1,15.0,300.0,17,16,False,20,0.0
AMS6J2UF82NN2,Cash Out Move On: Get Top Dollar - And More - Selling Your Business,Cash Out Move On: Get Top Dollar - And More - Sell...,unknown,2,14.9,298.0,16,14,False,20,0.0
AMS6J2UF82NN2,Practical Tips for Publishing Scholarly Articles: Writing and Publishing in the Helping Professions,Practical Tips for Publishing Scholarly Articles: ...,unknown,3,14.55,291.0,3,0,False,20,0.0
AMS6J2UF82NN2,Blood Debt (Don Pendleton's Mack Bolan),Blood Debt (Don Pendleton's Mack Bolan),unknown,4,13.85,277.0,13,9,False,20,0.0
AMS6J2UF82NN2,Neutral Shores: Ireland and the Battle of the Atlantic,Neutral Shores: Ireland and the Battle of the Atla...,unknown,5,13.25,265.0,10,5,False,20,0.0
AMS6J2UF82NN2,The Biker Trials: Bringing Down the Hells Angels,The Biker Trials: Bringing Down the Hells Angels,unknown,6,12.5,250.0,8,2,False,20,0.0
AMS6J2UF82NN2,Advocacy Leadership: Toward a Post-Reform Agenda in Education (Critical Social Thought),Advocacy Leadership: Toward a Post-Reform Agenda i...,unknown,7,12.15,243.0,19,12,False,20,0.0
AMS6J2UF82NN2,The Big Burn,The Big Burn,unknown,8,11.9,238.0,0,-8,False,20,0.0
AMS6J2UF82NN2,Instant Memories: Babies: Ready-to-Use Scrapbook Pages,Instant Memories: Babies: Ready-to-Use Scrapbook P...,unknown,9,11.8,236.0,11,2,False,20,0.0
AMS6J2UF82NN2,No Pain No Gain: Training Journal,No Pain No Gain: Training Journal,unknown,10,11.0,220.0,4,-6,False,20,0.0
AMS6J2UF82NN2,Washington Atlas & Gazetteer,Washington Atlas & Gazetteer,unknown,11,9.65,193.0,1,-10,False,20,0.0
AMS6J2UF82NN2,Favorite Animals Coloring Book (Dover Little Activity Books),Favorite Animals Coloring Book (Dover Little Activ...,unknown,12,9.45,189.0,2,-10,False,20,0.0
AMS6J2UF82NN2,Last Woman,Last Woman,unknown,13,9.0,180.0,12,-1,True,20,0.0
AMS6J2UF82NN2,The New Church Kneeler Book: A Step-By-Step Guide to Canvaswork Kneelers,The New Church Kneeler Book: A Step-By-Step Guide ...,unknown,14,8.75,175.0,7,-7,False,20,0.0
AMS6J2UF82NN2,Phrases & sayings,Phrases & sayings,unknown,15,8.15,163.0,14,-1,False,20,0.0
AMS6J2UF82NN2,Philadelphia Cream Cheese Classic Recipes,Philadelphia Cream Cheese Classic Recipes,unknown,16,7.55,151.0,15,-1,False,20,0.0
AMS6J2UF82NN2,"Chemistry with Online ChemSkill Builder, Eighth Edition","Chemistry with Online ChemSkill Builder, Eighth Ed...",unknown,17,7.35,147.0,9,-8,False,20,0.0
AMS6J2UF82NN2,"California, the fabulous island","California, the fabulous island",unknown,18,7.15,143.0,18,0,False,20,0.0
AMS6J2UF82NN2,2014 Mosque Around the World Islamic Calendar Gregorian and Hijra Dates includes a full Quran MP3 Audio CD.,2014 Mosque Around the World Islamic Calendar Greg...,unknown,19,6.1,122.0,5,-14,False,20,0.0
AMS6J2UF82NN2,Seattle Seahawks 2013 Team Calendar,Seattle Seahawks 2013 Team Calendar,unknown,20,5.95,119.0,6,-14,False,20,0.0
A56U3JJ96FK3J,"Addicted to Unhappiness: Free Yourself from Moods and Behaviors That Undermine Relationships, Work, and the Life You Want",Addicted to Unhappiness: Free Yourself from Moods ...,unknown,1,16.1,322.0,1,0,False,20,0.0
A56U3JJ96FK3J,Finding Abigail,Finding Abigail,unknown,2,14.5,290.0,2,0,False,20,0.0
A56U3JJ96FK3J,Beyond Privatopia: Rethinking Residential Private Government (Urban Institute Press),Beyond Privatopia: Rethinking Residential Private ...,unknown,3,14.05,281.0,14,11,False,20,0.0
A56U3JJ96FK3J,To Ruin A Queen : An Ursula Blanchard Mystery at Queen Elizabeth I's Court,To Ruin A Queen : An Ursula Blanchard Mystery at Q...,unknown,4,12.85,257.0,10,6,False,20,0.0
A56U3JJ96FK3J,"The Science of Star Wars: An Astrophysicist's Independent Examination of Space Travel, Aliens, Planets, and Robots as Portrayed in the Star Wars Films and Books",The Science of Star Wars: An Astrophysicist's Inde...,unknown,5,12.85,257.0,11,6,False,20,0.0
A56U3JJ96FK3J,"dot.com dating: finding your right someone online--avoiding the liars, losers, and freaks",dot.com dating: finding your right someone online-...,unknown,6,12.05,241.0,8,2,False,20,0.0
A56U3JJ96FK3J,Beyond the Storm: A Gulf Crisis Reader,Beyond the Storm: A Gulf Crisis Reader,unknown,7,11.8,236.0,5,-2,False,20,0.0
A56U3JJ96FK3J,Yoga (101 Essential Tips),Yoga (101 Essential Tips),unknown,8,11.45,229.0,4,-4,False,20,0.0
A56U3JJ96FK3J,Tears from Kabul,Tears from Kabul,unknown,9,11.4,228.0,19,10,False,20,0.0
A56U3JJ96FK3J,"Jackson & Jenks, Master Magicians","Jackson & Jenks, Master Magicians",unknown,10,10.15,203.0,15,5,False,20,0.0
A56U3JJ96FK3J,How to make biodiesel,How to make biodiesel,unknown,11,9.85,197.0,16,5,False,20,0.0
A56U3JJ96FK3J,The March Up Country: A Translation of Xenophon's Anabasis (Ann Arbor Paperbacks),The March Up Country: A Translation of Xenophon's ...,unknown,12,9.65,193.0,0,-12,False,20,0.0
A56U3JJ96FK3J,Jimmie Rodgers: The Life and Times of America's Blue Yodeler,Jimmie Rodgers: The Life and Times of America's Bl...,unknown,13,9.2,184.0,12,-1,False,20,0.0
A56U3JJ96FK3J,Strange Candy,Strange Candy,unknown,14,9.1,182.0,13,-1,True,20,0.0
A56U3JJ96FK3J,Repercussions from Sexual Sins: The Sexual Revolution has Entered the Church,Repercussions from Sexual Sins: The Sexual Revolut...,unknown,15,8.3,166.0,7,-8,False,20,0.0
A56U3JJ96FK3J,The Liturgy Explained,The Liturgy Explained,unknown,16,8.2,164.0,6,-10,False,20,0.0
A56U3JJ96FK3J,Spider-Man 3: Spider-Man's New Suit,Spider-Man 3: Spider-Man's New Suit,unknown,17,7.8,156.0,3,-14,False,20,0.0
A56U3JJ96FK3J,Mob Stories,Mob Stories,unknown,18,7.7,154.0,9,-9,False,20,0.0
A56U3JJ96FK3J,"Apocalypse 1945, The Destruction of Dresden","Apocalypse 1945, The Destruction of Dresden",unknown,19,6.65,133.0,17,-2,False,20,0.0
A56U3JJ96FK3J,"Angel Silhouette (Laser Cut) Small Boxed Holiday Cards (Christmas Cards, Holiday Cards, Greeting Cards)",Angel Silhouette (Laser Cut) Small Boxed Holiday C...,unknown,20,6.35,127.0,18,-2,False,20,0.0
AXVBGNJDUVPVA,Selling Microsoft: Sales Secrets from Inside the World's Most Successful Company,Selling Microsoft: Sales Secrets from Inside the W...,unknown,1,12.85,257.0,0,-1,False,20,0.0
AXVBGNJDUVPVA,"Hollywood Corral: A Stirring & Nostalgic Tribute to The Sagebrush Sagas That Made Cinema History... The ""B"" Westerns (Big Apple Film Series)",Hollywood Corral: A Stirring & Nostalgic Tribute t...,unknown,2,12.5,250.0,9,7,False,20,0.0
AXVBGNJDUVPVA,Inside Horse Racing: A By-the-Numbers Look at Thoroughbred Racing,Inside Horse Racing: A By-the-Numbers Look at Thor...,unknown,3,12.3,246.0,17,14,False,20,0.0
AXVBGNJDUVPVA,Career Ideas for Kids Who Like Music and Dance,Career Ideas for Kids Who Like Music and Dance,unknown,4,12.1,242.0,11,7,False,20,0.0
AXVBGNJDUVPVA,Successful Tails: The Wonders of Therapy Dogs,Successful Tails: The Wonders of Therapy Dogs,unknown,5,11.8,236.0,2,-3,False,20,0.0
AXVBGNJDUVPVA,The Hotel Dick (Five Star Mysteries),The Hotel Dick (Five Star Mysteries),unknown,6,11.6,232.0,10,4,False,20,0.0
AXVBGNJDUVPVA,Lauren,Lauren,unknown,7,11.45,229.0,7,0,False,20,0.0
AXVBGNJDUVPVA,Waterproof Travel Map of Costa Rica,Waterproof Travel Map of Costa Rica,unknown,8,11.1,222.0,3,-5,False,20,0.0
AXVBGNJDUVPVA,The Painted Messiah,The Painted Messiah,unknown,9,11.0,220.0,16,7,False,20,0.0
AXVBGNJDUVPVA,Weather: Nature Company Guides,Weather: Nature Company Guides,unknown,10,11.0,220.0,4,-6,False,20,0.0
AXVBGNJDUVPVA,After Visiting Friends: A Son's Story,After Visiting Friends: A Son's Story,unknown,11,10.9,218.0,6,-5,True,20,0.0
AXVBGNJDUVPVA,The Voice of the Corpse,The Voice of the Corpse,unknown,12,9.9,198.0,14,2,False,20,0.0
AXVBGNJDUVPVA,Japan and Germany in the Modern World,Japan and Germany in the Modern World,unknown,13,9.8,196.0,8,-5,False,20,0.0
AXVBGNJDUVPVA,"The Life and Ministry of Jesus Christ, Book 1: From His Preexistence and Birth to His Sermon on the Mount","The Life and Ministry of Jesus Christ, Book 1: Fro...",unknown,14,9.55,191.0,13,-1,False,20,0.0
AXVBGNJDUVPVA,Amulet of Avantia: Luna the Moon Wolf (Beast Quest #22),Amulet of Avantia: Luna the Moon Wolf (Beast Quest...,unknown,15,9.5,190.0,5,-10,False,20,0.0
AXVBGNJDUVPVA,Halloween Postcard Book,Halloween Postcard Book,unknown,16,9.15,183.0,1,-15,False,20,0.0
AXVBGNJDUVPVA,Poor Baby: A Child of the 60's Looks Back on Abortion,Poor Baby: A Child of the 60's Looks Back on Abort...,unknown,17,8.9,178.0,18,1,False,20,0.0
AXVBGNJDUVPVA,PLAY IT AS IT LIES: THELWELL'S GOLFING MANUAL,PLAY IT AS IT LIES: THELWELL'S GOLFING MANUAL,unknown,18,8.6,172.0,15,-3,False,20,0.0
AXVBGNJDUVPVA,In Search of the SECRET SANCTUARY: ACROSS SCOTLAND'S RIVER BRAAN,In Search of the SECRET SANCTUARY: ACROSS SCOTLAND...,unknown,19,8.45,169.0,19,0,False,20,0.0
AXVBGNJDUVPVA,"X-Files 30 Days of Night, No. 1","X-Files 30 Days of Night, No. 1",unknown,20,7.55,151.0,12,-8,False,20,0.0
A2UWG77YW8T2M,A Healing Place,A Healing Place,unknown,1,14.4,288.0,2,1,False,20,0.38685280723454163
A2UWG77YW8T2M,Organic Cookbook: Making the Most of Fresh and Seasonal Produce; 130 Deliciously Healthy Recipes Shown in 250 Stunning Photographs,Organic Cookbook: Making the Most of Fresh and Sea...,unknown,2,14.3,286.0,16,14,False,20,0.38685280723454163
A2UWG77YW8T2M,Knock 'em Dead Resumes: How to Write a Killer Resume That Gets You Job Interviews,Knock 'em Dead Resumes: How to Write a Killer Resu...,unknown,3,13.9,278.0,6,3,False,20,0.38685280723454163
A2UWG77YW8T2M,Bound on Earth,Bound on Earth,unknown,4,13.6,272.0,10,6,False,20,0.38685280723454163
A2UWG77YW8T2M,DC Comics Ultimate Character Guide,DC Comics Ultimate Character Guide,unknown,5,12.6,252.0,17,12,True,20,0.38685280723454163
A2UWG77YW8T2M,Discovering Type with Teens,Discovering Type with Teens,unknown,6,11.85,237.0,15,9,False,20,0.38685280723454163
A2UWG77YW8T2M,Post-Quantum Cryptography,Post-Quantum Cryptography,unknown,7,11.7,234.0,9,2,False,20,0.38685280723454163
A2UWG77YW8T2M,"J. Michael Straczynski's Midnight Nation, Vol. 1","J. Michael Straczynski's Midnight Nation, Vol. 1",unknown,8,11.65,233.0,11,3,False,20,0.38685280723454163
A2UWG77YW8T2M,"America’s Great Revivals: The Story of Spiritual Revival in the United States, 1734-1899",America’s Great Revivals: The Story of Spiritual R...,unknown,9,11.55,231.0,5,-4,False,20,0.38685280723454163
A2UWG77YW8T2M,Fate's Monolith,Fate's Monolith,unknown,10,9.95,199.0,3,-7,False,20,0.38685280723454163
A2UWG77YW8T2M,Industrial/Organizational Psychology,Industrial/Organizational Psychology,unknown,11,9.9,198.0,13,2,False,20,0.38685280723454163
A2UWG77YW8T2M,"Field Guide to Australian Birds, Complete Compact Edition","Field Guide to Australian Birds, Complete Compact ...",unknown,12,9.8,196.0,4,-8,False,20,0.38685280723454163
A2UWG77YW8T2M,"Mohawks, Volume 2 of 3 A Novel","Mohawks, Volume 2 of 3 A Novel",unknown,13,9.75,195.0,8,-5,False,20,0.38685280723454163
A2UWG77YW8T2M,Spy for a Spy (Spy Another Day),Spy for a Spy (Spy Another Day),unknown,14,9.55,191.0,19,5,False,20,0.38685280723454163
A2UWG77YW8T2M,The Man Who Made Movies: W.K.L. Dickson,The Man Who Made Movies: W.K.L. Dickson,unknown,15,8.7,174.0,18,3,False,20,0.38685280723454163
A2UWG77YW8T2M,Between Two Rivers: The Atrisco Land Grant in Albuquerque,Between Two Rivers: The Atrisco Land Grant in Albu...,unknown,16,8.2,164.0,7,-9,False,20,0.38685280723454163
A2UWG77YW8T2M,Embedded C,Embedded C,unknown,17,8.1,162.0,0,-17,False,20,0.38685280723454163
A2UWG77YW8T2M,The Greening of America,The Greening of America,unknown,18,7.65,153.0,1,-17,False,20,0.38685280723454163
A2UWG77YW8T2M,La última noche del Titanic (Spanish Edition),La última noche del Titanic (Spanish Edition),unknown,19,6.65,133.0,14,-5,False,20,0.38685280723454163
A2UWG77YW8T2M,Denny Hamlin (Superstars of NASCAR),Denny Hamlin (Superstars of NASCAR),unknown,20,6.2,124.0,12,-8,False,20,0.38685280723454163
A2GMF57QX2XKQU,75 Habits for a Happy Marriage: Marriage Advice to Recharge and Reconnect Every Day,75 Habits for a Happy Marriage: Marriage Advice to...,unknown,1,15.05,301.0,18,17,False,20,0.0
A2GMF57QX2XKQU,"Gun Control in the Third Reich: Disarming the Jews and ""Enemies of the State""",Gun Control in the Third Reich: Disarming the Jews...,unknown,2,14.4,288.0,15,13,False,20,0.0
A2GMF57QX2XKQU,The Recession-Proof Business: Lessons from the Greatest Recession Success Stories of All Time,The Recession-Proof Business: Lessons from the Gre...,unknown,3,13.7,274.0,10,7,False,20,0.0
A2GMF57QX2XKQU,"Jazz in New Orleans: The Postwar Years Through 1970 (Volume 38) (Studies in Jazz, 38)",Jazz in New Orleans: The Postwar Years Through 197...,unknown,4,13.15,263.0,0,-4,False,20,0.0
A2GMF57QX2XKQU,How Our Alphabet Grew: The History of the Alphabet,How Our Alphabet Grew: The History of the Alphabet,unknown,5,12.3,246.0,1,-4,False,20,0.0
A2GMF57QX2XKQU,Ka lama kukui--Hawaiian psychology: An introduction,Ka lama kukui--Hawaiian psychology: An introductio...,unknown,6,11.5,230.0,5,-1,False,20,0.0
A2GMF57QX2XKQU,Tales From Dark Places The Halloween Collection (The Indie Collaboration Book 1),Tales From Dark Places The Halloween Collection (T...,unknown,7,11.25,225.0,7,0,True,20,0.0
A2GMF57QX2XKQU,The Key to Space,The Key to Space,unknown,8,9.9,198.0,13,5,False,20,0.0
A2GMF57QX2XKQU,Mooseclumps and other poems,Mooseclumps and other poems,unknown,9,9.9,198.0,8,-1,False,20,0.0
A2GMF57QX2XKQU,The Joy of Fearing God Study Guide: The Fear of the Lord Is a Life-Giving Fountain,The Joy of Fearing God Study Guide: The Fear of th...,unknown,10,9.8,196.0,14,4,False,20,0.0
A2GMF57QX2XKQU,Organic Education : Teaching Without Failure,Organic Education : Teaching Without Failure,unknown,11,9.45,189.0,3,-8,False,20,0.0
A2GMF57QX2XKQU,Side By Side Book 1A: English through Guided Conversations,Side By Side Book 1A: English through Guided Conve...,unknown,12,9.45,189.0,6,-6,False,20,0.0
A2GMF57QX2XKQU,Project Pendulum (Millennium Book),Project Pendulum (Millennium Book),unknown,13,9.45,189.0,12,-1,False,20,0.0
A2GMF57QX2XKQU,Gender Inequality: Feminist Theories and Politics,Gender Inequality: Feminist Theories and Politics,unknown,14,9.35,187.0,11,-3,False,20,0.0
A2GMF57QX2XKQU,Construction Notes: Transforming a Campus in Washington D.C. (Georgetown University),Construction Notes: Transforming a Campus in Washi...,unknown,15,9.25,185.0,2,-13,False,20,0.0
A2GMF57QX2XKQU,The Pastor's Journal,The Pastor's Journal,unknown,16,9.1,182.0,4,-12,False,20,0.0
A2GMF57QX2XKQU,Life in New Amsterdam (Picture the Past),Life in New Amsterdam (Picture the Past),unknown,17,8.75,175.0,16,-1,False,20,0.0
A2GMF57QX2XKQU,"Aquatic and Wetland Plants of Northeastern North America, Volume I: A Revised and Enlarged Edition of Norman C. Fassett's A Manual of Aquatic Plants, ... of Northeastern North America (Paperback))",Aquatic and Wetland Plants of Northeastern North A...,unknown,18,8.5,170.0,9,-9,False,20,0.0
A2GMF57QX2XKQU,The Nachtjagd War Diaries,The Nachtjagd War Diaries,unknown,19,8.0,160.0,19,0,False,20,0.0
A2GMF57QX2XKQU,Precalculus: a Unit Circle Approach plus MyMathLab with Pearson eText -- Access Card Package (2nd Edition) (Ratti/McWaters Series),Precalculus: a Unit Circle Approach plus MyMathLab...,unknown,20,7.75,155.0,17,-3,False,20,0.0
A9F8MY28BOO1D,Mothers and Sons: Stories,Mothers and Sons: Stories,unknown,1,15.7,314.0,9,8,False,20,0.0
A9F8MY28BOO1D,"The Lexicographer's Dilemma: The Evolution of 'Proper' English, from Shakespeare to South Park",The Lexicographer's Dilemma: The Evolution of 'Pro...,unknown,2,14.95,299.0,19,17,False,20,0.0
A9F8MY28BOO1D,One Life to Ride: A Motorcycle Journey to the High Himalayas,One Life to Ride: A Motorcycle Journey to the High...,unknown,3,12.8,256.0,5,2,False,20,0.0
A9F8MY28BOO1D,"Sculpture: Technique, Form, Content, Revised Edition","Sculpture: Technique, Form, Content, Revised Editi...",unknown,4,12.65,253.0,16,12,False,20,0.0
A9F8MY28BOO1D,Figures Traced in Light: On Cinematic Staging,Figures Traced in Light: On Cinematic Staging,unknown,5,12.5,250.0,17,12,False,20,0.0
A9F8MY28BOO1D,Ward Number Six and Other Stories (Oxford World's Classics),Ward Number Six and Other Stories (Oxford World's ...,unknown,6,12.2,244.0,8,2,False,20,0.0
A9F8MY28BOO1D,Haleakala: A History of the Maui Mountain,Haleakala: A History of the Maui Mountain,unknown,7,11.5,230.0,12,5,False,20,0.0
A9F8MY28BOO1D,Pride and Prejudice (Marvel Illustrated),Pride and Prejudice (Marvel Illustrated),unknown,8,11.15,223.0,3,-5,True,20,0.0
A9F8MY28BOO1D,Gym Mom: The Twists and Turns of Your Daughter's Gymnastics Career,Gym Mom: The Twists and Turns of Your Daughter's G...,unknown,9,10.65,213.0,13,4,False,20,0.0
A9F8MY28BOO1D,"Resurrection: War of the Spider Queen, Book VI (R.A Salvatore Presents the War of the Spider Queen)","Resurrection: War of the Spider Queen, Book VI (R....",unknown,10,10.4,208.0,4,-6,False,20,0.0
A9F8MY28BOO1D,The third body : a novel,The third body : a novel,unknown,11,10.2,204.0,18,7,False,20,0.0
A9F8MY28BOO1D,Field Guide to the Wild Orchids of Texas,Field Guide to the Wild Orchids of Texas,unknown,12,9.6,192.0,14,2,False,20,0.0
A9F8MY28BOO1D,From the Pulpit to the Pigsty to the Palace,From the Pulpit to the Pigsty to the Palace,unknown,13,9.0,180.0,10,-3,False,20,0.0
A9F8MY28BOO1D,"Wind on the buffalo grass: The Indians own account of the Battle at the Little Big Horn River, & the death of their life on the Plains",Wind on the buffalo grass: The Indians own account...,unknown,14,8.75,175.0,6,-8,False,20,0.0
A9F8MY28BOO1D,Unit Omega,Unit Omega,unknown,15,8.65,173.0,15,0,False,20,0.0
A9F8MY28BOO1D,Battle for Forever: Prelude,Battle for Forever: Prelude,unknown,16,8.3,166.0,0,-16,False,20,0.0
A9F8MY28BOO1D,Magento 1.4 Theming Cookbook,Magento 1.4 Theming Cookbook,unknown,17,8.25,165.0,7,-10,False,20,0.0
A9F8MY28BOO1D,Rude Awakenings,Rude Awakenings,unknown,18,8.1,162.0,11,-7,False,20,0.0
A9F8MY28BOO1D,Petite Pattern Book - Check & Knit (Bnn Pattern Book Series),Petite Pattern Book - Check & Knit (Bnn Pattern Bo...,unknown,19,7.45,149.0,1,-18,False,20,0.0
A9F8MY28BOO1D,Salvation (And How We Got It Wrong),Salvation (And How We Got It Wrong),unknown,20,7.2,144.0,2,-18,False,20,0.0
A3GSRO8H4WMICB,New Atkins for a New You: The Ultimate Diet for Shedding Weight and Feeling Great.,New Atkins for a New You: The Ultimate Diet for Sh...,unknown,1,16.75,335.0,13,12,True,20,1.0
A3GSRO8H4WMICB,Last Chance to See,Last Chance to See,unknown,2,14.2,284.0,7,5,False,20,1.0
A3GSRO8H4WMICB,The Complete Guide to Robert's Rules of Order Made Easy: Everything You Need to Know Explained Simply,The Complete Guide to Robert's Rules of Order Made...,unknown,3,13.4,268.0,12,9,False,20,1.0
A3GSRO8H4WMICB,The Searchers (BFI Film Classics),The Searchers (BFI Film Classics),unknown,4,12.95,259.0,0,-4,False,20,1.0
A3GSRO8H4WMICB,Book of Words: An Entertaining Look at Words and How We Have Come to Use Them,Book of Words: An Entertaining Look at Words and H...,unknown,5,12.85,257.0,5,0,False,20,1.0
A3GSRO8H4WMICB,The Juice Lady's Guide To Juicing for Health: Unleashing the Healing Power of Whole Fruits and Vegetables Revised Edition,The Juice Lady's Guide To Juicing for Health: Unle...,unknown,6,12.8,256.0,4,-2,False,20,1.0
A3GSRO8H4WMICB,"Graven Images: New England Stonecarving and its Symbols, 1650–1815",Graven Images: New England Stonecarving and its Sy...,unknown,7,12.65,253.0,17,10,False,20,1.0
A3GSRO8H4WMICB,Jumbo Variety Puzzles Extravaganza!,Jumbo Variety Puzzles Extravaganza!,unknown,8,11.35,227.0,14,6,False,20,1.0
A3GSRO8H4WMICB,Family Life: An Inspector Starrett Mystery,Family Life: An Inspector Starrett Mystery,unknown,9,10.95,219.0,1,-8,False,20,1.0
A3GSRO8H4WMICB,Robert E. Lee: An Album,Robert E. Lee: An Album,unknown,10,10.35,207.0,19,9,False,20,1.0
A3GSRO8H4WMICB,"Atlas of Cork City (Atlas Series, 3)","Atlas of Cork City (Atlas Series, 3)",unknown,11,10.0,200.0,9,-2,False,20,1.0
A3GSRO8H4WMICB,"Life's Best Chapter, Retirement","Life's Best Chapter, Retirement",unknown,12,9.35,187.0,3,-9,False,20,1.0
A3GSRO8H4WMICB,Apocalypsis: Book 2 (Warpaint),Apocalypsis: Book 2 (Warpaint),unknown,13,8.7,174.0,10,-3,False,20,1.0
A3GSRO8H4WMICB,Epanouissement de L'Enfant Doue (L') (Collections Psychologie) (French Edition),Epanouissement de L'Enfant Doue (L') (Collections ...,unknown,14,8.6,172.0,11,-3,False,20,1.0
A3GSRO8H4WMICB,Dick Donovan: The Glasgow Detective,Dick Donovan: The Glasgow Detective,unknown,15,8.35,167.0,18,3,False,20,1.0
A3GSRO8H4WMICB,Tactical Display (Mekton RPG),Tactical Display (Mekton RPG),unknown,16,8.3,166.0,8,-8,False,20,1.0
A3GSRO8H4WMICB,The Three Snow Bears,The Three Snow Bears,unknown,17,7.45,149.0,16,-1,False,20,1.0
A3GSRO8H4WMICB,Supervillainous!: Confessions of a Costumed Evil-doer,Supervillainous!: Confessions of a Costumed Evil-d...,unknown,18,7.4,148.0,6,-12,False,20,1.0
A3GSRO8H4WMICB,In Blood and Worth Loving,In Blood and Worth Loving,unknown,19,7.05,141.0,2,-17,False,20,1.0
A3GSRO8H4WMICB,Italian Medieval Armies 1300–1500 (Men-at-Arms),Italian Medieval Armies 1300–1500 (Men-at-Arms),unknown,20,6.55,131.0,15,-5,False,20,1.0
AQYM7Q42F4C87,Of Beetles and Angels: A Boy's Remarkable Journey from a Refugee Camp to Harvard,Of Beetles and Angels: A Boy's Remarkable Journey ...,unknown,1,17.6,352.0,2,1,False,20,0.6309297535714575
AQYM7Q42F4C87,Ready Player One,Ready Player One,unknown,2,14.95,299.0,1,-1,True,20,0.6309297535714575
AQYM7Q42F4C87,The Lone Wolf And the Bear: Three Centuries of Chechen Defiance of Russian Rule,The Lone Wolf And the Bear: Three Centuries of Che...,unknown,3,12.8,256.0,10,7,False,20,0.6309297535714575
AQYM7Q42F4C87,"Ben-Hur: A Tale of the Christ, by Lew Wallace, Spencer Press (World’s Greatest Literature, Vol. 10)","Ben-Hur: A Tale of the Christ, by Lew Wallace, Spe...",unknown,4,12.75,255.0,17,13,False,20,0.6309297535714575
AQYM7Q42F4C87,Anything For His Children (Families Are Forever),Anything For His Children (Families Are Forever),unknown,5,12.6,252.0,0,-5,False,20,0.6309297535714575
AQYM7Q42F4C87,In the Shadow of the Dragonfly,In the Shadow of the Dragonfly,unknown,6,12.6,252.0,5,-1,False,20,0.6309297535714575
AQYM7Q42F4C87,Getting Over It God's Way: Rebuilding the Ruins of Your Wounded Heart,Getting Over It God's Way: Rebuilding the Ruins of...,unknown,7,11.55,231.0,7,0,False,20,0.6309297535714575
AQYM7Q42F4C87,"Spice and Wolf, Vol. 4 - manga","Spice and Wolf, Vol. 4 - manga",unknown,8,10.85,217.0,6,-2,False,20,0.6309297535714575
AQYM7Q42F4C87,The 5th Amulet,The 5th Amulet,unknown,9,10.25,205.0,8,-1,False,20,0.6309297535714575
AQYM7Q42F4C87,Hard Knocks,Hard Knocks,unknown,10,9.75,195.0,14,4,False,20,0.6309297535714575
AQYM7Q42F4C87,Rockabilly: Guitar Play-Along Volume 20,Rockabilly: Guitar Play-Along Volume 20,unknown,11,9.45,189.0,4,-7,False,20,0.6309297535714575
AQYM7Q42F4C87,You Will Never Run Out of Jesus,You Will Never Run Out of Jesus,unknown,12,9.3,186.0,19,7,False,20,0.6309297535714575
AQYM7Q42F4C87,"First World, Ha, Ha, Ha!","First World, Ha, Ha, Ha!",unknown,13,9.2,184.0,9,-4,False,20,0.6309297535714575
AQYM7Q42F4C87,Explore It: Earthquakes and Volcanoes,Explore It: Earthquakes and Volcanoes,unknown,14,9.0,180.0,11,-3,False,20,0.6309297535714575
AQYM7Q42F4C87,The Medicaid Handbook 2008- Protecting Your Assets From Nursing Home Costs,The Medicaid Handbook 2008- Protecting Your Assets...,unknown,15,8.55,171.0,13,-2,False,20,0.6309297535714575
AQYM7Q42F4C87,Flight Instructor's Manual,Flight Instructor's Manual,unknown,16,8.35,167.0,3,-13,False,20,0.6309297535714575
AQYM7Q42F4C87,"Geometry, Student Edition (MERRILL GEOMETRY)","Geometry, Student Edition (MERRILL GEOMETRY)",unknown,17,8.1,162.0,18,1,False,20,0.6309297535714575
AQYM7Q42F4C87,Wars Against Napoleon: Debunking the Myth of the Napoleonic Wars,Wars Against Napoleon: Debunking the Myth of the N...,unknown,18,8.1,162.0,15,-3,False,20,0.6309297535714575
AQYM7Q42F4C87,Poemas: Breve selección (Poesía) (Spanish Edition),Poemas: Breve selección (Poesía) (Spanish Edition),unknown,19,7.6,152.0,12,-7,False,20,0.6309297535714575
AQYM7Q42F4C87,Management Auditor Trainee (Career Examination Series),Management Auditor Trainee (Career Examination Ser...,unknown,20,6.65,133.0,16,-4,False,20,0.6309297535714575
A3UM6L2OK9KKW4,Rebel: A Novel (The Brides of Alba Series),Rebel: A Novel (The Brides of Alba Series),unknown,1,14.95,299.0,0,-1,False,20,1.0
A3UM6L2OK9KKW4,The Husband's Secret,The Husband's Secret,unknown,2,14.75,295.0,9,7,True,20,1.0
A3UM6L2OK9KKW4,The Cross and the Prodigal: Luke 15 Through the Eyes of Middle Eastern Peasants,The Cross and the Prodigal: Luke 15 Through the Ey...,unknown,3,13.3,266.0,1,-2,False,20,1.0
A3UM6L2OK9KKW4,Famous Florida Recipes: 300 Years of Good Eating,Famous Florida Recipes: 300 Years of Good Eating,unknown,4,11.8,236.0,16,12,False,20,1.0
A3UM6L2OK9KKW4,I Thought I'd Be Done by Now: Hope and Help for Mothers of Adult Children Searching for Peace,I Thought I'd Be Done by Now: Hope and Help for Mo...,unknown,5,11.55,231.0,17,12,False,20,1.0
A3UM6L2OK9KKW4,"Hope, the Angelfish","Hope, the Angelfish",unknown,6,11.25,225.0,5,-1,False,20,1.0
A3UM6L2OK9KKW4,Trademark & Unfair Competition in the New Technological Age (Aspen Casebook Series),Trademark & Unfair Competition in the New Technolo...,unknown,7,11.1,222.0,15,8,False,20,1.0
A3UM6L2OK9KKW4,America's Dates With Destiny,America's Dates With Destiny,unknown,8,10.75,215.0,8,0,False,20,1.0
A3UM6L2OK9KKW4,Moomin's Lift-The-Flap Hide and Seek: with Big Flaps for Little Hands,Moomin's Lift-The-Flap Hide and Seek: with Big Fla...,unknown,9,10.7,214.0,6,-3,False,20,1.0
A3UM6L2OK9KKW4,"The Metropolitan Museum of Art: Metropolitan Cats (Paintings, Sculpture, Prints, Drawings, Book Illustrations, Needlework, Lacquers, and Ceramics)",The Metropolitan Museum of Art: Metropolitan Cats ...,unknown,10,10.4,208.0,13,3,False,20,1.0
A3UM6L2OK9KKW4,"Going for Broke: How Robert Campeau Bankrupted the Retail Industry, Jolted the Junk Bond Market, and Brought the Booming 80s to a Crash",Going for Broke: How Robert Campeau Bankrupted the...,unknown,11,10.35,207.0,7,-4,False,20,1.0
A3UM6L2OK9KKW4,Illustrated Dictionary of Architecture,Illustrated Dictionary of Architecture,unknown,12,10.25,205.0,19,7,False,20,1.0
A3UM6L2OK9KKW4,ANALYZING SHORT STORIES,ANALYZING SHORT STORIES,unknown,13,10.1,202.0,4,-9,False,20,1.0
A3UM6L2OK9KKW4,Self Defense Laws of All 50 States (2nd Edition),Self Defense Laws of All 50 States (2nd Edition),unknown,14,9.5,190.0,3,-11,False,20,1.0
A3UM6L2OK9KKW4,Good Little Wolf,Good Little Wolf,unknown,15,9.0,180.0,12,-3,False,20,1.0
A3UM6L2OK9KKW4,The Art of X2: The Making of the Blockbuster Movie (Pictorial Moviebook),The Art of X2: The Making of the Blockbuster Movie...,unknown,16,8.6,172.0,2,-14,False,20,1.0
A3UM6L2OK9KKW4,Backup 2 Disk Now! Advanced Design and Scalability Guide for Backup for Workgroups(TM),Backup 2 Disk Now! Advanced Design and Scalability...,unknown,17,8.1,162.0,10,-7,False,20,1.0
A3UM6L2OK9KKW4,Communion in the Hand: Documents and History,Communion in the Hand: Documents and History,unknown,18,8.1,162.0,14,-4,False,20,1.0
A3UM6L2OK9KKW4,Ecg: Pocket,Ecg: Pocket,unknown,19,8.0,160.0,18,-1,False,20,1.0
A3UM6L2OK9KKW4,Mel Bay Music of the North American Indians for Acoustic Guitar Book/CD set,Mel Bay Music of the North American Indians for Ac...,unknown,20,7.45,149.0,11,-9,False,20,1.0
A8HH3AZAAZDV4,20/20 Foresight: Crafting Strategy in an Uncertain World,20/20 Foresight: Crafting Strategy in an Uncertain...,unknown,1,15.85,317.0,11,10,False,20,0.43067655807339306
A8HH3AZAAZDV4,Communication and Organizational Crisis,Communication and Organizational Crisis,unknown,2,15.1,302.0,8,6,False,20,0.43067655807339306
A8HH3AZAAZDV4,A Box of Matches: A Novel,A Box of Matches: A Novel,unknown,3,14.8,296.0,19,16,False,20,0.43067655807339306
A8HH3AZAAZDV4,Nursing Leadership and Management: A Practical Guide,Nursing Leadership and Management: A Practical Gui...,unknown,4,14.3,286.0,17,13,True,20,0.43067655807339306
A8HH3AZAAZDV4,Ed Emberley's Big Red Drawing Book (Ed Emberley's Big Series),Ed Emberley's Big Red Drawing Book (Ed Emberley's ...,unknown,5,12.1,242.0,10,5,False,20,0.43067655807339306
A8HH3AZAAZDV4,Victorian London: The Tale of a City 1840--1870,Victorian London: The Tale of a City 1840--1870,unknown,6,12.05,241.0,9,3,False,20,0.43067655807339306
A8HH3AZAAZDV4,A Little Magic,A Little Magic,unknown,7,11.35,227.0,7,0,False,20,0.43067655807339306
A8HH3AZAAZDV4,Cryptographic Libraries for Developers (Programming Series),Cryptographic Libraries for Developers (Programmin...,unknown,8,11.15,223.0,12,4,False,20,0.43067655807339306
A8HH3AZAAZDV4,The Fourth Amendment: Its History and Interpretation,The Fourth Amendment: Its History and Interpretati...,unknown,9,10.8,216.0,3,-6,False,20,0.43067655807339306
A8HH3AZAAZDV4,More than Petticoats: Remarkable Utah Women (More than Petticoats Series),More than Petticoats: Remarkable Utah Women (More ...,unknown,10,10.25,205.0,14,4,False,20,0.43067655807339306
A8HH3AZAAZDV4,Molecular Origami: Precision Scale Models from Paper,Molecular Origami: Precision Scale Models from Pap...,unknown,11,9.7,194.0,13,2,False,20,0.43067655807339306
A8HH3AZAAZDV4,Meet Annie Angel,Meet Annie Angel,unknown,12,9.5,190.0,5,-7,False,20,0.43067655807339306
A8HH3AZAAZDV4,Guinness World Records Gamers Edition 2011,Guinness World Records Gamers Edition 2011,unknown,13,9.3,186.0,15,2,False,20,0.43067655807339306
A8HH3AZAAZDV4,Goldfish Guide,Goldfish Guide,unknown,14,8.85,177.0,18,4,False,20,0.43067655807339306
A8HH3AZAAZDV4,Deadly Fighting Skills of the World,Deadly Fighting Skills of the World,unknown,15,8.5,170.0,2,-13,False,20,0.43067655807339306
A8HH3AZAAZDV4,Burt Munro Indian Legend of Speed,Burt Munro Indian Legend of Speed,unknown,16,8.0,160.0,16,0,False,20,0.43067655807339306
A8HH3AZAAZDV4,Death Knocks Three Times,Death Knocks Three Times,unknown,17,7.9,158.0,0,-17,False,20,0.43067655807339306
A8HH3AZAAZDV4,Jess (American Girl Today),Jess (American Girl Today),unknown,18,7.5,150.0,4,-14,False,20,0.43067655807339306
A8HH3AZAAZDV4,The Tennis Hustler,The Tennis Hustler,unknown,19,6.85,137.0,1,-18,False,20,0.43067655807339306
A8HH3AZAAZDV4,"Saxon Math 6/5: Homeschool- Solutions Manual, 3rd Edition","Saxon Math 6/5: Homeschool- Solutions Manual, 3rd ...",unknown,20,6.15,123.0,6,-14,False,20,0.43067655807339306
A1YC6XVUUNCTC,Isle Of Palms: A Lowcountry Tale,Isle Of Palms: A Lowcountry Tale,unknown,1,15.3,306.0,12,11,False,20,0.38685280723454163
A1YC6XVUUNCTC,"Jekyll Says ...: Good Deeds Cats Do That You Should, Too!",Jekyll Says ...: Good Deeds Cats Do That You Shoul...,unknown,2,14.0,280.0,15,13,False,20,0.38685280723454163
A1YC6XVUUNCTC,Bewitched Forever: 40th Anniversary Edition,Bewitched Forever: 40th Anniversary Edition,unknown,3,13.1,262.0,5,2,False,20,0.38685280723454163
A1YC6XVUUNCTC,The Other Side of Longing,The Other Side of Longing,unknown,4,12.7,254.0,1,-3,False,20,0.38685280723454163
A1YC6XVUUNCTC,Reluctant Smuggler (To Catch a Thief Series #3),Reluctant Smuggler (To Catch a Thief Series #3),unknown,5,12.65,253.0,17,12,False,20,0.38685280723454163
A1YC6XVUUNCTC,Allegiant,Allegiant,unknown,6,12.4,248.0,11,5,True,20,0.38685280723454163
A1YC6XVUUNCTC,Leaving The Farm,Leaving The Farm,unknown,7,11.85,237.0,16,9,False,20,0.38685280723454163
A1YC6XVUUNCTC,Mao: A Life,Mao: A Life,unknown,8,10.7,214.0,2,-6,False,20,0.38685280723454163
A1YC6XVUUNCTC,"Richard Wagner: His life, art and thought","Richard Wagner: His life, art and thought",unknown,9,10.45,209.0,10,1,False,20,0.38685280723454163
A1YC6XVUUNCTC,Police Assessment Testing: An Assessment Center Handbook for Law Enforcement Personnel,Police Assessment Testing: An Assessment Center Ha...,unknown,10,10.45,209.0,18,8,False,20,0.38685280723454163
A1YC6XVUUNCTC,Streetwise Tuscany,Streetwise Tuscany,unknown,11,10.4,208.0,19,8,False,20,0.38685280723454163
A1YC6XVUUNCTC,The Dark Invader: Wartime Reminiscences of a German Naval Intelligence Officer (Classics of Espionage),The Dark Invader: Wartime Reminiscences of a Germa...,unknown,12,10.35,207.0,14,2,False,20,0.38685280723454163
A1YC6XVUUNCTC,Pro BizTalk 2006 (Expert's Voice),Pro BizTalk 2006 (Expert's Voice),unknown,13,9.95,199.0,4,-9,False,20,0.38685280723454163
A1YC6XVUUNCTC,Between One Future and the Next,Between One Future and the Next,unknown,14,9.65,193.0,6,-8,False,20,0.38685280723454163
A1YC6XVUUNCTC,Great Britain Concise 2013,Great Britain Concise 2013,unknown,15,8.65,173.0,8,-7,False,20,0.38685280723454163
A1YC6XVUUNCTC,"Wasps, the Poet and the Women the Frogs","Wasps, the Poet and the Women the Frogs",unknown,16,8.05,161.0,7,-9,False,20,0.38685280723454163
A1YC6XVUUNCTC,Iowa Birds,Iowa Birds,unknown,17,7.75,155.0,13,-4,False,20,0.38685280723454163
A1YC6XVUUNCTC,Reduced,Reduced,unknown,18,7.55,151.0,0,-18,False,20,0.38685280723454163
A1YC6XVUUNCTC,LES DIABOLIQUES D'AUREVILLY,LES DIABOLIQUES D'AUREVILLY,unknown,19,7.5,150.0,3,-16,False,20,0.38685280723454163
A1YC6XVUUNCTC,New Jersey ASK 8 Science Test (Barron's Test Prep NJ),New Jersey ASK 8 Science Test (Barron's Test Prep ...,unknown,20,6.55,131.0,9,-11,False,20,0.38685280723454163
AX41TTHQLWY70,Touch & Go (Detective D. D. Warren),Touch & Go (Detective D. D. Warren),unknown,1,14.2,284.0,12,11,True,20,0.6309297535714575
AX41TTHQLWY70,"The Prediabetes Detox: A Whole-Body Program to Balance Your Blood Sugar, Increase Energy, and Reduce Sugar Cravings",The Prediabetes Detox: A Whole-Body Program to Bal...,unknown,2,14.1,282.0,17,15,False,20,0.6309297535714575
AX41TTHQLWY70,Wild Costa Rica: The Wildlife and Landscapes of Costa Rica (The MIT Press),Wild Costa Rica: The Wildlife and Landscapes of Co...,unknown,3,13.2,264.0,2,-1,False,20,0.6309297535714575
AX41TTHQLWY70,Alison's Wonderland,Alison's Wonderland,unknown,4,13.1,262.0,19,15,False,20,0.6309297535714575
AX41TTHQLWY70,Angel Signs: A Celestial Guide to the Powers of Your Own Guardian Angel,Angel Signs: A Celestial Guide to the Powers of Yo...,unknown,5,12.55,251.0,10,5,False,20,0.6309297535714575
AX41TTHQLWY70,"Instant Expert: Collecting Lucky Coins, Tokens, and Medals","Instant Expert: Collecting Lucky Coins, Tokens, an...",unknown,6,11.3,226.0,6,0,False,20,0.6309297535714575
AX41TTHQLWY70,"CrunchTime: Contracts, Fifth Edition","CrunchTime: Contracts, Fifth Edition",unknown,7,11.2,224.0,18,11,False,20,0.6309297535714575
AX41TTHQLWY70,"Portugal's Guerrilla Wars in Africa: Lisbon's Three Wars in Angola, Mozambique and Portuguese Guinea 1961-74",Portugal's Guerrilla Wars in Africa: Lisbon's Thre...,unknown,8,11.05,221.0,11,3,False,20,0.6309297535714575
AX41TTHQLWY70,Hurricane Elaine,Hurricane Elaine,unknown,9,10.8,216.0,4,-5,False,20,0.6309297535714575
AX41TTHQLWY70,The Abkhazians: A Handbook (Peoples of the Caucasus Handbooks),The Abkhazians: A Handbook (Peoples of the Caucasu...,unknown,10,10.7,214.0,16,6,False,20,0.6309297535714575
AX41TTHQLWY70,Patterns of Illusion and Change,Patterns of Illusion and Change,unknown,11,10.35,207.0,3,-8,False,20,0.6309297535714575
AX41TTHQLWY70,Hacking For Beginners - a beginners guide for learning hacking (Original),Hacking For Beginners - a beginners guide for lear...,unknown,12,9.9,198.0,0,-12,False,20,0.6309297535714575
AX41TTHQLWY70,At the Lord's Table: Communion Prayers for All Seasons,At the Lord's Table: Communion Prayers for All Sea...,unknown,13,9.85,197.0,14,1,False,20,0.6309297535714575
AX41TTHQLWY70,The Essential Dale Wood: 40 Classic Hymn Tune Settings for Organ,The Essential Dale Wood: 40 Classic Hymn Tune Sett...,unknown,14,9.8,196.0,15,1,False,20,0.6309297535714575
AX41TTHQLWY70,BEST AND WORST TRAVELS,BEST AND WORST TRAVELS,unknown,15,9.25,185.0,13,-2,False,20,0.6309297535714575
AX41TTHQLWY70,Introduction to Transportation Engineering,Introduction to Transportation Engineering,unknown,16,8.45,169.0,9,-7,False,20,0.6309297535714575
AX41TTHQLWY70,The Way Things Are: The De Rerum Natura of Titus Lucretius Carus,The Way Things Are: The De Rerum Natura of Titus L...,unknown,17,8.3,166.0,1,-16,False,20,0.6309297535714575
AX41TTHQLWY70,Eight Animals Play Ball,Eight Animals Play Ball,unknown,18,7.9,158.0,7,-11,False,20,0.6309297535714575
AX41TTHQLWY70,"Thoughts of home: Reflections on families, houses, and homelands from the pages of House beautiful magazine","Thoughts of home: Reflections on families, houses,...",unknown,19,7.4,148.0,8,-11,False,20,0.6309297535714575
AX41TTHQLWY70,A Separate Peace (Cliffs Notes),A Separate Peace (Cliffs Notes),unknown,20,6.6,132.0,5,-15,False,20,0.6309297535714575
A3MM7I7Y88ENY2,Daring Diplomacy: Clinton's Secret Search for Peace in Ireland,Daring Diplomacy: Clinton's Secret Search for Peac...,unknown,1,15.05,301.0,9,8,False,20,0.38685280723454163
A3MM7I7Y88ENY2,Persia and the Greeks: The Defence of the West C546-478 B.C.,Persia and the Greeks: The Defence of the West C54...,unknown,2,14.55,291.0,18,16,False,20,0.38685280723454163
A3MM7I7Y88ENY2,"Return to Sandahl: A compendium of short stories set in the town of Sandahl, in the Lands of Methanasia, on the World of Pearl (Troubadour Tales of Methanasia)",Return to Sandahl: A compendium of short stories s...,unknown,3,13.9,278.0,10,7,False,20,0.38685280723454163
A3MM7I7Y88ENY2,The Bear Dogs of Katahdin: And Other Recollections of a Baxter State Park Ranger,The Bear Dogs of Katahdin: And Other Recollections...,unknown,4,13.9,278.0,6,2,False,20,0.38685280723454163
A3MM7I7Y88ENY2,Careless Love: The Unmaking of Elvis Presley,Careless Love: The Unmaking of Elvis Presley,unknown,5,13.7,274.0,14,9,True,20,0.38685280723454163
A3MM7I7Y88ENY2,Winning at Collective Bargaining: Strategies Everyone Can Live With,Winning at Collective Bargaining: Strategies Every...,unknown,6,12.45,249.0,5,-1,False,20,0.38685280723454163
A3MM7I7Y88ENY2,Dying from Dioxin: A Citizen's Guide to Reclaiming our Health and Rebuilding Democracy,Dying from Dioxin: A Citizen's Guide to Reclaiming...,unknown,7,12.0,240.0,0,-7,False,20,0.38685280723454163
A3MM7I7Y88ENY2,Dirty Wounds,Dirty Wounds,unknown,8,10.85,217.0,2,-6,False,20,0.38685280723454163
A3MM7I7Y88ENY2,How Yoga Works,How Yoga Works,unknown,9,10.55,211.0,17,8,False,20,0.38685280723454163
A3MM7I7Y88ENY2,The Play Room,The Play Room,unknown,10,10.15,203.0,19,9,False,20,0.38685280723454163
A3MM7I7Y88ENY2,The Political Culture of the American Whigs,The Political Culture of the American Whigs,unknown,11,9.9,198.0,8,-3,False,20,0.38685280723454163
A3MM7I7Y88ENY2,"The Twelve Minor Prophets, Volume 1...","The Twelve Minor Prophets, Volume 1...",unknown,12,9.15,183.0,16,4,False,20,0.38685280723454163
A3MM7I7Y88ENY2,"Basara, Vol. 1","Basara, Vol. 1",unknown,13,8.95,179.0,15,2,False,20,0.38685280723454163
A3MM7I7Y88ENY2,"MEMS/MOEM Packaging: Concepts, Designs, Materials and Processes (Mcgraw-Hill Nanoscience and Technology)","MEMS/MOEM Packaging: Concepts, Designs, Materials ...",unknown,14,8.95,179.0,11,-3,False,20,0.38685280723454163
A3MM7I7Y88ENY2,THE NEVER WIFE,THE NEVER WIFE,unknown,15,8.65,173.0,4,-11,False,20,0.38685280723454163
A3MM7I7Y88ENY2,Born Fi' Dead,Born Fi' Dead,unknown,16,8.3,166.0,13,-3,False,20,0.38685280723454163
A3MM7I7Y88ENY2,A Trick of Sunlight: Poems,A Trick of Sunlight: Poems,unknown,17,8.25,165.0,12,-5,False,20,0.38685280723454163
A3MM7I7Y88ENY2,"Pocket Bi-Lingual Dictionary Hebrew English, English hebrew","Pocket Bi-Lingual Dictionary Hebrew English, Engli...",unknown,18,7.2,144.0,1,-17,False,20,0.38685280723454163
A3MM7I7Y88ENY2,Avril Lavigne: Celebrity With Heart (Celebrities With Heart),Avril Lavigne: Celebrity With Heart (Celebrities W...,unknown,19,6.8,136.0,3,-16,False,20,0.38685280723454163
A3MM7I7Y88ENY2,Harley-Davidson 2010,Harley-Davidson 2010,unknown,20,6.75,135.0,7,-13,False,20,0.38685280723454163
A23MBQRAQ9TKI6,"Screenwriting: The Art, Craft, and Business of Film and Television Writing","Screenwriting: The Art, Craft, and Business of Fil...",unknown,1,17.65,353.0,3,2,False,20,0.6309297535714575
A23MBQRAQ9TKI6,Daughter of Time: A Time Travel Romance,Daughter of Time: A Time Travel Romance,unknown,2,16.05,321.0,5,3,True,20,0.6309297535714575
A23MBQRAQ9TKI6,The Last Queen of England: A Genealogical Crime Mystery #3 (Jefferson Tayte),The Last Queen of England: A Genealogical Crime My...,unknown,3,15.3,306.0,8,5,False,20,0.6309297535714575
A23MBQRAQ9TKI6,A Creative Guide to Crochet,A Creative Guide to Crochet,unknown,4,12.3,246.0,7,3,False,20,0.6309297535714575
A23MBQRAQ9TKI6,"The Roots of Consciousness: Psychic Liberation Through History, Science, and Experience",The Roots of Consciousness: Psychic Liberation Thr...,unknown,5,12.05,241.0,17,12,False,20,0.6309297535714575
A23MBQRAQ9TKI6,Jesse Owens: Fastest Man Alive,Jesse Owens: Fastest Man Alive,unknown,6,11.95,239.0,18,12,False,20,0.6309297535714575
A23MBQRAQ9TKI6,"Steel Rain, the Mission: Gold and Nuclear Weapons Detected in Norway Fjords trigger a covert war","Steel Rain, the Mission: Gold and Nuclear Weapons ...",unknown,7,11.0,220.0,4,-3,False,20,0.6309297535714575
A23MBQRAQ9TKI6,Eating the Dinosaur,Eating the Dinosaur,unknown,8,11.0,220.0,15,7,False,20,0.6309297535714575
A23MBQRAQ9TKI6,The Master of Happy Endings,The Master of Happy Endings,unknown,9,10.05,201.0,13,4,False,20,0.6309297535714575
A23MBQRAQ9TKI6,Medieval Drama,Medieval Drama,unknown,10,9.85,197.0,1,-9,False,20,0.6309297535714575
A23MBQRAQ9TKI6,The Daily Practices of Successful Principals,The Daily Practices of Successful Principals,unknown,11,9.8,196.0,6,-5,False,20,0.6309297535714575
A23MBQRAQ9TKI6,A Guide to Documentary Editing,A Guide to Documentary Editing,unknown,12,9.25,185.0,19,7,False,20,0.6309297535714575
A23MBQRAQ9TKI6,"The New Interpreter's Bible: General Articles & Introduction, Commentary, & Reflections for Each Book of the Bible Including the Apocryphal/Deuterca: 1",The New Interpreter's Bible: General Articles & In...,unknown,13,9.1,182.0,11,-2,False,20,0.6309297535714575
A23MBQRAQ9TKI6,Curious Baby My Curious Dreamer Gift Set (Curious George Book & Blankie) (Curious Baby Curious George),Curious Baby My Curious Dreamer Gift Set (Curious ...,unknown,14,9.1,182.0,14,0,False,20,0.6309297535714575
A23MBQRAQ9TKI6,My Special Angel,My Special Angel,unknown,15,8.95,179.0,10,-5,False,20,0.6309297535714575
A23MBQRAQ9TKI6,Build With Beakman: Electronic Intercom,Build With Beakman: Electronic Intercom,unknown,16,7.55,151.0,12,-4,False,20,0.6309297535714575
A23MBQRAQ9TKI6,Monterey Bay Aquarium,Monterey Bay Aquarium,unknown,17,7.45,149.0,2,-15,False,20,0.6309297535714575
A23MBQRAQ9TKI6,Programming Microsoft Visual C++,Programming Microsoft Visual C++,unknown,18,7.35,147.0,0,-18,False,20,0.6309297535714575
A23MBQRAQ9TKI6,The Taxis of the Marne,The Taxis of the Marne,unknown,19,7.15,143.0,16,-3,False,20,0.6309297535714575
A23MBQRAQ9TKI6,Webster's Randomness,Webster's Randomness,unknown,20,7.1,142.0,9,-11,False,20,0.6309297535714575
A12OALV7NUI50,Even Cowgirls Get the Blues: A Novel,Even Cowgirls Get the Blues: A Novel,unknown,1,17.25,345.0,15,14,False,20,0.6309297535714575
A12OALV7NUI50,Tethered (An Accidentally On Purpose Companion Novel),Tethered (An Accidentally On Purpose Companion Nov...,unknown,2,16.35,327.0,1,-1,True,20,0.6309297535714575
A12OALV7NUI50,Innocence: A Novel,Innocence: A Novel,unknown,3,16.15,323.0,19,16,False,20,0.6309297535714575
A12OALV7NUI50,Waiting For Daylight,Waiting For Daylight,unknown,4,14.85,297.0,0,-4,False,20,0.6309297535714575
A12OALV7NUI50,Auracle,Auracle,unknown,5,13.95,279.0,12,7,False,20,0.6309297535714575
A12OALV7NUI50,Every Action (The Gifted Realm),Every Action (The Gifted Realm),unknown,6,13.2,264.0,4,-2,False,20,0.6309297535714575
A12OALV7NUI50,The Moaner's Bench: A Novel,The Moaner's Bench: A Novel,unknown,7,11.85,237.0,17,10,False,20,0.6309297535714575
A12OALV7NUI50,Who Are You Calling A Woolly Mammoth (America's Funny But True History),Who Are You Calling A Woolly Mammoth (America's Fu...,unknown,8,10.9,218.0,16,8,False,20,0.6309297535714575
A12OALV7NUI50,New Ways to Kill Your Mother: Writers and Their Families,New Ways to Kill Your Mother: Writers and Their Fa...,unknown,9,10.5,210.0,5,-4,False,20,0.6309297535714575
A12OALV7NUI50,Hawaiian Uke Tunebook,Hawaiian Uke Tunebook,unknown,10,10.05,201.0,10,0,False,20,0.6309297535714575
A12OALV7NUI50,Best Junior Handler!: A Guide to Showing Successfully in Junior Showmanship,Best Junior Handler!: A Guide to Showing Successfu...,unknown,11,9.4,188.0,3,-8,False,20,0.6309297535714575
A12OALV7NUI50,Yum Yums & Num Nums,Yum Yums & Num Nums,unknown,12,9.05,181.0,8,-4,False,20,0.6309297535714575
A12OALV7NUI50,"Normal: Transsexual CEOs, Crossdressing Cops, and Hermaphrodites with Attitude","Normal: Transsexual CEOs, Crossdressing Cops, and ...",unknown,13,8.55,171.0,2,-11,False,20,0.6309297535714575
A12OALV7NUI50,The Rector Cookbook Compliments of Milwaukee Road Railroad,The Rector Cookbook Compliments of Milwaukee Road ...,unknown,14,8.3,166.0,14,0,False,20,0.6309297535714575
A12OALV7NUI50,Bambi Read-Along Storybook and CD,Bambi Read-Along Storybook and CD,unknown,15,8.2,164.0,18,3,False,20,0.6309297535714575
A12OALV7NUI50,My wild youth in Gloucestershire,My wild youth in Gloucestershire,unknown,16,7.5,150.0,13,-3,False,20,0.6309297535714575
A12OALV7NUI50,"Good Clinical Practice: A Question & Answer Reference Guide, May 2012",Good Clinical Practice: A Question & Answer Refere...,unknown,17,7.5,150.0,7,-10,False,20,0.6309297535714575
A12OALV7NUI50,"The Dead Man Vol 2: The Dead Woman, Blood Mesa, and Kill Them All","The Dead Man Vol 2: The Dead Woman, Blood Mesa, an...",unknown,18,6.25,125.0,6,-12,False,20,0.6309297535714575
A12OALV7NUI50,Windsock Datafile No. 119 - Hansa Brandenburg W.13,Windsock Datafile No. 119 - Hansa Brandenburg W.13,unknown,19,5.1,102.0,11,-8,False,20,0.6309297535714575
A12OALV7NUI50,The Encyclopedia of Flower Arranging Techniques,The Encyclopedia of Flower Arranging Techniques,unknown,20,5.1,102.0,9,-11,False,20,0.6309297535714575
A2SRV4G52JNYQR,Bluegrass Breakdown: The Making of the Old Southern Sound (Music in American Life),Bluegrass Breakdown: The Making of the Old Souther...,unknown,1,13.55,271.0,2,1,False,20,0.38685280723454163
A2SRV4G52JNYQR,Remixing the Civil War: Meditations on the Sesquicentennial,Remixing the Civil War: Meditations on the Sesquic...,unknown,2,13.25,265.0,6,4,False,20,0.38685280723454163
A2SRV4G52JNYQR,"Design for Special Events: 500 of the Best Logos, Invitations, and Graphics","Design for Special Events: 500 of the Best Logos, ...",unknown,3,13.1,262.0,18,15,False,20,0.38685280723454163
A2SRV4G52JNYQR,Bicycling: Touring and Mountain Bike Basics (A Trailside Series Guide),Bicycling: Touring and Mountain Bike Basics (A Tra...,unknown,4,12.85,257.0,15,11,False,20,0.38685280723454163
A2SRV4G52JNYQR,Chasing Rainbows,Chasing Rainbows,unknown,5,12.5,250.0,17,12,True,20,0.38685280723454163
A2SRV4G52JNYQR,Christmas With Country Living 1997,Christmas With Country Living 1997,unknown,6,11.7,234.0,8,2,False,20,0.38685280723454163
A2SRV4G52JNYQR,Fleece Dog: A Little Bit of Magic Created With Raw Wool and a Special Needle,Fleece Dog: A Little Bit of Magic Created With Raw...,unknown,7,11.4,228.0,9,2,False,20,0.38685280723454163
A2SRV4G52JNYQR,Christmas Favorites,Christmas Favorites,unknown,8,11.15,223.0,3,-5,False,20,0.38685280723454163
A2SRV4G52JNYQR,Mary Engelbreit 2015 Monthly Pocket Planner Calendar: Get a Move On,Mary Engelbreit 2015 Monthly Pocket Planner Calend...,unknown,9,10.6,212.0,19,10,False,20,0.38685280723454163
A2SRV4G52JNYQR,"GSM Networks: Protocols, Terminology and Implementation (Artech House Mobile Communications)","GSM Networks: Protocols, Terminology and Implement...",unknown,10,10.45,209.0,12,2,False,20,0.38685280723454163
A2SRV4G52JNYQR,"The Welding Business Owner's Hand Book: How to Start, Establish and Grow a Welding or Manufacturing Business",The Welding Business Owner's Hand Book: How to Sta...,unknown,11,10.45,209.0,5,-6,False,20,0.38685280723454163
A2SRV4G52JNYQR,The Ultimate Ponzi: The Scott Rothstein Story,The Ultimate Ponzi: The Scott Rothstein Story,unknown,12,10.15,203.0,4,-8,False,20,0.38685280723454163
A2SRV4G52JNYQR,"Nicholas Pocock, 1740-1821 (Conway's Marine Artists, Vol. 1)","Nicholas Pocock, 1740-1821 (Conway's Marine Artist...",unknown,13,9.4,188.0,11,-2,False,20,0.38685280723454163
A2SRV4G52JNYQR,Pointing at the Moon,Pointing at the Moon,unknown,14,9.35,187.0,1,-13,False,20,0.38685280723454163
A2SRV4G52JNYQR,Birds and Bats of Palau,Birds and Bats of Palau,unknown,15,9.2,184.0,0,-15,False,20,0.38685280723454163
A2SRV4G52JNYQR,"One Piece, Vol. 14: Instinct","One Piece, Vol. 14: Instinct",unknown,16,8.85,177.0,10,-6,False,20,0.38685280723454163
A2SRV4G52JNYQR,"Prince Of Air And Darkness (Silhouette Shadows, #26)","Prince Of Air And Darkness (Silhouette Shadows, #2...",unknown,17,8.55,171.0,7,-10,False,20,0.38685280723454163
A2SRV4G52JNYQR,The Heretic Of The North,The Heretic Of The North,unknown,18,8.25,165.0,14,-4,False,20,0.38685280723454163
A2SRV4G52JNYQR,Monkey Made Dream,Monkey Made Dream,unknown,19,8.05,161.0,16,-3,False,20,0.38685280723454163
A2SRV4G52JNYQR,Larry Potter and His Best Friend Lilly,Larry Potter and His Best Friend Lilly,unknown,20,7.2,144.0,13,-7,False,20,0.38685280723454163
A2J7FXEJ7NVGA1,Young Guns: The Fearless Entrepreneur's Guide to Chasing Your Dreams and Breaking Out on Your Own,Young Guns: The Fearless Entrepreneur's Guide to C...,unknown,1,15.35,307.0,11,10,False,20,0.0
A2J7FXEJ7NVGA1,Sketches from a Hunter's Album: The Complete Edition (Penguin Classics),Sketches from a Hunter's Album: The Complete Editi...,unknown,2,14.95,299.0,15,13,False,20,0.0
A2J7FXEJ7NVGA1,Creative Space: The Urban Homes of Artists and Creatives,Creative Space: The Urban Homes of Artists and Cre...,unknown,3,14.75,295.0,16,13,False,20,0.0
A2J7FXEJ7NVGA1,"Dreams, Fairy Tales, and Miracles: Things I Learned From Maw-Maw and Paw-Paw Daigle About Success That You Won't Learn at Harvard or Yale","Dreams, Fairy Tales, and Miracles: Things I Learne...",unknown,4,13.05,261.0,1,-3,False,20,0.0
A2J7FXEJ7NVGA1,"Stories My Father Told Me: Notes from ""The Lyons Den""","Stories My Father Told Me: Notes from ""The Lyons D...",unknown,5,12.75,255.0,7,2,False,20,0.0
A2J7FXEJ7NVGA1,The Saint and the last Hero,The Saint and the last Hero,unknown,6,12.5,250.0,12,6,False,20,0.0
A2J7FXEJ7NVGA1,Animal Revolution: Changing Attitudes Towards Speciesism,Animal Revolution: Changing Attitudes Towards Spec...,unknown,7,11.7,234.0,13,6,False,20,0.0
A2J7FXEJ7NVGA1,In God We Trust: A Novel of American Politics,In God We Trust: A Novel of American Politics,unknown,8,11.35,227.0,2,-6,True,20,0.0
A2J7FXEJ7NVGA1,Rafi's Song and the Stones of Erebus - Mom's Choice Awards Recipient/The Eric Hoffer Awards Winner,Rafi's Song and the Stones of Erebus - Mom's Choic...,unknown,9,11.15,223.0,3,-6,False,20,0.0
A2J7FXEJ7NVGA1,Castle Fantastic,Castle Fantastic,unknown,10,11.1,222.0,10,0,False,20,0.0
A2J7FXEJ7NVGA1,Rule (Roam),Rule (Roam),unknown,11,10.2,204.0,18,7,False,20,0.0
A2J7FXEJ7NVGA1,"Maximilian P. Mouse, Time Traveler","Maximilian P. Mouse, Time Traveler",unknown,12,10.15,203.0,14,2,False,20,0.0
A2J7FXEJ7NVGA1,Perfecto En Los Ojos De La Madre Naturaleza: A Spanish/English Children's Book,Perfecto En Los Ojos De La Madre Naturaleza: A Spa...,unknown,13,9.55,191.0,5,-8,False,20,0.0
A2J7FXEJ7NVGA1,The Lord Came at Twilight,The Lord Came at Twilight,unknown,14,9.5,190.0,0,-14,False,20,0.0
A2J7FXEJ7NVGA1,The New Oxford Picture Dictionary (Monolingual English Edition),The New Oxford Picture Dictionary (Monolingual Eng...,unknown,15,8.85,177.0,6,-9,False,20,0.0
A2J7FXEJ7NVGA1,Nature Notes of the Country Diary of an Edwardian Lady,Nature Notes of the Country Diary of an Edwardian ...,unknown,16,8.65,173.0,19,3,False,20,0.0
A2J7FXEJ7NVGA1,Dead Men Talking: Exposing The New World Order Conspiracy And The Evil Agenda Of The Brotherhood Of The Illuminati,Dead Men Talking: Exposing The New World Order Con...,unknown,17,8.2,164.0,4,-13,False,20,0.0
A2J7FXEJ7NVGA1,Sonic the Hedgehog: Robotnik's Revenge,Sonic the Hedgehog: Robotnik's Revenge,unknown,18,6.55,131.0,17,-1,False,20,0.0
A2J7FXEJ7NVGA1,Clinton Anderson Philosophy,Clinton Anderson Philosophy,unknown,19,5.8,116.0,9,-10,False,20,0.0
A2J7FXEJ7NVGA1,"Personal Name Index to ""the New York Times Index"": 1975-79 Supplement","Personal Name Index to ""the New York Times Index"":...",unknown,20,3.9,78.0,8,-12,False,20,0.0
A3BV7IECJ49FUE,"Chaos, Complexity, Curriculum, and Culture: A Conversation (Complicated Conversation)","Chaos, Complexity, Curriculum, and Culture: A Conv...",unknown,1,15.15,303.0,1,0,False,20,0.0
A3BV7IECJ49FUE,Granny D: Walking Across America in My Ninetieth Year,Granny D: Walking Across America in My Ninetieth Y...,unknown,2,14.35,287.0,0,-2,False,20,0.0
A3BV7IECJ49FUE,"What You Want Is in the Limo: On the Road with Led Zeppelin, Alice Cooper, and the Who in 1973, the Year the Sixties Died and the Modern Rock Star Was Born",What You Want Is in the Limo: On the Road with Led...,unknown,3,13.65,273.0,14,11,False,20,0.0
A3BV7IECJ49FUE,An Introduction to Political Crime,An Introduction to Political Crime,unknown,4,12.85,257.0,12,8,False,20,0.0
A3BV7IECJ49FUE,At Large and at Small : Confessions of a Literary Hedonist,At Large and at Small : Confessions of a Literary ...,unknown,5,12.6,252.0,13,8,False,20,0.0
A3BV7IECJ49FUE,"Hope in God: A Biblical Perspective for Understanding, Overcoming and Preventing Depression",Hope in God: A Biblical Perspective for Understand...,unknown,6,11.7,234.0,15,9,False,20,0.0
A3BV7IECJ49FUE,Planetary Science: The Science of Planets Around Stars,Planetary Science: The Science of Planets Around S...,unknown,7,11.6,232.0,4,-3,False,20,0.0
A3BV7IECJ49FUE,Macroeconomics in Context,Macroeconomics in Context,unknown,8,11.15,223.0,10,2,False,20,0.0
A3BV7IECJ49FUE,Peasants and King in Burgundy (California Series on Social Choice and Political Economy) (Volume 9),Peasants and King in Burgundy (California Series o...,unknown,9,11.05,221.0,3,-6,False,20,0.0
A3BV7IECJ49FUE,"Armour, Weapons, and Warfare: A Scriptural Look at the Spiritual Instruments of Survival","Armour, Weapons, and Warfare: A Scriptural Look at...",unknown,10,10.7,214.0,8,-2,False,20,0.0
A3BV7IECJ49FUE,Darth Maul: Shadow Hunter (Star Wars),Darth Maul: Shadow Hunter (Star Wars),unknown,11,10.2,204.0,6,-5,False,20,0.0
A3BV7IECJ49FUE,A Run Up The Coast - A Biker's Story of Freedom,A Run Up The Coast - A Biker's Story of Freedom,unknown,12,10.15,203.0,18,6,False,20,0.0
A3BV7IECJ49FUE,"The Family Handyman: Toys, Games, and Furniture","The Family Handyman: Toys, Games, and Furniture",unknown,13,9.65,193.0,11,-2,True,20,0.0
A3BV7IECJ49FUE,Weak Made Strong,Weak Made Strong,unknown,14,8.9,178.0,9,-5,False,20,0.0
A3BV7IECJ49FUE,Aethernaut Chronicles: Prometheus unchained,Aethernaut Chronicles: Prometheus unchained,unknown,15,8.9,178.0,5,-10,False,20,0.0
A3BV7IECJ49FUE,DK Illustrated Oxford Dictionary,DK Illustrated Oxford Dictionary,unknown,16,8.25,165.0,7,-9,False,20,0.0
A3BV7IECJ49FUE,Football's Eagle and Stack Defenses,Football's Eagle and Stack Defenses,unknown,17,8.1,162.0,19,2,False,20,0.0
A3BV7IECJ49FUE,The Cassell Dictionary of Chemistry,The Cassell Dictionary of Chemistry,unknown,18,8.05,161.0,2,-16,False,20,0.0
A3BV7IECJ49FUE,Prose nature notes (Ten cent pocket series),Prose nature notes (Ten cent pocket series),unknown,19,6.55,131.0,16,-3,False,20,0.0
A3BV7IECJ49FUE,"JOSEPH SMITH, SR, - First Patriarch to the LDS Church","JOSEPH SMITH, SR, - First Patriarch to the LDS Chu...",unknown,20,6.45,129.0,17,-3,False,20,0.0
A1KXP5YXAPHFM1,The Harvesting (The Harvesting Series),The Harvesting (The Harvesting Series),unknown,1,17.7,354.0,10,9,True,20,1.0
A1KXP5YXAPHFM1,Yesteryear I Lived in Paradise: The Story of Caladesi Island,Yesteryear I Lived in Paradise: The Story of Calad...,unknown,2,13.65,273.0,12,10,False,20,1.0
A1KXP5YXAPHFM1,Heirloom Stories from the Harnessmaker's Son,Heirloom Stories from the Harnessmaker's Son,unknown,3,13.0,260.0,8,5,False,20,1.0
A1KXP5YXAPHFM1,More Bitter Than Death: A Novel,More Bitter Than Death: A Novel,unknown,4,12.15,243.0,11,7,False,20,1.0
A1KXP5YXAPHFM1,Jane Colden: America's First Woman Botanist,Jane Colden: America's First Woman Botanist,unknown,5,11.9,238.0,5,0,False,20,1.0
A1KXP5YXAPHFM1,"Polity Agent (Ian Cormac, Book 4)","Polity Agent (Ian Cormac, Book 4)",unknown,6,11.85,237.0,4,-2,False,20,1.0
A1KXP5YXAPHFM1,"Florida, My Eden","Florida, My Eden",unknown,7,11.6,232.0,15,8,False,20,1.0
A1KXP5YXAPHFM1,Snowsong Whistling,Snowsong Whistling,unknown,8,11.6,232.0,14,6,False,20,1.0
A1KXP5YXAPHFM1,Vile: The Faces of Evil Book 8,Vile: The Faces of Evil Book 8,unknown,9,11.1,222.0,3,-6,False,20,1.0
A1KXP5YXAPHFM1,Fish Eyes: A Book You Can Count On,Fish Eyes: A Book You Can Count On,unknown,10,11.1,222.0,0,-10,False,20,1.0
A1KXP5YXAPHFM1,Awesome Ocean Science (Kids Can! Series),Awesome Ocean Science (Kids Can! Series),unknown,11,10.7,214.0,7,-4,False,20,1.0
A1KXP5YXAPHFM1,Barbed Wire & Rice: Poems & Songs from Japanese Prisoner-Of-War Camps (The Cornell East Asia Ser Vol 75),Barbed Wire & Rice: Poems & Songs from Japanese Pr...,unknown,12,10.15,203.0,2,-10,False,20,1.0
A1KXP5YXAPHFM1,Mommywood,Mommywood,unknown,13,9.25,185.0,18,5,False,20,1.0
A1KXP5YXAPHFM1,William Bouguereau (2 Volume Set),William Bouguereau (2 Volume Set),unknown,14,8.95,179.0,13,-1,False,20,1.0
A1KXP5YXAPHFM1,The Gilded Age: Or the Hazard of New Functions,The Gilded Age: Or the Hazard of New Functions,unknown,15,8.85,177.0,19,4,False,20,1.0
A1KXP5YXAPHFM1,Naughty or Nice Sex: Exciting Games and Romantic Play for Lovers,Naughty or Nice Sex: Exciting Games and Romantic P...,unknown,16,8.6,172.0,6,-10,False,20,1.0
A1KXP5YXAPHFM1,Disney Epic Mickey Collector's Edition: Prima Official Game Guide,Disney Epic Mickey Collector's Edition: Prima Offi...,unknown,17,8.0,160.0,16,-1,False,20,1.0
A1KXP5YXAPHFM1,McGraw-Hill's SAT Subject Test: United States History 2/E (McGraw-Hill Education SAT Subject Test U.S. History),McGraw-Hill's SAT Subject Test: United States Hist...,unknown,18,7.5,150.0,1,-17,False,20,1.0
A1KXP5YXAPHFM1,McGARR AND THE POLITICIAN (Penguin Crime Fiction),McGARR AND THE POLITICIAN (Penguin Crime Fiction),unknown,19,7.5,150.0,17,-2,False,20,1.0
A1KXP5YXAPHFM1,"Making Ends Meet in Contemporary Russia: Secondary Employment, Subsidiary Agriculture and Social Networks",Making Ends Meet in Contemporary Russia: Secondary...,unknown,20,4.85,97.0,9,-11,False,20,1.0
A21C3CDV9M6VQQ,Terrible Tsarinas: Five Russian Women in Power,Terrible Tsarinas: Five Russian Women in Power,unknown,1,13.25,265.0,15,14,False,20,0.38685280723454163
A21C3CDV9M6VQQ,"Mothers, Sons, and Lovers: How a Man's Relationship with His Mother Affects the Rest of His Life","Mothers, Sons, and Lovers: How a Man's Relationshi...",unknown,2,12.9,258.0,11,9,False,20,0.38685280723454163
A21C3CDV9M6VQQ,Clare: A Novel,Clare: A Novel,unknown,3,12.9,258.0,5,2,False,20,0.38685280723454163
A21C3CDV9M6VQQ,"More Equal Than Others: America from Nixon to the New Century (Politics and Society in Modern America, 44)",More Equal Than Others: America from Nixon to the ...,unknown,4,12.8,256.0,3,-1,False,20,0.38685280723454163
A21C3CDV9M6VQQ,Dirty Angels (Dirty Angels Trilogy),Dirty Angels (Dirty Angels Trilogy),unknown,5,12.35,247.0,2,-3,True,20,0.38685280723454163
A21C3CDV9M6VQQ,The Chumash Indians (Native Peoples),The Chumash Indians (Native Peoples),unknown,6,11.95,239.0,16,10,False,20,0.38685280723454163
A21C3CDV9M6VQQ,"Day Trips, Vol. 1: a collection of speculative fiction","Day Trips, Vol. 1: a collection of speculative fic...",unknown,7,11.9,238.0,10,3,False,20,0.38685280723454163
A21C3CDV9M6VQQ,Barney Google: Gambling Horse Races & High-Toned Women,Barney Google: Gambling Horse Races & High-Toned W...,unknown,8,11.75,235.0,0,-8,False,20,0.38685280723454163
A21C3CDV9M6VQQ,"Streetwise Atlanta Map - Laminated City Center Street Map of Atlanta, Georgia - Folding pocket size travel map with Marta metro lines",Streetwise Atlanta Map - Laminated City Center Str...,unknown,9,11.75,235.0,7,-2,False,20,0.38685280723454163
A21C3CDV9M6VQQ,Pocket-Folder Centers in Color: Reading: 12 Ready-to-Go Centers That Motivate Children to Practice and Strengthen Essential Reading Skills―Independently!,Pocket-Folder Centers in Color: Reading: 12 Ready-...,unknown,10,11.35,227.0,4,-6,False,20,0.38685280723454163
A21C3CDV9M6VQQ,"Requiem for the West: A Collection of Stories, Essays, and Photographs from Forty Years of Living in the Rocky Mountains","Requiem for the West: A Collection of Stories, Ess...",unknown,11,11.15,223.0,1,-10,False,20,0.38685280723454163
A21C3CDV9M6VQQ,Love Once Again: The Love Once Novels (Volume 2),Love Once Again: The Love Once Novels (Volume 2),unknown,12,10.9,218.0,17,5,False,20,0.38685280723454163
A21C3CDV9M6VQQ,World War One: British Army (Brassey's History of Uniforms Series),World War One: British Army (Brassey's History of ...,unknown,13,10.75,215.0,19,6,False,20,0.38685280723454163
A21C3CDV9M6VQQ,Meat Market: Female Flesh Under Capitalism,Meat Market: Female Flesh Under Capitalism,unknown,14,9.7,194.0,9,-5,False,20,0.38685280723454163
A21C3CDV9M6VQQ,All Star Superman # 10,All Star Superman # 10,unknown,15,9.0,180.0,18,3,False,20,0.38685280723454163
A21C3CDV9M6VQQ,Handcuffs,Handcuffs,unknown,16,8.55,171.0,8,-8,False,20,0.38685280723454163
A21C3CDV9M6VQQ,Audio on the Web: The Official IUMA Guide,Audio on the Web: The Official IUMA Guide,unknown,17,8.25,165.0,12,-5,False,20,0.38685280723454163
A21C3CDV9M6VQQ,"Shaman King, Vol. 16","Shaman King, Vol. 16",unknown,18,8.05,161.0,13,-5,False,20,0.38685280723454163
A21C3CDV9M6VQQ,Poodles - American Kennel Club 2014 Calendar,Poodles - American Kennel Club 2014 Calendar,unknown,19,5.95,119.0,14,-5,False,20,0.38685280723454163
A21C3CDV9M6VQQ,"OccupyBeyoncé and|or the 'gesundMusizierte' end of hisTory, lang|uage"" UND poli",OccupyBeyoncé and|or the 'gesundMusizierte' end of...,unknown,20,4.8,96.0,6,-14,False,20,0.38685280723454163
A348YT88173XIT,Escape from Verona,Escape from Verona,unknown,1,14.15,283.0,9,8,False,20,0.6309297535714575
A348YT88173XIT,Daphne Du Maurier,Daphne Du Maurier,unknown,2,13.65,273.0,2,0,True,20,0.6309297535714575
A348YT88173XIT,Walk: How to Apply the Bible (Bible Savvy Series),Walk: How to Apply the Bible (Bible Savvy Series),unknown,3,13.45,269.0,12,9,False,20,0.6309297535714575
A348YT88173XIT,The Way of Baseball: Finding Stillness at 95 Mph,The Way of Baseball: Finding Stillness at 95 Mph,unknown,4,12.45,249.0,1,-3,False,20,0.6309297535714575
A348YT88173XIT,Finding Rimarnia,Finding Rimarnia,unknown,5,11.9,238.0,3,-2,False,20,0.6309297535714575
A348YT88173XIT,What Are Your Goals: Powerful Questions to Discover What You Want Out of Life,What Are Your Goals: Powerful Questions to Discove...,unknown,6,11.05,221.0,4,-2,False,20,0.6309297535714575
A348YT88173XIT,Age 14,Age 14,unknown,7,10.85,217.0,6,-1,False,20,0.6309297535714575
A348YT88173XIT,The Day the Dog Dressed Like Dad,The Day the Dog Dressed Like Dad,unknown,8,10.6,212.0,18,10,False,20,0.6309297535714575
A348YT88173XIT,The Gypsy Vest Book,The Gypsy Vest Book,unknown,9,10.25,205.0,13,4,False,20,0.6309297535714575
A348YT88173XIT,When Loved Ones Are Called Home,When Loved Ones Are Called Home,unknown,10,10.1,202.0,16,6,False,20,0.6309297535714575
A348YT88173XIT,Master the Catholic High School Entrance Exams 2013,Master the Catholic High School Entrance Exams 201...,unknown,11,10.05,201.0,5,-6,False,20,0.6309297535714575
A348YT88173XIT,A Jarful of Angels,A Jarful of Angels,unknown,12,9.95,199.0,11,-1,False,20,0.6309297535714575
A348YT88173XIT,Lessons I Learned as a Little Rascal,Lessons I Learned as a Little Rascal,unknown,13,9.9,198.0,10,-3,False,20,0.6309297535714575
A348YT88173XIT,Fresh & Fabulous Painted Furniture,Fresh & Fabulous Painted Furniture,unknown,14,9.75,195.0,14,0,False,20,0.6309297535714575
A348YT88173XIT,First Steps: A Julie Armstrong Novel,First Steps: A Julie Armstrong Novel,unknown,15,9.65,193.0,15,0,False,20,0.6309297535714575
A348YT88173XIT,A Biology of the Algae,A Biology of the Algae,unknown,16,9.35,187.0,19,3,False,20,0.6309297535714575
A348YT88173XIT,Moomin's Little Book of Numbers,Moomin's Little Book of Numbers,unknown,17,8.95,179.0,17,0,False,20,0.6309297535714575
A348YT88173XIT,Unconventional Aircraft,Unconventional Aircraft,unknown,18,8.15,163.0,7,-11,False,20,0.6309297535714575
A348YT88173XIT,Cuban Studies 31 (Volume 31) (Pittsburgh Cuban Studies),Cuban Studies 31 (Volume 31) (Pittsburgh Cuban Stu...,unknown,19,8.1,162.0,0,-19,False,20,0.6309297535714575
A348YT88173XIT,"The Hidden Past (Star Wars: Jedi Apprentice, Book 3)","The Hidden Past (Star Wars: Jedi Apprentice, Book ...",unknown,20,7.7,154.0,8,-12,False,20,0.6309297535714575
AJS4USMSW730Q,Hanging By A Hair (Bad Hair Day Mysteries),Hanging By A Hair (Bad Hair Day Mysteries),unknown,1,16.25,325.0,1,0,True,20,1.0
AJS4USMSW730Q,The Broker: A Novel,The Broker: A Novel,unknown,2,13.85,277.0,17,15,False,20,1.0
AJS4USMSW730Q,Business Process Management: A Rigorous Approach,Business Process Management: A Rigorous Approach,unknown,3,13.35,267.0,11,8,False,20,1.0
AJS4USMSW730Q,Prairie Style: Houses and Gardens by Frank Lloyd Wright and the Prairie School,Prairie Style: Houses and Gardens by Frank Lloyd W...,unknown,4,12.85,257.0,5,1,False,20,1.0
AJS4USMSW730Q,The Routledge Handbook of Health Communication (Routledge Communication Series),The Routledge Handbook of Health Communication (Ro...,unknown,5,12.7,254.0,9,4,False,20,1.0
AJS4USMSW730Q,Prebles' Artforms Value Pack (includes ArtNotes for Artforms & MyArtKit Student Access ),Prebles' Artforms Value Pack (includes ArtNotes fo...,unknown,6,11.35,227.0,8,2,False,20,1.0
AJS4USMSW730Q,Hank Reinhardt's Book of the Sword,Hank Reinhardt's Book of the Sword,unknown,7,11.15,223.0,6,-1,False,20,1.0
AJS4USMSW730Q,The Essential Grandparent: A Guide to Making a Difference,The Essential Grandparent: A Guide to Making a Dif...,unknown,8,10.85,217.0,0,-8,False,20,1.0
AJS4USMSW730Q,The Classical Guitar. A new approach,The Classical Guitar. A new approach,unknown,9,10.6,212.0,10,1,False,20,1.0
AJS4USMSW730Q,At Empire's Edge,At Empire's Edge,unknown,10,10.1,202.0,16,6,False,20,1.0
AJS4USMSW730Q,Credit Risk Management and Basel II,Credit Risk Management and Basel II,unknown,11,10.0,200.0,15,4,False,20,1.0
AJS4USMSW730Q,Ancient Art of the Chinese Long Saber,Ancient Art of the Chinese Long Saber,unknown,12,9.8,196.0,12,0,False,20,1.0
AJS4USMSW730Q,The Elements of His Dark Materials,The Elements of His Dark Materials,unknown,13,9.35,187.0,3,-10,False,20,1.0
AJS4USMSW730Q,The Hanna-Barbera Treasury,The Hanna-Barbera Treasury,unknown,14,9.05,181.0,19,5,False,20,1.0
AJS4USMSW730Q,Iron Dragons: Mountains and Madness,Iron Dragons: Mountains and Madness,unknown,15,8.75,175.0,7,-8,False,20,1.0
AJS4USMSW730Q,The Kate Greenaway doll book,The Kate Greenaway doll book,unknown,16,8.35,167.0,13,-3,False,20,1.0
AJS4USMSW730Q,Spanish Crossword Puzzles for Practice and Fun (Dover Dual Language - English to Spanish) (Dover Dual Language Spanish) (Spanish Edition),Spanish Crossword Puzzles for Practice and Fun (Do...,unknown,17,8.25,165.0,4,-13,False,20,1.0
AJS4USMSW730Q,Rudy Goes To...San Francisco,Rudy Goes To...San Francisco,unknown,18,8.2,164.0,18,0,False,20,1.0
AJS4USMSW730Q,Federal Income Taxation of Corporation and Shareholders,Federal Income Taxation of Corporation and Shareho...,unknown,19,7.75,155.0,14,-5,False,20,1.0
AJS4USMSW730Q,"Lima/Allen County, Ohio: A Pictorial History","Lima/Allen County, Ohio: A Pictorial History",unknown,20,7.45,149.0,2,-18,False,20,1.0
A34WGXES0FG1B8,Behavioral Economics and Its Applications,Behavioral Economics and Its Applications,unknown,1,14.9,298.0,10,9,False,20,0.43067655807339306
A34WGXES0FG1B8,"Cure Your Democracy: The Infection, Spread and Treatment of Contagious Opinions","Cure Your Democracy: The Infection, Spread and Tre...",unknown,2,14.7,294.0,9,7,False,20,0.43067655807339306
A34WGXES0FG1B8,Speak the Truth and Point to Hope: The Leader's Journey to Maturity,Speak the Truth and Point to Hope: The Leader's Jo...,unknown,3,14.1,282.0,1,-2,False,20,0.43067655807339306
A34WGXES0FG1B8,Investing in Your 20s & 30s For Dummies,Investing in Your 20s & 30s For Dummies,unknown,4,12.7,254.0,8,4,True,20,0.43067655807339306
A34WGXES0FG1B8,Helter Skelter: L.A. Art in the 1990s,Helter Skelter: L.A. Art in the 1990s,unknown,5,12.6,252.0,5,0,False,20,0.43067655807339306
A34WGXES0FG1B8,"Stitchery for Children: A Manual for Teachers, Parents, and Children.","Stitchery for Children: A Manual for Teachers, Par...",unknown,6,12.0,240.0,12,6,False,20,0.43067655807339306
A34WGXES0FG1B8,And God Answered: A Memoir,And God Answered: A Memoir,unknown,7,11.4,228.0,16,9,False,20,0.43067655807339306
A34WGXES0FG1B8,The 19th Hole: Architecture of the Golf Clubhouse,The 19th Hole: Architecture of the Golf Clubhouse,unknown,8,11.25,225.0,0,-8,False,20,0.43067655807339306
A34WGXES0FG1B8,Waterwise Gardening,Waterwise Gardening,unknown,9,11.2,224.0,11,2,False,20,0.43067655807339306
A34WGXES0FG1B8,Allison Investigates: Does Chocolate Milk Come From Brown Cows,Allison Investigates: Does Chocolate Milk Come Fro...,unknown,10,9.85,197.0,14,4,False,20,0.43067655807339306
A34WGXES0FG1B8,Stephen Crane (Bloom's Classic Critical Views),Stephen Crane (Bloom's Classic Critical Views),unknown,11,9.4,188.0,15,4,False,20,0.43067655807339306
A34WGXES0FG1B8,Alfred Stieglitz's Camera Notes,Alfred Stieglitz's Camera Notes,unknown,12,9.3,186.0,3,-9,False,20,0.43067655807339306
A34WGXES0FG1B8,Teach Me about God,Teach Me about God,unknown,13,9.25,185.0,18,5,False,20,0.43067655807339306
A34WGXES0FG1B8,"New Mexico, Gold & Gems, Map Set Then & Now","New Mexico, Gold & Gems, Map Set Then & Now",unknown,14,9.05,181.0,2,-12,False,20,0.43067655807339306
A34WGXES0FG1B8,The Chortling Bard: Caught'ya! Grammar with a Giggle for High School (Maupin House),The Chortling Bard: Caught'ya! Grammar with a Gigg...,unknown,15,9.05,181.0,17,2,False,20,0.43067655807339306
A34WGXES0FG1B8,The Guardians of Zenular,The Guardians of Zenular,unknown,16,8.95,179.0,19,3,False,20,0.43067655807339306
A34WGXES0FG1B8,"Treasured thoughts, gleaned from the fields of literature: Designed for the use of schools, homes, reading circles, young people's societies, and for ... the best books for children and young people","Treasured thoughts, gleaned from the fields of lit...",unknown,17,8.45,169.0,13,-4,False,20,0.43067655807339306
A34WGXES0FG1B8,Showcase Presents Sgt Rock 1,Showcase Presents Sgt Rock 1,unknown,18,8.1,162.0,6,-12,False,20,0.43067655807339306
A34WGXES0FG1B8,Roxanne and George the Green Genie,Roxanne and George the Green Genie,unknown,19,8.0,160.0,4,-15,False,20,0.43067655807339306
A34WGXES0FG1B8,Rolling Stone Magazine # 243 July 14 1977 Bee Gees (Single Back Issue),Rolling Stone Magazine # 243 July 14 1977 Bee Gees...,unknown,20,5.75,115.0,7,-13,False,20,0.43067655807339306
A3182AUWI41KKL,"Our Christmas Journal: A Keepsake of Memories, Stories, Photographs, and Recipes","Our Christmas Journal: A Keepsake of Memories, Sto...",unknown,1,14.2,284.0,9,8,False,20,0.0
A3182AUWI41KKL,The Italian Cookbook,The Italian Cookbook,unknown,2,12.4,248.0,17,15,False,20,0.0
A3182AUWI41KKL,Reflective Practice in Action: 80 Reflection Breaks for Busy Teachers (1-off Series),Reflective Practice in Action: 80 Reflection Break...,unknown,3,12.2,244.0,2,-1,False,20,0.0
A3182AUWI41KKL,"Rome and Constantinople: Rewriting Roman History during Late Antiquity (Edmondson Historical Lectures, 30)",Rome and Constantinople: Rewriting Roman History d...,unknown,4,12.0,240.0,8,4,False,20,0.0
A3182AUWI41KKL,An Irish Voice: The Quest for Peace,An Irish Voice: The Quest for Peace,unknown,5,11.95,239.0,11,6,False,20,0.0
A3182AUWI41KKL,Usborne Tractors & Trucks Stencil Book (Stencil Books),Usborne Tractors & Trucks Stencil Book (Stencil Bo...,unknown,6,11.9,238.0,19,13,False,20,0.0
A3182AUWI41KKL,The Green Line,The Green Line,unknown,7,11.9,238.0,5,-2,True,20,0.0
A3182AUWI41KKL,Warning Signs (Angels of Mercy),Warning Signs (Angels of Mercy),unknown,8,11.65,233.0,1,-7,False,20,0.0
A3182AUWI41KKL,"One Small Square, The Night Sky","One Small Square, The Night Sky",unknown,9,11.25,225.0,18,9,False,20,0.0
A3182AUWI41KKL,The Dark's Mistress (The Saint-Pierres),The Dark's Mistress (The Saint-Pierres),unknown,10,10.95,219.0,16,6,False,20,0.0
A3182AUWI41KKL,Biophilia,Biophilia,unknown,11,10.7,214.0,13,2,False,20,0.0
A3182AUWI41KKL,Disney's Photomosaics (Disney Editions Deluxe),Disney's Photomosaics (Disney Editions Deluxe),unknown,12,10.4,208.0,4,-8,False,20,0.0
A3182AUWI41KKL,Phonics Playset,Phonics Playset,unknown,13,9.8,196.0,6,-7,False,20,0.0
A3182AUWI41KKL,"17 Proven Currency Trading Strategies, + Website: How to Profit in the Forex Market","17 Proven Currency Trading Strategies, + Website: ...",unknown,14,9.75,195.0,15,1,False,20,0.0
A3182AUWI41KKL,Colors! ¡Colores!,Colors! ¡Colores!,unknown,15,9.7,194.0,12,-3,False,20,0.0
A3182AUWI41KKL,Wild Hairs,Wild Hairs,unknown,16,9.25,185.0,14,-2,False,20,0.0
A3182AUWI41KKL,The Story Of My Ancestors In America (1895),The Story Of My Ancestors In America (1895),unknown,17,8.65,173.0,7,-10,False,20,0.0
A3182AUWI41KKL,Neither Fear Nor Hope,Neither Fear Nor Hope,unknown,18,8.3,166.0,10,-8,False,20,0.0
A3182AUWI41KKL,Cone Shells: A Synopsis of the Living Conidae,Cone Shells: A Synopsis of the Living Conidae,unknown,19,7.8,156.0,0,-19,False,20,0.0
A3182AUWI41KKL,La Vida Inutil De Pito Perez (Spanish Edition),La Vida Inutil De Pito Perez (Spanish Edition),unknown,20,5.25,105.0,3,-17,False,20,0.0
A24LE2U039BUAW,Ponder These Things: Praying With Icons of the Virgin,Ponder These Things: Praying With Icons of the Vir...,unknown,1,14.25,285.0,11,10,False,20,0.0
A24LE2U039BUAW,"I Never Metaphor I Didn't Like: A Comprehensive Compilation of History's Greatest Analogies, Metaphors, and Similes",I Never Metaphor I Didn't Like: A Comprehensive Co...,unknown,2,13.85,277.0,17,15,False,20,0.0
A24LE2U039BUAW,Anatomy of a Scandal: Thomas Jefferson & the Sally Story,Anatomy of a Scandal: Thomas Jefferson & the Sally...,unknown,3,12.45,249.0,0,-3,False,20,0.0
A24LE2U039BUAW,"Hegel's Philosophy of Language (Continuum Studies in Philosophy, 16)",Hegel's Philosophy of Language (Continuum Studies ...,unknown,4,12.4,248.0,19,15,False,20,0.0
A24LE2U039BUAW,The True Story of Florence Ballard,The True Story of Florence Ballard,unknown,5,12.2,244.0,8,3,False,20,0.0
A24LE2U039BUAW,Career 2.0: Take Control of Your Life,Career 2.0: Take Control of Your Life,unknown,6,11.85,237.0,3,-3,False,20,0.0
A24LE2U039BUAW,Odd God,Odd God,unknown,7,11.4,228.0,10,3,False,20,0.0
A24LE2U039BUAW,Donner Party Cookbook: A Guide to Survival on the Hastings Cutoff,Donner Party Cookbook: A Guide to Survival on the ...,unknown,8,10.85,217.0,1,-7,False,20,0.0
A24LE2U039BUAW,An Angler's Guide to Aquatic Insects and Their Imitations for All North America,An Angler's Guide to Aquatic Insects and Their Imi...,unknown,9,10.75,215.0,14,5,False,20,0.0
A24LE2U039BUAW,"Sewer, Gas and Electric: The Public Works Trilogy (Public Works Trilogy)","Sewer, Gas and Electric: The Public Works Trilogy ...",unknown,10,10.4,208.0,18,8,False,20,0.0
A24LE2U039BUAW,Stable Adaptive Systems (Dover Books on Electrical Engineering),Stable Adaptive Systems (Dover Books on Electrical...,unknown,11,9.8,196.0,7,-4,False,20,0.0
A24LE2U039BUAW,Egg Harbor City (Images of America),Egg Harbor City (Images of America),unknown,12,9.75,195.0,6,-6,False,20,0.0
A24LE2U039BUAW,Carrie's Gold (American Dreams),Carrie's Gold (American Dreams),unknown,13,9.55,191.0,4,-9,False,20,0.0
A24LE2U039BUAW,Six Byzantine Portraits,Six Byzantine Portraits,unknown,14,9.5,190.0,2,-12,False,20,0.0
A24LE2U039BUAW,Gary the Pirate,Gary the Pirate,unknown,15,9.5,190.0,16,1,True,20,0.0
A24LE2U039BUAW,"Epiphany of the Long Sun: Calde of the Long Sun and Exodus from the Long Sun (Book of the Long Sun, Books 3 and 4)",Epiphany of the Long Sun: Calde of the Long Sun an...,unknown,16,9.3,186.0,9,-7,False,20,0.0
A24LE2U039BUAW,Cross The Bridge To Life: Discover Your Adventure,Cross The Bridge To Life: Discover Your Adventure,unknown,17,9.0,180.0,5,-12,False,20,0.0
A24LE2U039BUAW,Four Late Plays (Wordsworth Classics of World Literature),Four Late Plays (Wordsworth Classics of World Lite...,unknown,18,8.65,173.0,13,-5,False,20,0.0
A24LE2U039BUAW,"Zeroing In on Number and Operations, Grades 1-2: Key Ideas and Common Misconceptions","Zeroing In on Number and Operations, Grades 1-2: K...",unknown,19,8.05,161.0,12,-7,False,20,0.0
A24LE2U039BUAW,ESV Gift and Award Bible (Black),ESV Gift and Award Bible (Black),unknown,20,6.5,130.0,15,-5,False,20,0.0
A1Q0BKJEB4LGZ4,"How Dinosaurs Took Flight: The Fossils, the Science, What We Think We Know, and Mysteries Yet Unsolved","How Dinosaurs Took Flight: The Fossils, the Scienc...",unknown,1,15.55,311.0,15,14,False,20,0.6309297535714575
A1Q0BKJEB4LGZ4,Get Er Done: The Green Beret Guide to Productivity,Get Er Done: The Green Beret Guide to Productivity,unknown,2,14.7,294.0,9,7,True,20,0.6309297535714575
A1Q0BKJEB4LGZ4,Bound to Shadows,Bound to Shadows,unknown,3,14.5,290.0,11,8,False,20,0.6309297535714575
A1Q0BKJEB4LGZ4,"Mythical Monsters Legendary, Fearsome Creatures","Mythical Monsters Legendary, Fearsome Creatures",unknown,4,12.4,248.0,6,2,False,20,0.6309297535714575
A1Q0BKJEB4LGZ4,Drum Tuning: A Comprehensive Guide to Tuning Drums,Drum Tuning: A Comprehensive Guide to Tuning Drums,unknown,5,12.35,247.0,19,14,False,20,0.6309297535714575
A1Q0BKJEB4LGZ4,Deaths Acolyte (Swords of Raemllyn),Deaths Acolyte (Swords of Raemllyn),unknown,6,11.65,233.0,14,8,False,20,0.6309297535714575
A1Q0BKJEB4LGZ4,In a Time of Violence: Poems (Norton Paperback),In a Time of Violence: Poems (Norton Paperback),unknown,7,11.3,226.0,3,-4,False,20,0.6309297535714575
A1Q0BKJEB4LGZ4,Spirit Kidz,Spirit Kidz,unknown,8,11.25,225.0,1,-7,False,20,0.6309297535714575
A1Q0BKJEB4LGZ4,Zelda and Ivy: The Runaways: Candlewick Sparks,Zelda and Ivy: The Runaways: Candlewick Sparks,unknown,9,11.05,221.0,18,9,False,20,0.6309297535714575
A1Q0BKJEB4LGZ4,Sophie Calle: Take Care of Yourself,Sophie Calle: Take Care of Yourself,unknown,10,10.6,212.0,8,-2,False,20,0.6309297535714575
A1Q0BKJEB4LGZ4,Rehoboth Beach in Vintage Postcards (Postcard History: Delaware),Rehoboth Beach in Vintage Postcards (Postcard Hist...,unknown,11,10.5,210.0,4,-7,False,20,0.6309297535714575
A1Q0BKJEB4LGZ4,The Hanson-Roberts Tarot Companion,The Hanson-Roberts Tarot Companion,unknown,12,10.45,209.0,7,-5,False,20,0.6309297535714575
A1Q0BKJEB4LGZ4,Basilica of Santa Croce,Basilica of Santa Croce,unknown,13,10.0,200.0,13,0,False,20,0.6309297535714575
A1Q0BKJEB4LGZ4,Reading Practice Book: Volume 1: Themes 1-3 (Houghton Mifflin Medallions),Reading Practice Book: Volume 1: Themes 1-3 (Hough...,unknown,14,8.95,179.0,10,-4,False,20,0.6309297535714575
A1Q0BKJEB4LGZ4,USMLE Step 2 Clinical Skills,USMLE Step 2 Clinical Skills,unknown,15,7.85,157.0,5,-10,False,20,0.6309297535714575
A1Q0BKJEB4LGZ4,John Paul II: A Marian Treasury,John Paul II: A Marian Treasury,unknown,16,7.85,157.0,16,0,False,20,0.6309297535714575
A1Q0BKJEB4LGZ4,Wall Street & the Bolshevik Revolution,Wall Street & the Bolshevik Revolution,unknown,17,7.8,156.0,17,0,False,20,0.6309297535714575
A1Q0BKJEB4LGZ4,How I Eat Without Wheat,How I Eat Without Wheat,unknown,18,7.65,153.0,2,-16,False,20,0.6309297535714575
A1Q0BKJEB4LGZ4,Selected Literary Essays,Selected Literary Essays,unknown,19,7.55,151.0,0,-19,False,20,0.6309297535714575
A1Q0BKJEB4LGZ4,The Greek's Blackmailed Wife,The Greek's Blackmailed Wife,unknown,20,6.05,121.0,12,-8,False,20,0.6309297535714575
AMYLT3SROQBN1,Vegan Slow Cooking for Two or Just for You: More than 100 Delicious One-Pot Meals for Your 1.5-Quart/Litre Slow Cooker,Vegan Slow Cooking for Two or Just for You: More t...,unknown,1,15.4,308.0,2,1,True,20,1.0
AMYLT3SROQBN1,"Clutter Clearing Choices: Clear Clutter, Organize Your Home & Reclaim Your Life","Clutter Clearing Choices: Clear Clutter, Organize ...",unknown,2,13.95,279.0,7,5,False,20,1.0
AMYLT3SROQBN1,Then Came You: A Novel,Then Came You: A Novel,unknown,3,12.9,258.0,17,14,False,20,1.0
AMYLT3SROQBN1,The Creaky Knees Guide Oregon: The 80 Best Easy Hikes,The Creaky Knees Guide Oregon: The 80 Best Easy Hi...,unknown,4,12.0,240.0,4,0,False,20,1.0
AMYLT3SROQBN1,"Big Data Analytics: From Strategic Planning to Enterprise Integration with Tools, Techniques, NoSQL, and Graph",Big Data Analytics: From Strategic Planning to Ent...,unknown,5,12.0,240.0,0,-5,False,20,1.0
AMYLT3SROQBN1,Attract Money Now,Attract Money Now,unknown,6,11.5,230.0,11,5,False,20,1.0
AMYLT3SROQBN1,Around the Square and Beyond: A Collection of Stories,Around the Square and Beyond: A Collection of Stor...,unknown,7,11.4,228.0,5,-2,False,20,1.0
AMYLT3SROQBN1,Freedom's Children: The Passage from Emancipation to the Great Migration,Freedom's Children: The Passage from Emancipation ...,unknown,8,11.2,224.0,9,1,False,20,1.0
AMYLT3SROQBN1,Use of Weapons (Culture),Use of Weapons (Culture),unknown,9,11.15,223.0,14,5,False,20,1.0
AMYLT3SROQBN1,Better Health With GNLD (Golden Neo-Life Diamite International),Better Health With GNLD (Golden Neo-Life Diamite I...,unknown,10,11.05,221.0,13,3,False,20,1.0
AMYLT3SROQBN1,What's the Use of Truth?,What's the Use of Truth?,unknown,11,10.95,219.0,3,-8,False,20,1.0
AMYLT3SROQBN1,Beyond Forgiveness: Reflections on Atonement,Beyond Forgiveness: Reflections on Atonement,unknown,12,10.7,214.0,8,-4,False,20,1.0
AMYLT3SROQBN1,Countdown: Arena,Countdown: Arena,unknown,13,10.15,203.0,16,3,False,20,1.0
AMYLT3SROQBN1,Io After Galileo: A New View of Jupiter's Volcanic Moon (Springer Praxis Books),Io After Galileo: A New View of Jupiter's Volcanic...,unknown,14,8.9,178.0,12,-2,False,20,1.0
AMYLT3SROQBN1,Revenge: Best Served Bloody,Revenge: Best Served Bloody,unknown,15,8.9,178.0,6,-9,False,20,1.0
AMYLT3SROQBN1,The Total Transformation Program,The Total Transformation Program,unknown,16,8.7,174.0,10,-6,False,20,1.0
AMYLT3SROQBN1,Mother Goose for Grownups (Dodo Press),Mother Goose for Grownups (Dodo Press),unknown,17,8.4,168.0,15,-2,False,20,1.0
AMYLT3SROQBN1,Misty Circus,Misty Circus,unknown,18,8.1,162.0,1,-17,False,20,1.0
AMYLT3SROQBN1,The Epistles to Colossians and to Philemon,The Epistles to Colossians and to Philemon,unknown,19,7.75,155.0,18,-1,False,20,1.0
AMYLT3SROQBN1,Hanna-Barbera Cartoons,Hanna-Barbera Cartoons,unknown,20,4.9,98.0,19,-1,False,20,1.0
A1OXDPO6LY3NHG,Splash 11 - New Directions: The Best of Watercolor,Splash 11 - New Directions: The Best of Watercolor,unknown,1,18.35,367.0,13,12,True,20,1.0
A1OXDPO6LY3NHG,A Hero's Journey,A Hero's Journey,unknown,2,13.15,263.0,7,5,False,20,1.0
A1OXDPO6LY3NHG,Lightbearer in the Shadowlands: The Evangelistic Vision of C.S. Lewis,Lightbearer in the Shadowlands: The Evangelistic V...,unknown,3,12.3,246.0,16,13,False,20,1.0
A1OXDPO6LY3NHG,Where I Stay,Where I Stay,unknown,4,12.2,244.0,12,8,False,20,1.0
A1OXDPO6LY3NHG,"Software Engineering, The Development Process (Volume 1)","Software Engineering, The Development Process (Vol...",unknown,5,11.6,232.0,1,-4,False,20,1.0
A1OXDPO6LY3NHG,Miss Carlyle's Curricle,Miss Carlyle's Curricle,unknown,6,11.5,230.0,0,-6,False,20,1.0
A1OXDPO6LY3NHG,Bear Attacks: The Deadly Truth,Bear Attacks: The Deadly Truth,unknown,7,10.95,219.0,5,-2,False,20,1.0
A1OXDPO6LY3NHG,"Till We Have Faces::Myth Retold[Paperback,1980]","Till We Have Faces::Myth Retold[Paperback,1980]",unknown,8,10.9,218.0,2,-6,False,20,1.0
A1OXDPO6LY3NHG,Motherhood: What It Does to Your Mind (Issues in Women's Health Series),Motherhood: What It Does to Your Mind (Issues in W...,unknown,9,10.7,214.0,4,-5,False,20,1.0
A1OXDPO6LY3NHG,The Paris Notebook,The Paris Notebook,unknown,10,10.7,214.0,10,0,False,20,1.0
A1OXDPO6LY3NHG,A Foundation in Wisdom,A Foundation in Wisdom,unknown,11,10.3,206.0,6,-5,False,20,1.0
A1OXDPO6LY3NHG,The NPR Map,The NPR Map,unknown,12,9.75,195.0,11,-1,False,20,1.0
A1OXDPO6LY3NHG,Lancaster in Action - Aircraft No. 52,Lancaster in Action - Aircraft No. 52,unknown,13,9.65,193.0,8,-5,False,20,1.0
A1OXDPO6LY3NHG,Shadow Star Vol. 3: Shadows of the Past (Shadow Star),Shadow Star Vol. 3: Shadows of the Past (Shadow St...,unknown,14,9.5,190.0,18,4,False,20,1.0
A1OXDPO6LY3NHG,AMERICA'S PREMIER GUNMAKERS: BROWNING,AMERICA'S PREMIER GUNMAKERS: BROWNING,unknown,15,9.25,185.0,14,-1,False,20,1.0
A1OXDPO6LY3NHG,"You Can't Kill A Dead Man, A Vanessa Sterling Suspense Novel","You Can't Kill A Dead Man, A Vanessa Sterling Susp...",unknown,16,9.15,183.0,9,-7,False,20,1.0
A1OXDPO6LY3NHG,Showcase Presents: Superman Family,Showcase Presents: Superman Family,unknown,17,8.75,175.0,15,-2,False,20,1.0
A1OXDPO6LY3NHG,Amy Grant: Age to Age,Amy Grant: Age to Age,unknown,18,8.4,168.0,19,1,False,20,1.0
A1OXDPO6LY3NHG,German Paratroops in Scandinavia: Fallschirmjager in Denmark and Norway April-June 1940,German Paratroops in Scandinavia: Fallschirmjager ...,unknown,19,6.9,138.0,17,-2,False,20,1.0
A1OXDPO6LY3NHG,National Geographic Magazine August 2013 (Sugar),National Geographic Magazine August 2013 (Sugar),unknown,20,6.0,120.0,3,-17,False,20,1.0
AMT4N3JXWT10M,Silken Prey,Silken Prey,unknown,1,16.55,331.0,3,2,True,20,1.0
AMT4N3JXWT10M,A Job to Kill For: A Lacy Fields Mystery,A Job to Kill For: A Lacy Fields Mystery,unknown,2,16.2,324.0,15,13,False,20,1.0
AMT4N3JXWT10M,Happy Kid!,Happy Kid!,unknown,3,13.15,263.0,0,-3,False,20,1.0
AMT4N3JXWT10M,"As Always, Jack: A Wartime Love Story","As Always, Jack: A Wartime Love Story",unknown,4,12.6,252.0,12,8,False,20,1.0
AMT4N3JXWT10M,S.E.X.: The All-You-Need-To-Know Progressive Sexuality Guide to Get You Through High School and College,S.E.X.: The All-You-Need-To-Know Progressive Sexua...,unknown,5,12.55,251.0,16,11,False,20,1.0
AMT4N3JXWT10M,"Ministry in Daily Life: A Practical Guide for Congregations (Alban Institute Publication, No. 174)",Ministry in Daily Life: A Practical Guide for Cong...,unknown,6,12.55,251.0,7,1,False,20,1.0
AMT4N3JXWT10M,"Theresa Rebeck: Complete Plays, Vol. 3: Short Plays, 1989-2005","Theresa Rebeck: Complete Plays, Vol. 3: Short Play...",unknown,7,11.2,224.0,4,-3,False,20,1.0
AMT4N3JXWT10M,"The Russian's World: Life and Language, Fourth Edition (English and Russian Edition)","The Russian's World: Life and Language, Fourth Edi...",unknown,8,10.85,217.0,8,0,False,20,1.0
AMT4N3JXWT10M,"Organizational Behavior, 12th Edition (Book & CD-ROM)","Organizational Behavior, 12th Edition (Book & CD-R...",unknown,9,10.25,205.0,2,-7,False,20,1.0
AMT4N3JXWT10M,"Mediums, Mystics and the Occult","Mediums, Mystics and the Occult",unknown,10,10.1,202.0,5,-5,False,20,1.0
AMT4N3JXWT10M,"Be The Second Coming: Guidebook to the Embodiment of the Christ Within: A Personal Journey, Our Collective Destiny",Be The Second Coming: Guidebook to the Embodiment ...,unknown,11,10.1,202.0,6,-5,False,20,1.0
AMT4N3JXWT10M,"More Lasting Unions: Christianity, the Family and Society (Religion, Marriage, & Family)","More Lasting Unions: Christianity, the Family and ...",unknown,12,9.9,198.0,14,2,False,20,1.0
AMT4N3JXWT10M,"The Dead Man Vol 2: The Dead Woman, Blood Mesa, and Kill Them All","The Dead Man Vol 2: The Dead Woman, Blood Mesa, an...",unknown,13,9.5,190.0,19,6,False,20,1.0
AMT4N3JXWT10M,"Learn to Play Go, Vol. 4: Battle Strategies","Learn to Play Go, Vol. 4: Battle Strategies",unknown,14,9.45,189.0,11,-3,False,20,1.0
AMT4N3JXWT10M,South Carolina Success in Real Estate,South Carolina Success in Real Estate,unknown,15,8.75,175.0,18,3,False,20,1.0
AMT4N3JXWT10M,The Civil War in American Culture (BAAS Paperbacks),The Civil War in American Culture (BAAS Paperbacks...,unknown,16,8.7,174.0,17,1,False,20,1.0
AMT4N3JXWT10M,ASEB: Life Is a Journey We Know by Heart,ASEB: Life Is a Journey We Know by Heart,unknown,17,8.6,172.0,10,-7,False,20,1.0
AMT4N3JXWT10M,Mastering the World of Psychology: New Mypsychlab Student Access Code Card,Mastering the World of Psychology: New Mypsychlab ...,unknown,18,7.85,157.0,13,-5,False,20,1.0
AMT4N3JXWT10M,SPENSER: FAERY QUEEN. BOOK I.,SPENSER: FAERY QUEEN. BOOK I.,unknown,19,7.4,148.0,1,-18,False,20,1.0
AMT4N3JXWT10M,"Symphony No. 3 in D Minor for Alto Solo, Choirs and Orchestra (Dover Miniature Scores: Orchestral)","Symphony No. 3 in D Minor for Alto Solo, Choirs an...",unknown,20,3.75,75.0,9,-11,False,20,1.0
A3QEP8B33K5PZW,History's Greatest Events: 100 Turning Points That Changed the World: An Illustrated Journey,History's Greatest Events: 100 Turning Points That...,unknown,1,16.6,332.0,12,11,False,20,0.5
A3QEP8B33K5PZW,Unexpected Wedding,Unexpected Wedding,unknown,2,13.3,266.0,1,-1,True,20,0.5
A3QEP8B33K5PZW,Trusting in His Goodness: A Woman’s Guide to Knowing God’s Purpose,Trusting in His Goodness: A Woman’s Guide to Knowi...,unknown,3,12.55,251.0,18,15,False,20,0.5
A3QEP8B33K5PZW,Real Simple: Celebrations,Real Simple: Celebrations,unknown,4,12.55,251.0,14,10,False,20,0.5
A3QEP8B33K5PZW,Hamburg (Eyewitness Travel Guides),Hamburg (Eyewitness Travel Guides),unknown,5,12.25,245.0,11,6,False,20,0.5
A3QEP8B33K5PZW,Arkansas Portfolio: Twenty Years of Wilderness Photography,Arkansas Portfolio: Twenty Years of Wilderness Pho...,unknown,6,11.6,232.0,10,4,False,20,0.5
A3QEP8B33K5PZW,Whitley Boys: 4 Group Bomber Operations 1939-1940,Whitley Boys: 4 Group Bomber Operations 1939-1940,unknown,7,11.1,222.0,5,-2,False,20,0.5
A3QEP8B33K5PZW,All About Books: A book for new readers written by a young author,All About Books: A book for new readers written by...,unknown,8,10.85,217.0,17,9,False,20,0.5
A3QEP8B33K5PZW,"Janapar: Love, on a Bike","Janapar: Love, on a Bike",unknown,9,10.5,210.0,16,7,False,20,0.5
A3QEP8B33K5PZW,Multiple Choice and Free-Response Questions With Dbq in Preparation for the Ap European History Examination,Multiple Choice and Free-Response Questions With D...,unknown,10,10.15,203.0,9,-1,False,20,0.5
A3QEP8B33K5PZW,Sullivan'S Miracle (Silhouette Intimate Moments),Sullivan'S Miracle (Silhouette Intimate Moments),unknown,11,10.15,203.0,2,-9,False,20,0.5
A3QEP8B33K5PZW,Left At The Altar (Romantic Traditions) (Silhouette Intimate Moments),Left At The Altar (Romantic Traditions) (Silhouett...,unknown,12,9.75,195.0,0,-12,False,20,0.5
A3QEP8B33K5PZW,Behavioral Science (Board Review),Behavioral Science (Board Review),unknown,13,9.65,193.0,7,-6,False,20,0.5
A3QEP8B33K5PZW,NORO Kids,NORO Kids,unknown,14,9.1,182.0,4,-10,False,20,0.5
A3QEP8B33K5PZW,Fundamentals of Structural Stability,Fundamentals of Structural Stability,unknown,15,8.9,178.0,3,-12,False,20,0.5
A3QEP8B33K5PZW,The Sacrilege of Alan Kent,The Sacrilege of Alan Kent,unknown,16,8.65,173.0,15,-1,False,20,0.5
A3QEP8B33K5PZW,Discovery. Sponsored By the Dan Family of Canada,Discovery. Sponsored By the Dan Family of Canada,unknown,17,8.55,171.0,13,-4,False,20,0.5
A3QEP8B33K5PZW,Lasers and Electro-optics: Fundamentals and Engineering,Lasers and Electro-optics: Fundamentals and Engine...,unknown,18,8.25,165.0,19,1,False,20,0.5
A3QEP8B33K5PZW,Diary of an Insane Woman,Diary of an Insane Woman,unknown,19,8.1,162.0,6,-13,False,20,0.5
A3QEP8B33K5PZW,Gilbert American Flyer S Gauge Operating and Repair Guide,Gilbert American Flyer S Gauge Operating and Repai...,unknown,20,7.45,149.0,8,-12,False,20,0.5
A2C19DLXC6Q26K,Teach Yourself Writing Crime Fiction,Teach Yourself Writing Crime Fiction,unknown,1,13.9,278.0,4,3,False,20,0.0
A2C19DLXC6Q26K,A Trailside Guide: Parents' Guide to Hiking and Camping (Trailside Guides),A Trailside Guide: Parents' Guide to Hiking and Ca...,unknown,2,13.25,265.0,2,0,False,20,0.0
A2C19DLXC6Q26K,How to Use Financial Statements: A Guide to Understanding the Numbers,How to Use Financial Statements: A Guide to Unders...,unknown,3,12.95,259.0,14,11,False,20,0.0
A2C19DLXC6Q26K,Operation Naji (Sean's File),Operation Naji (Sean's File),unknown,4,12.0,240.0,19,15,False,20,0.0
A2C19DLXC6Q26K,Greylands,Greylands,unknown,5,11.85,237.0,10,5,False,20,0.0
A2C19DLXC6Q26K,Inherit the Word (A Cookbook Nook Mystery),Inherit the Word (A Cookbook Nook Mystery),unknown,6,11.6,232.0,16,10,False,20,0.0
A2C19DLXC6Q26K,"Networking for Success: The Art of Establishing Personal Contacts (Fifty-Minute Series,)",Networking for Success: The Art of Establishing Pe...,unknown,7,11.2,224.0,9,2,False,20,0.0
A2C19DLXC6Q26K,Goodman's Five-Star Stories: Sudden Twists,Goodman's Five-Star Stories: Sudden Twists,unknown,8,11.2,224.0,8,0,False,20,0.0
A2C19DLXC6Q26K,Advertising and Integrated Brand Promotion,Advertising and Integrated Brand Promotion,unknown,9,11.1,222.0,15,6,False,20,0.0
A2C19DLXC6Q26K,Just Me and My Mom (A Little Critter Book),Just Me and My Mom (A Little Critter Book),unknown,10,10.95,219.0,7,-3,True,20,0.0
A2C19DLXC6Q26K,Mischief in the Mushroom Patch,Mischief in the Mushroom Patch,unknown,11,10.75,215.0,3,-8,False,20,0.0
A2C19DLXC6Q26K,The Return Of NightFall,The Return Of NightFall,unknown,12,10.4,208.0,1,-11,False,20,0.0
A2C19DLXC6Q26K,Discussing the Da Vinci Code Curriculum Kit : Examining the Issues Raised by the Book and Movie (DVD Included),Discussing the Da Vinci Code Curriculum Kit : Exam...,unknown,13,10.2,204.0,13,0,False,20,0.0
A2C19DLXC6Q26K,In the Self's Place: The Approach of Saint Augustine (Cultural Memory in the Present),In the Self's Place: The Approach of Saint Augusti...,unknown,14,9.8,196.0,5,-9,False,20,0.0
A2C19DLXC6Q26K,Astrological Origins,Astrological Origins,unknown,15,9.3,186.0,12,-3,False,20,0.0
A2C19DLXC6Q26K,The Legend of the Twenty-First North Pole Santa,The Legend of the Twenty-First North Pole Santa,unknown,16,9.2,184.0,6,-10,False,20,0.0
A2C19DLXC6Q26K,North by South: Carlos Barbosa-Lima Plays the Music of Mason Williams (Carlos Barbosa-Lima Guitar Editions),North by South: Carlos Barbosa-Lima Plays the Musi...,unknown,17,9.0,180.0,11,-6,False,20,0.0
A2C19DLXC6Q26K,A Biblical Case for an Old Earth,A Biblical Case for an Old Earth,unknown,18,8.7,174.0,17,-1,False,20,0.0
A2C19DLXC6Q26K,Panzer Divisions 1944–45 (Battle Orders),Panzer Divisions 1944–45 (Battle Orders),unknown,19,7.35,147.0,0,-19,False,20,0.0
A2C19DLXC6Q26K,Ping Pong & Pussy Popping: An Anecdotal History of the Vagina,Ping Pong & Pussy Popping: An Anecdotal History of...,unknown,20,5.3,106.0,18,-2,False,20,0.0
ACJIUMS379G0W,Five Days in Summer,Five Days in Summer,unknown,1,14.7,294.0,18,17,False,20,0.6309297535714575
ACJIUMS379G0W,Hidden,Hidden,unknown,2,13.5,270.0,14,12,True,20,0.6309297535714575
ACJIUMS379G0W,"The Gluten-Free Vegan: 150 Delicious Gluten-Free, Animal-Free Recipes","The Gluten-Free Vegan: 150 Delicious Gluten-Free, ...",unknown,3,13.2,264.0,7,4,False,20,0.6309297535714575
ACJIUMS379G0W,We Would Have Played for Nothing: Baseball Stars of the 1950s and 1960s Talk About the Game They Loved (Baseball Oral History Poject),We Would Have Played for Nothing: Baseball Stars o...,unknown,4,12.55,251.0,1,-3,False,20,0.6309297535714575
ACJIUMS379G0W,The Devil's Dance,The Devil's Dance,unknown,5,11.9,238.0,9,4,False,20,0.6309297535714575
ACJIUMS379G0W,"Dublin’s Merchant-Quaker: Anthony Sharp and the Community of Friends, 1643-1707",Dublin’s Merchant-Quaker: Anthony Sharp and the Co...,unknown,6,11.4,228.0,3,-3,False,20,0.6309297535714575
ACJIUMS379G0W,911 Love: 50 Years of Porsche 911,911 Love: 50 Years of Porsche 911,unknown,7,11.3,226.0,13,6,False,20,0.6309297535714575
ACJIUMS379G0W,"Twilight (The Twilight Saga, Book 1)","Twilight (The Twilight Saga, Book 1)",unknown,8,10.8,216.0,6,-2,False,20,0.6309297535714575
ACJIUMS379G0W,"Frank Lloyd Wright (Architectural Monographs, No. 18)","Frank Lloyd Wright (Architectural Monographs, No. ...",unknown,9,10.75,215.0,10,1,False,20,0.6309297535714575
ACJIUMS379G0W,Paradise Planned: The Garden Suburb and the Modern City,Paradise Planned: The Garden Suburb and the Modern...,unknown,10,10.5,210.0,16,6,False,20,0.6309297535714575
ACJIUMS379G0W,Art of Faulkner's Novels,Art of Faulkner's Novels,unknown,11,10.35,207.0,17,6,False,20,0.6309297535714575
ACJIUMS379G0W,"Roll Over, Rosie","Roll Over, Rosie",unknown,12,10.05,201.0,5,-7,False,20,0.6309297535714575
ACJIUMS379G0W,"Claire, the Loon","Claire, the Loon",unknown,13,9.8,196.0,15,2,False,20,0.6309297535714575
ACJIUMS379G0W,The Expert's Guide to Weight-Loss Surgery: Is it right for me? What happens during surgery? How do I keep the weight off?,The Expert's Guide to Weight-Loss Surgery: Is it r...,unknown,14,9.6,192.0,4,-10,False,20,0.6309297535714575
ACJIUMS379G0W,Simple Principles for a Happy & Healthy Marriage,Simple Principles for a Happy & Healthy Marriage,unknown,15,9.25,185.0,8,-7,False,20,0.6309297535714575
ACJIUMS379G0W,Environmental Microbiology: A Laboratory Manual (Maier and Pepper Set),Environmental Microbiology: A Laboratory Manual (M...,unknown,16,8.8,176.0,11,-5,False,20,0.6309297535714575
ACJIUMS379G0W,Freefall (Love Inspired Suspense),Freefall (Love Inspired Suspense),unknown,17,8.3,166.0,19,2,False,20,0.6309297535714575
ACJIUMS379G0W,The Millennium Shows,The Millennium Shows,unknown,18,8.15,163.0,2,-16,False,20,0.6309297535714575
ACJIUMS379G0W,Classic Scrapbooking,Classic Scrapbooking,unknown,19,7.7,154.0,0,-19,False,20,0.6309297535714575
ACJIUMS379G0W,Metals Handbook: Volume 12: Fractography (Asm Handbook),Metals Handbook: Volume 12: Fractography (Asm Hand...,unknown,20,7.4,148.0,12,-8,False,20,0.6309297535714575
AQ9MMKN1PVHTT,Don't Make a Black Woman Take Off Her Earrings,Don't Make a Black Woman Take Off Her Earrings,unknown,1,14.6,292.0,18,17,True,20,1.0
AQ9MMKN1PVHTT,Do Butterflies Bite?: Fascinating Answers to Questions about Butterflies and Moths,Do Butterflies Bite?: Fascinating Answers to Quest...,unknown,2,13.85,277.0,4,2,False,20,1.0
AQ9MMKN1PVHTT,I Loved Lucy: My Friendship with Lucille Ball,I Loved Lucy: My Friendship with Lucille Ball,unknown,3,13.25,265.0,6,3,False,20,1.0
AQ9MMKN1PVHTT,Islands at the Edge: Preserving the Queen Charlotte Islands Wilderness,Islands at the Edge: Preserving the Queen Charlott...,unknown,4,12.2,244.0,11,7,False,20,1.0
AQ9MMKN1PVHTT,Poetic Knowledge: The Recovery of Education,Poetic Knowledge: The Recovery of Education,unknown,5,12.0,240.0,14,9,False,20,1.0
AQ9MMKN1PVHTT,Natural Alternatives to HRT (Hormone Replacement Therapy) Cookbook : Understanding Estrogen and Food that Benefits Your Health,Natural Alternatives to HRT (Hormone Replacement T...,unknown,6,11.45,229.0,15,9,False,20,1.0
AQ9MMKN1PVHTT,Dancing Bones: Living Lively in the Valley (Women of Faith (Thomas Nelson)),Dancing Bones: Living Lively in the Valley (Women ...,unknown,7,11.35,227.0,3,-4,False,20,1.0
AQ9MMKN1PVHTT,Follow Me I: The Human Element in Leadership,Follow Me I: The Human Element in Leadership,unknown,8,11.15,223.0,13,5,False,20,1.0
AQ9MMKN1PVHTT,Cowboy Poetry: Horse Tracks Through the Sage,Cowboy Poetry: Horse Tracks Through the Sage,unknown,9,11.05,221.0,12,3,False,20,1.0
AQ9MMKN1PVHTT,The Instrument Flight Manual: The Instrument Rating & Beyond (The Flight Manuals Series),The Instrument Flight Manual: The Instrument Ratin...,unknown,10,10.95,219.0,19,9,False,20,1.0
AQ9MMKN1PVHTT,2009 Artist's & Graphic Designer's Market,2009 Artist's & Graphic Designer's Market,unknown,11,10.05,201.0,2,-9,False,20,1.0
AQ9MMKN1PVHTT,Rochester Neighborhoods (NY) (Images of America),Rochester Neighborhoods (NY) (Images of America),unknown,12,10.0,200.0,10,-2,False,20,1.0
AQ9MMKN1PVHTT,Longman American History Atlas,Longman American History Atlas,unknown,13,9.65,193.0,7,-6,False,20,1.0
AQ9MMKN1PVHTT,"Sandman Mystery Theatre, Vol. 8: The Blackhawk and the Return of the Scarlet Ghost","Sandman Mystery Theatre, Vol. 8: The Blackhawk and...",unknown,14,9.6,192.0,17,3,False,20,1.0
AQ9MMKN1PVHTT,Vampire Quest: Part One,Vampire Quest: Part One,unknown,15,9.6,192.0,5,-10,False,20,1.0
AQ9MMKN1PVHTT,Massive Prayer Adventure,Massive Prayer Adventure,unknown,16,8.9,178.0,1,-15,False,20,1.0
AQ9MMKN1PVHTT,A Mind That Found Itself,A Mind That Found Itself,unknown,17,8.15,163.0,8,-9,False,20,1.0
AQ9MMKN1PVHTT,1807 Georgia Land Lottery Fortunate Drawers and Grantees,1807 Georgia Land Lottery Fortunate Drawers and Gr...,unknown,18,7.7,154.0,9,-9,False,20,1.0
AQ9MMKN1PVHTT,The Elizabethan Journals Two Volume Set: Being a Record of Those Things Most Talked of During the Years 1591-1597 and 1598-1603,The Elizabethan Journals Two Volume Set: Being a R...,unknown,19,7.35,147.0,16,-3,False,20,1.0
AQ9MMKN1PVHTT,The Medium Pkw of the German Wehrmacht 1937-1945 (Schiffer Military History),The Medium Pkw of the German Wehrmacht 1937-1945 (...,unknown,20,7.15,143.0,0,-20,False,20,1.0
A13BN1VDQR2EEI,Every Breath She Takes,Every Breath She Takes,unknown,1,14.55,291.0,17,16,False,20,0.0
A13BN1VDQR2EEI,Ride of a Lifetime: The Sandy Hawley Story,Ride of a Lifetime: The Sandy Hawley Story,unknown,2,14.0,280.0,15,13,False,20,0.0
A13BN1VDQR2EEI,Being the Parent YOU Want to Be: 12 Communication Skills for Effective Parenting,Being the Parent YOU Want to Be: 12 Communication ...,unknown,3,13.45,269.0,2,-1,False,20,0.0
A13BN1VDQR2EEI,Rip It!: How to Deconstruct and Reconstruct the Clothes of Your Dreams,Rip It!: How to Deconstruct and Reconstruct the Cl...,unknown,4,13.25,265.0,19,15,False,20,0.0
A13BN1VDQR2EEI,Continents Apart,Continents Apart,unknown,5,13.1,262.0,0,-5,False,20,0.0
A13BN1VDQR2EEI,Taking the High Road: A Guide to Effective and Legal Employment Practices for Nonprofits - 2nd Edition,Taking the High Road: A Guide to Effective and Leg...,unknown,6,12.55,251.0,1,-5,False,20,0.0
A13BN1VDQR2EEI,Bestiary,Bestiary,unknown,7,12.55,251.0,8,1,False,20,0.0
A13BN1VDQR2EEI,Watchlist: Two Serial Thrillers in One Killer Book,Watchlist: Two Serial Thrillers in One Killer Book,unknown,8,11.65,233.0,3,-5,False,20,0.0
A13BN1VDQR2EEI,The Erotic Writings of Unobtainable,The Erotic Writings of Unobtainable,unknown,9,10.65,213.0,7,-2,False,20,0.0
A13BN1VDQR2EEI,"Be Strong, Be Tough, Be Smart","Be Strong, Be Tough, Be Smart",unknown,10,10.4,208.0,9,-1,False,20,0.0
A13BN1VDQR2EEI,"Civil Procedure, Third Edition (Aspen Student Treatise) (Aspen Student Treatise Series)","Civil Procedure, Third Edition (Aspen Student Trea...",unknown,11,9.9,198.0,5,-6,False,20,0.0
A13BN1VDQR2EEI,Alice In Wonderland (Children's Audio Classics),Alice In Wonderland (Children's Audio Classics),unknown,12,9.6,192.0,13,1,False,20,0.0
A13BN1VDQR2EEI,angelina's pop-up dancing school,angelina's pop-up dancing school,unknown,13,9.5,190.0,6,-7,False,20,0.0
A13BN1VDQR2EEI,Content Area Reading: Literacy and Learning Across the Curriculum (7th Edition),Content Area Reading: Literacy and Learning Across...,unknown,14,9.35,187.0,11,-3,False,20,0.0
A13BN1VDQR2EEI,Beowulf: The Monsters and the Critics,Beowulf: The Monsters and the Critics,unknown,15,8.55,171.0,10,-5,False,20,0.0
A13BN1VDQR2EEI,Complex Analysis (Undergraduate Texts in Mathamatics),Complex Analysis (Undergraduate Texts in Mathamati...,unknown,16,8.3,166.0,14,-2,False,20,0.0
A13BN1VDQR2EEI,Use (Forbidden),Use (Forbidden),unknown,17,8.3,166.0,16,-1,True,20,0.0
A13BN1VDQR2EEI,Deeksha: The Fire from Heaven,Deeksha: The Fire from Heaven,unknown,18,8.15,163.0,12,-6,False,20,0.0
A13BN1VDQR2EEI,Rhymes for Children: Story/Stickerbook,Rhymes for Children: Story/Stickerbook,unknown,19,8.0,160.0,4,-15,False,20,0.0
A13BN1VDQR2EEI,PROGRAMMABLE LOGIC CONT.LAB MA,PROGRAMMABLE LOGIC CONT.LAB MA,unknown,20,4.2,84.0,18,-2,False,20,0.0
A350GEFDEOIP4T,Lead for God's Sake,Lead for God's Sake,unknown,1,17.95,359.0,7,6,True,20,1.0
A350GEFDEOIP4T,A Piece of the World,A Piece of the World,unknown,2,15.85,317.0,14,12,False,20,1.0
A350GEFDEOIP4T,Scott Kelby's Digital Photography Boxed Set: The Step by Step Secrets for How to Make Your Own Photos Look Like the Pro's; Volumes 1 and 2,Scott Kelby's Digital Photography Boxed Set: The S...,unknown,3,13.45,269.0,8,5,False,20,1.0
A350GEFDEOIP4T,Explore Coorg - the Scotland of India,Explore Coorg - the Scotland of India,unknown,4,11.25,225.0,3,-1,False,20,1.0
A350GEFDEOIP4T,Mortal Dilemmas,Mortal Dilemmas,unknown,5,11.2,224.0,9,4,False,20,1.0
A350GEFDEOIP4T,"Mess at Loch Ness (Kid Carmel Private Investigator, Book #3)",Mess at Loch Ness (Kid Carmel Private Investigator...,unknown,6,11.1,222.0,13,7,False,20,1.0
A350GEFDEOIP4T,Tuscan Food & Folklore (Food & Folklore),Tuscan Food & Folklore (Food & Folklore),unknown,7,11.05,221.0,16,9,False,20,1.0
A350GEFDEOIP4T,La Ley de Atraccion: Conceptos Basicos de las Ensenanzas de Abraham,La Ley de Atraccion: Conceptos Basicos de las Ense...,unknown,8,10.3,206.0,2,-6,False,20,1.0
A350GEFDEOIP4T,My Wicked Enchantress,My Wicked Enchantress,unknown,9,10.2,204.0,1,-8,False,20,1.0
A350GEFDEOIP4T,Cayman Sites & Insights An Eco-Heritage Guide to the Cayman Islands,Cayman Sites & Insights An Eco-Heritage Guide to t...,unknown,10,10.2,204.0,12,2,False,20,1.0
A350GEFDEOIP4T,Am I a Good Girl Yet?: Childhood Abuse had Shattered Her. What Would it Take to Make Her Whole?,Am I a Good Girl Yet?: Childhood Abuse had Shatter...,unknown,11,10.1,202.0,15,4,False,20,1.0
A350GEFDEOIP4T,Blink,Blink,unknown,12,9.95,199.0,5,-7,False,20,1.0
A350GEFDEOIP4T,The Day of the Knights: A modern epic tale pitting the evil of a homophobic religious-fanatic serial killer against the good of a noble inner city American and hero of 9/ll.,The Day of the Knights: A modern epic tale pittin...,unknown,13,9.7,194.0,19,6,False,20,1.0
A350GEFDEOIP4T,Little Women ~ Whitman Classics #1605,Little Women ~ Whitman Classics #1605,unknown,14,9.7,194.0,10,-4,False,20,1.0
A350GEFDEOIP4T,Spike it,Spike it,unknown,15,8.65,173.0,11,-4,False,20,1.0
A350GEFDEOIP4T,Complementary and Alternative Veterinary Medicine Considered,Complementary and Alternative Veterinary Medicine ...,unknown,16,8.55,171.0,18,2,False,20,1.0
A350GEFDEOIP4T,Lawyers' Book of Days,Lawyers' Book of Days,unknown,17,8.05,161.0,4,-13,False,20,1.0
A350GEFDEOIP4T,Giles Goat-Boy (Anchor Literary Library),Giles Goat-Boy (Anchor Literary Library),unknown,18,8.05,161.0,17,-1,False,20,1.0
A350GEFDEOIP4T,"An Album of Postludes, Seven Pieces for Organ","An Album of Postludes, Seven Pieces for Organ",unknown,19,7.85,157.0,6,-13,False,20,1.0
A350GEFDEOIP4T,Chichewa For English Speakers,Chichewa For English Speakers,unknown,20,6.85,137.0,0,-20,False,20,1.0
AESQGRVP7A2O9,"Encyclopedia of Weird Westerns: Supernatural and Science Fiction Elements in Novels, Pulps, Comics, Films, Television and Games",Encyclopedia of Weird Westerns: Supernatural and S...,unknown,1,17.4,348.0,16,15,True,20,1.0
AESQGRVP7A2O9,Children of the Seventh Fire: An Ancient Prophecy for Modern Times,Children of the Seventh Fire: An Ancient Prophecy ...,unknown,2,15.65,313.0,13,11,False,20,1.0
AESQGRVP7A2O9,Life in The Faith Lane,Life in The Faith Lane,unknown,3,13.2,264.0,10,7,False,20,1.0
AESQGRVP7A2O9,A Perfect Scoundrel (Lords of Love),A Perfect Scoundrel (Lords of Love),unknown,4,12.9,258.0,12,8,False,20,1.0
AESQGRVP7A2O9,Financial Independence,Financial Independence,unknown,5,12.35,247.0,14,9,False,20,1.0
AESQGRVP7A2O9,The Trial of Jack the Ripper: The Case of William Bury (1859-89),The Trial of Jack the Ripper: The Case of William ...,unknown,6,12.0,240.0,15,9,False,20,1.0
AESQGRVP7A2O9,Let a Shepherd Be Your Guide,Let a Shepherd Be Your Guide,unknown,7,11.85,237.0,9,2,False,20,1.0
AESQGRVP7A2O9,Italian Dreams,Italian Dreams,unknown,8,11.7,234.0,11,3,False,20,1.0
AESQGRVP7A2O9,Blood Betrayal,Blood Betrayal,unknown,9,11.55,231.0,3,-6,False,20,1.0
AESQGRVP7A2O9,Fundamentals of Orthopaedics,Fundamentals of Orthopaedics,unknown,10,9.6,192.0,4,-6,False,20,1.0
AESQGRVP7A2O9,"The World of Salt Shakers: Antique & Art Glass Value Guide, Vol. 2, 2nd Edition",The World of Salt Shakers: Antique & Art Glass Val...,unknown,11,9.4,188.0,0,-11,False,20,1.0
AESQGRVP7A2O9,The Axioms Of Descriptive Geometry (Cambridge Tracts in Mathematics and Mathematical Physics),The Axioms Of Descriptive Geometry (Cambridge Trac...,unknown,12,9.4,188.0,1,-11,False,20,1.0
AESQGRVP7A2O9,The Fall of the Angel Nathalie,The Fall of the Angel Nathalie,unknown,13,9.1,182.0,7,-6,False,20,1.0
AESQGRVP7A2O9,The Highbush Blueberry and Its Management,The Highbush Blueberry and Its Management,unknown,14,9.0,180.0,19,5,False,20,1.0
AESQGRVP7A2O9,The Organization Man,The Organization Man,unknown,15,8.7,174.0,17,2,False,20,1.0
AESQGRVP7A2O9,Commodity Fundamentals,Commodity Fundamentals,unknown,16,7.65,153.0,18,2,False,20,1.0
AESQGRVP7A2O9,Cash For Gold Secrets Revealed,Cash For Gold Secrets Revealed,unknown,17,7.5,150.0,2,-15,False,20,1.0
AESQGRVP7A2O9,Gary Renard 2009 Workshop Audio Book,Gary Renard 2009 Workshop Audio Book,unknown,18,7.35,147.0,6,-12,False,20,1.0
AESQGRVP7A2O9,Teología bíblica del Nuevo Testamento (Spanish Edition),Teología bíblica del Nuevo Testamento (Spanish Edi...,unknown,19,6.95,139.0,8,-11,False,20,1.0
AESQGRVP7A2O9,"Cracking the NEW SAT with Sample Tests on CD-ROM, 2005 Edition (College Test Prep)","Cracking the NEW SAT with Sample Tests on CD-ROM, ...",unknown,20,6.75,135.0,5,-15,False,20,1.0
A3MH8UVSALEQPW,Vulture Peak (Sonchai Jitpleecheep Book 5),Vulture Peak (Sonchai Jitpleecheep Book 5),unknown,1,15.45,309.0,15,14,False,20,0.43067655807339306
A3MH8UVSALEQPW,What I Wish I'd Known in High School,What I Wish I'd Known in High School,unknown,2,14.35,287.0,3,1,False,20,0.43067655807339306
A3MH8UVSALEQPW,Emma's Story,Emma's Story,unknown,3,14.15,283.0,13,10,False,20,0.43067655807339306
A3MH8UVSALEQPW,NP Certification Exam Review & Advanced Practice Update,NP Certification Exam Review & Advanced Practice U...,unknown,4,13.45,269.0,5,1,True,20,0.43067655807339306
A3MH8UVSALEQPW,The Obsession,The Obsession,unknown,5,12.3,246.0,7,2,False,20,0.43067655807339306
A3MH8UVSALEQPW,Angel Falling Softly,Angel Falling Softly,unknown,6,11.65,233.0,14,8,False,20,0.43067655807339306
A3MH8UVSALEQPW,"George S. Kaufman: His Life, His Theater","George S. Kaufman: His Life, His Theater",unknown,7,11.65,233.0,17,10,False,20,0.43067655807339306
A3MH8UVSALEQPW,"Tough Questions, Great Answers: Responding to Patient Concerns About Today's Dentistry","Tough Questions, Great Answers: Responding to Pati...",unknown,8,11.4,228.0,6,-2,False,20,0.43067655807339306
A3MH8UVSALEQPW,Millennium Star Atlas: An All-Sky Atlas Comprising One Million Stars to Visual Magnitude Eleven from the Hipparcos and Tycho Catalogues and Ten Thousand Nonstellar Objects,Millennium Star Atlas: An All-Sky Atlas Comprising...,unknown,9,11.05,221.0,1,-8,False,20,0.43067655807339306
A3MH8UVSALEQPW,The Art of Fashion Draping 3rd edition,The Art of Fashion Draping 3rd edition,unknown,10,10.75,215.0,0,-10,False,20,0.43067655807339306
A3MH8UVSALEQPW,New Shanghai Cuisine: Bridging the Old and the New (Mc Cuisine),New Shanghai Cuisine: Bridging the Old and the New...,unknown,11,10.75,215.0,2,-9,False,20,0.43067655807339306
A3MH8UVSALEQPW,Bottles and Bottle Collecting (Shire Library),Bottles and Bottle Collecting (Shire Library),unknown,12,10.3,206.0,16,4,False,20,0.43067655807339306
A3MH8UVSALEQPW,A Randall Thanksgiving,A Randall Thanksgiving,unknown,13,9.25,185.0,9,-4,False,20,0.43067655807339306
A3MH8UVSALEQPW,Rivers: Through the Eyes of a Blind Dog: Through the Eyes of a Blind Sled Dog,Rivers: Through the Eyes of a Blind Dog: Through t...,unknown,14,9.15,183.0,18,4,False,20,0.43067655807339306
A3MH8UVSALEQPW,IRS Enrolled Agent Exam Study Guide 2013-2014,IRS Enrolled Agent Exam Study Guide 2013-2014,unknown,15,9.15,183.0,11,-4,False,20,0.43067655807339306
A3MH8UVSALEQPW,Accelerated Financial Closing with SAP,Accelerated Financial Closing with SAP,unknown,16,9.0,180.0,8,-8,False,20,0.43067655807339306
A3MH8UVSALEQPW,Scotlands Books: The Penguin History Of Scottish Literature,Scotlands Books: The Penguin History Of Scottish L...,unknown,17,8.25,165.0,12,-5,False,20,0.43067655807339306
A3MH8UVSALEQPW,Monster Party (Glitter Tattoos),Monster Party (Glitter Tattoos),unknown,18,6.85,137.0,19,1,False,20,0.43067655807339306
A3MH8UVSALEQPW,With the Judeans in the Palestine Campaign (Classic Reprint),With the Judeans in the Palestine Campaign (Classi...,unknown,19,6.2,124.0,4,-15,False,20,0.43067655807339306
A3MH8UVSALEQPW,'68 (Siete Cuentos) (Spanish Edition),'68 (Siete Cuentos) (Spanish Edition),unknown,20,4.9,98.0,10,-10,False,20,0.43067655807339306
A1PGOZ432LWV2F,"Mastering Lean Product Development: A Practical, Event-Driven Process for Maximizing Speed, Profits, and Quality","Mastering Lean Product Development: A Practical, E...",unknown,1,17.45,349.0,5,4,False,20,0.43067655807339306
A1PGOZ432LWV2F,Hardware Interfacing with RobotBASIC,Hardware Interfacing with RobotBASIC,unknown,2,15.6,312.0,13,11,False,20,0.43067655807339306
A1PGOZ432LWV2F,On Histories and Stories: Selected Essays,On Histories and Stories: Selected Essays,unknown,3,13.85,277.0,15,12,False,20,0.43067655807339306
A1PGOZ432LWV2F,Mustang 1964 1/2 - 73 Restoration Guide (Motorbooks Workshop),Mustang 1964 1/2 - 73 Restoration Guide (Motorbook...,unknown,4,11.55,231.0,9,5,False,20,0.43067655807339306
A1PGOZ432LWV2F,Fruit (First Discovery Series),Fruit (First Discovery Series),unknown,5,11.3,226.0,2,-3,False,20,0.43067655807339306
A1PGOZ432LWV2F,Harry Potter Poster Collection: The Quintessential Images (Insights Poster Collections),Harry Potter Poster Collection: The Quintessential...,unknown,6,11.1,222.0,4,-2,False,20,0.43067655807339306
A1PGOZ432LWV2F,Jesus: The Greatest Life of All (Great Lives from God s Word),Jesus: The Greatest Life of All (Great Lives from ...,unknown,7,10.9,218.0,19,12,False,20,0.43067655807339306
A1PGOZ432LWV2F,Influx,Influx,unknown,8,10.9,218.0,8,0,True,20,0.43067655807339306
A1PGOZ432LWV2F,Alice Faye: A Bio-Bibliography (Bio-Bibliographies in the Performing Arts),Alice Faye: A Bio-Bibliography (Bio-Bibliographies...,unknown,9,10.6,212.0,3,-6,False,20,0.43067655807339306
A1PGOZ432LWV2F,The Secret of Spring,The Secret of Spring,unknown,10,10.55,211.0,16,6,False,20,0.43067655807339306
A1PGOZ432LWV2F,Isabella: The Belle of Ironwood,Isabella: The Belle of Ironwood,unknown,11,10.2,204.0,0,-11,False,20,0.43067655807339306
A1PGOZ432LWV2F,The Electronic Physician: Guidelines for Implementing a Paperless Practice,The Electronic Physician: Guidelines for Implement...,unknown,12,10.1,202.0,10,-2,False,20,0.43067655807339306
A1PGOZ432LWV2F,Leo's Birds,Leo's Birds,unknown,13,10.0,200.0,6,-7,False,20,0.43067655807339306
A1PGOZ432LWV2F,The Food Lovers FAT LOSS SYSTEM ~ Million Meals Menu Planner,The Food Lovers FAT LOSS SYSTEM ~ Million Meals Me...,unknown,14,8.9,178.0,17,3,False,20,0.43067655807339306
A1PGOZ432LWV2F,Dreamsongs: Volume II,Dreamsongs: Volume II,unknown,15,8.5,170.0,18,3,False,20,0.43067655807339306
A1PGOZ432LWV2F,April Monthly Idea Book,April Monthly Idea Book,unknown,16,8.35,167.0,1,-15,False,20,0.43067655807339306
A1PGOZ432LWV2F,"First Start Reading, Book B","First Start Reading, Book B",unknown,17,8.1,162.0,14,-3,False,20,0.43067655807339306
A1PGOZ432LWV2F,Linux Email,Linux Email,unknown,18,7.9,158.0,11,-7,False,20,0.43067655807339306
A1PGOZ432LWV2F,Death in the Dorm (Choose Your Own Adventure No. 171),Death in the Dorm (Choose Your Own Adventure No. 1...,unknown,19,7.15,143.0,12,-7,False,20,0.43067655807339306
A1PGOZ432LWV2F,"Primary Mathematics Grade 3B, Textbook, Standards Edition","Primary Mathematics Grade 3B, Textbook, Standards ...",unknown,20,7.0,140.0,7,-13,False,20,0.43067655807339306
A30VFXOT93XBFA,Gotham: A History of New York City to 1898,Gotham: A History of New York City to 1898,unknown,1,16.3,326.0,10,9,True,20,1.0
A30VFXOT93XBFA,"The 10 Best of Everything, Second Edition: An Ultimate Guide for Travelers (National Geographic the Ten Best of Everything)","The 10 Best of Everything, Second Edition: An Ulti...",unknown,2,14.55,291.0,0,-2,False,20,1.0
A30VFXOT93XBFA,Reconsider love,Reconsider love,unknown,3,13.75,275.0,8,5,False,20,1.0
A30VFXOT93XBFA,Uses of Intertextuality in Classroom and Educational Research,Uses of Intertextuality in Classroom and Education...,unknown,4,11.8,236.0,15,11,False,20,1.0
A30VFXOT93XBFA,Nine Rubies,Nine Rubies,unknown,5,11.35,227.0,17,12,False,20,1.0
A30VFXOT93XBFA,Alternative Assessments With Gifted and Talented Students: With Gifted and Talented Students (Critical Issues in Equity and Excellence in Gifted Education),Alternative Assessments With Gifted and Talented S...,unknown,6,11.15,223.0,2,-4,False,20,1.0
A30VFXOT93XBFA,Peace From Nervous Suffering,Peace From Nervous Suffering,unknown,7,10.95,219.0,7,0,False,20,1.0
A30VFXOT93XBFA,Mitchells: Five for Victory (Volume 1) (The Mitchells Series),Mitchells: Five for Victory (Volume 1) (The Mitche...,unknown,8,10.6,212.0,13,5,False,20,1.0
A30VFXOT93XBFA,Asia Home: Inspirational Design Ideas,Asia Home: Inspirational Design Ideas,unknown,9,10.4,208.0,19,10,False,20,1.0
A30VFXOT93XBFA,Without Alibi (Meridian: Crossing Aesthetics),Without Alibi (Meridian: Crossing Aesthetics),unknown,10,10.35,207.0,3,-7,False,20,1.0
A30VFXOT93XBFA,Greatheart Silver,Greatheart Silver,unknown,11,10.15,203.0,12,1,False,20,1.0
A30VFXOT93XBFA,"Exam Prep for Abstract Algebra by Herstein, 3rd Ed.","Exam Prep for Abstract Algebra by Herstein, 3rd Ed...",unknown,12,9.85,197.0,9,-3,False,20,1.0
A30VFXOT93XBFA,Engineering Design and Graphics with Autodesk Inventor 2009 (Autodesk Design Institute Press),Engineering Design and Graphics with Autodesk Inve...,unknown,13,9.65,193.0,11,-2,False,20,1.0
A30VFXOT93XBFA,A Bloomin' Bouquet: Letters from Myrtle,A Bloomin' Bouquet: Letters from Myrtle,unknown,14,9.3,186.0,6,-8,False,20,1.0
A30VFXOT93XBFA,CFP Board Financial Planning Competency Handbook,CFP Board Financial Planning Competency Handbook,unknown,15,8.8,176.0,14,-1,False,20,1.0
A30VFXOT93XBFA,"Bleuette Clothing Patterns, 1905-1916","Bleuette Clothing Patterns, 1905-1916",unknown,16,8.75,175.0,5,-11,False,20,1.0
A30VFXOT93XBFA,The Preacher's Wife,The Preacher's Wife,unknown,17,8.65,173.0,1,-16,False,20,1.0
A30VFXOT93XBFA,"The Secret Place: an Earthy Rendition of Main Street America (Orignal Title, the Man Who Looked Like the Prince of Wales",The Secret Place: an Earthy Rendition of Main Stre...,unknown,18,8.45,169.0,16,-2,False,20,1.0
A30VFXOT93XBFA,"Su Primer Ano en el Network Marketing: !Supere Sus Miedos, Alcance el Exito, y Logre Sus Suenos! (Spanish Edition)",Su Primer Ano en el Network Marketing: !Supere Sus...,unknown,19,7.6,152.0,4,-15,False,20,1.0
A30VFXOT93XBFA,Superbia,Superbia,unknown,20,7.6,152.0,18,-2,False,20,1.0
A3FAG6UKCT4DEY,Macbeth: A Novel,Macbeth: A Novel,unknown,1,14.15,283.0,3,2,True,20,1.0
A3FAG6UKCT4DEY,"Mist (Midgard, 1)","Mist (Midgard, 1)",unknown,2,13.8,276.0,11,9,False,20,1.0
A3FAG6UKCT4DEY,Castles in the Sea: All About Icebergs,Castles in the Sea: All About Icebergs,unknown,3,12.1,242.0,7,4,False,20,1.0
A3FAG6UKCT4DEY,"Letters from Elmer Keith: A Half Century of Advice on Guns, Ammo, Handloading, Hunting, and Other Pursuits",Letters from Elmer Keith: A Half Century of Advice...,unknown,4,11.95,239.0,10,6,False,20,1.0
A3FAG6UKCT4DEY,Baseball Travel Map,Baseball Travel Map,unknown,5,11.9,238.0,17,12,False,20,1.0
A3FAG6UKCT4DEY,"How to Train Your Dragon: How to Betray a Dragon's Hero (How to Train Your Dragon, 11)",How to Train Your Dragon: How to Betray a Dragon's...,unknown,6,11.4,228.0,19,13,False,20,1.0
A3FAG6UKCT4DEY,Green Belt KenKen® (Martial Arts Puzzles Series),Green Belt KenKen® (Martial Arts Puzzles Series),unknown,7,11.35,227.0,0,-7,False,20,1.0
A3FAG6UKCT4DEY,Loving the Way Jesus Loves,Loving the Way Jesus Loves,unknown,8,11.25,225.0,9,1,False,20,1.0
A3FAG6UKCT4DEY,"The Lawman's Holiday Wish (Kirkwood Lake, 3)","The Lawman's Holiday Wish (Kirkwood Lake, 3)",unknown,9,11.1,222.0,4,-5,False,20,1.0
A3FAG6UKCT4DEY,Dog Stickers (Dover Little Activity Books Stickers),Dog Stickers (Dover Little Activity Books Stickers...,unknown,10,10.45,209.0,8,-2,False,20,1.0
A3FAG6UKCT4DEY,Organic Parenting: The Prevention of Parent Deficit Disorder,Organic Parenting: The Prevention of Parent Defici...,unknown,11,10.4,208.0,12,1,False,20,1.0
A3FAG6UKCT4DEY,Strange Tales,Strange Tales,unknown,12,10.05,201.0,6,-6,False,20,1.0
A3FAG6UKCT4DEY,Baseball Umpires Encyclopedia,Baseball Umpires Encyclopedia,unknown,13,9.75,195.0,13,0,False,20,1.0
A3FAG6UKCT4DEY,The third man,The third man,unknown,14,9.35,187.0,2,-12,False,20,1.0
A3FAG6UKCT4DEY,Drive the Deal! How to Buy Used Cars,Drive the Deal! How to Buy Used Cars,unknown,15,9.25,185.0,18,3,False,20,1.0
A3FAG6UKCT4DEY,"""It's A Freeway Out There!"" The Parent's Guide to the Film & Commercial Business Is NOW CALLED It's A Freeway Out There! Everyone's Guide to the Film and Commercial Industry","""It's A Freeway Out There!"" The Parent's Guide to ...",unknown,16,8.95,179.0,1,-15,False,20,1.0
A3FAG6UKCT4DEY,The Way of the Odin Brotherhood,The Way of the Odin Brotherhood,unknown,17,8.7,174.0,16,-1,False,20,1.0
A3FAG6UKCT4DEY,The Bicameral Critic,The Bicameral Critic,unknown,18,8.7,174.0,14,-4,False,20,1.0
A3FAG6UKCT4DEY,X Files YA #12 Grotesque,X Files YA #12 Grotesque,unknown,19,8.6,172.0,5,-14,False,20,1.0
A3FAG6UKCT4DEY,The American Treasury of Golden Oldies Songbook,The American Treasury of Golden Oldies Songbook,unknown,20,6.8,136.0,15,-5,False,20,1.0
AJ7P4B6QPP06P,Napkin Folding: 44 Ways to Turn a Square of Linen into a Work of Art,Napkin Folding: 44 Ways to Turn a Square of Linen ...,unknown,1,15.0,300.0,3,2,False,20,0.0
AJ7P4B6QPP06P,"Repairing Rainbows: A True Story of Family, Tragedy, and Choices","Repairing Rainbows: A True Story of Family, Traged...",unknown,2,15.0,300.0,19,17,False,20,0.0
AJ7P4B6QPP06P,"Ceridwen's Handbook of Incense, Oils, and Candles: Being a Guide to the Magickal and Spiritual Uses of Oils, Incense, Candles, and the Like","Ceridwen's Handbook of Incense, Oils, and Candles:...",unknown,3,14.9,298.0,0,-3,False,20,0.0
AJ7P4B6QPP06P,Fat Fast Cookbook: 50 Easy Recipes to Jump Start Your Low Carb Weight Loss (Carbsmart Low-Carb Cookbooks),Fat Fast Cookbook: 50 Easy Recipes to Jump Start Y...,unknown,4,13.25,265.0,6,2,False,20,0.0
AJ7P4B6QPP06P,A Horse's Best Friend: A Kona Story (Wind Dancers),A Horse's Best Friend: A Kona Story (Wind Dancers),unknown,5,12.9,258.0,4,-1,False,20,0.0
AJ7P4B6QPP06P,Oya: In Praise of an African Goddess,Oya: In Praise of an African Goddess,unknown,6,12.75,255.0,7,1,False,20,0.0
AJ7P4B6QPP06P,Be Daring (Acts 13-28): Put Your Faith Where the Action Is (The BE Series Commentary),Be Daring (Acts 13-28): Put Your Faith Where the A...,unknown,7,11.85,237.0,9,2,False,20,0.0
AJ7P4B6QPP06P,Wings over Suez: The Only Authoritative Account of Air Operations During the Sinai and Suez Wars of 1956,Wings over Suez: The Only Authoritative Account of...,unknown,8,11.4,228.0,18,10,False,20,0.0
AJ7P4B6QPP06P,Across the Winds of Time,Across the Winds of Time,unknown,9,11.05,221.0,14,5,True,20,0.0
AJ7P4B6QPP06P,Code Name: Red Apple,Code Name: Red Apple,unknown,10,10.55,211.0,5,-5,False,20,0.0
AJ7P4B6QPP06P,Mexico (World neighbor series),Mexico (World neighbor series),unknown,11,9.45,189.0,13,2,False,20,0.0
AJ7P4B6QPP06P,Bible Guess Who?: A Slide & See Book,Bible Guess Who?: A Slide & See Book,unknown,12,9.45,189.0,2,-10,False,20,0.0
AJ7P4B6QPP06P,The Peace War,The Peace War,unknown,13,9.05,181.0,12,-1,False,20,0.0
AJ7P4B6QPP06P,Other-Worldly: Making Chinese Medicine through Transnational Frames,Other-Worldly: Making Chinese Medicine through Tra...,unknown,14,8.5,170.0,1,-13,False,20,0.0
AJ7P4B6QPP06P,The fifty-year decline and fall of Hollywood,The fifty-year decline and fall of Hollywood,unknown,15,8.35,167.0,8,-7,False,20,0.0
AJ7P4B6QPP06P,French Hand Sewing for Machine,French Hand Sewing for Machine,unknown,16,8.35,167.0,15,-1,False,20,0.0
AJ7P4B6QPP06P,Bib-li-op-e-gis-tic (Pertaining to the art of binding books.—Dibdin) to which is appended a glossary of some terms used in the craft,Bib-li-op-e-gis-tic (Pertaining to the art of bind...,unknown,17,8.3,166.0,16,-1,False,20,0.0
AJ7P4B6QPP06P,Civil War in Texas and the Southwest,Civil War in Texas and the Southwest,unknown,18,7.35,147.0,10,-8,False,20,0.0
AJ7P4B6QPP06P,Computers Simplified,Computers Simplified,unknown,19,7.15,143.0,11,-8,False,20,0.0
AJ7P4B6QPP06P,Neonomicon,Neonomicon,unknown,20,5.4,108.0,17,-3,False,20,0.0
A1FM6JULG5N7XQ,To Saint Patrick,To Saint Patrick,unknown,1,14.7,294.0,4,3,False,20,0.6309297535714575
A1FM6JULG5N7XQ,Addicted to You (Volume 1),Addicted to You (Volume 1),unknown,2,13.3,266.0,7,5,True,20,0.6309297535714575
A1FM6JULG5N7XQ,Route 66 in Arizona (Images of America),Route 66 in Arizona (Images of America),unknown,3,12.95,259.0,9,6,False,20,0.6309297535714575
A1FM6JULG5N7XQ,So You Graduated College: A Financial Guide to Life After Graduation,So You Graduated College: A Financial Guide to Lif...,unknown,4,12.95,259.0,13,9,False,20,0.6309297535714575
A1FM6JULG5N7XQ,Missouri Legends: Famous People from the Show Me State,Missouri Legends: Famous People from the Show Me S...,unknown,5,12.9,258.0,19,14,False,20,0.6309297535714575
A1FM6JULG5N7XQ,The Boy Who Caught the Fish,The Boy Who Caught the Fish,unknown,6,11.95,239.0,6,0,False,20,0.6309297535714575
A1FM6JULG5N7XQ,A Pagan Ritual Prayer Book,A Pagan Ritual Prayer Book,unknown,7,11.9,238.0,0,-7,False,20,0.6309297535714575
A1FM6JULG5N7XQ,1001 Words You Need To Know and Use: An A-Z of Effective Vocabulary,1001 Words You Need To Know and Use: An A-Z of Eff...,unknown,8,10.95,219.0,16,8,False,20,0.6309297535714575
A1FM6JULG5N7XQ,Ten Little Chicks (Board Counting Books),Ten Little Chicks (Board Counting Books),unknown,9,10.7,214.0,17,8,False,20,0.6309297535714575
A1FM6JULG5N7XQ,Sound Recall,Sound Recall,unknown,10,10.15,203.0,2,-8,False,20,0.6309297535714575
A1FM6JULG5N7XQ,The History of Hip Hop (Crabtree Contact Level 2),The History of Hip Hop (Crabtree Contact Level 2),unknown,11,10.05,201.0,5,-6,False,20,0.6309297535714575
A1FM6JULG5N7XQ,el secreto de los andes / The Secret of the Andes (Spanish Edition),el secreto de los andes / The Secret of the Andes ...,unknown,12,9.95,199.0,1,-11,False,20,0.6309297535714575
A1FM6JULG5N7XQ,Eternal Butrint: A UNESCO World Heritage Site in Albania,Eternal Butrint: A UNESCO World Heritage Site in A...,unknown,13,9.85,197.0,15,2,False,20,0.6309297535714575
A1FM6JULG5N7XQ,Republic's P-47 Thunderbolt: From Seversky to Victory,Republic's P-47 Thunderbolt: From Seversky to Vict...,unknown,14,9.4,188.0,8,-6,False,20,0.6309297535714575
A1FM6JULG5N7XQ,Nick Ready-to-Read Boxed Set: Learn to Read with SpongeBob and Friends! (Ready-To-Reads),Nick Ready-to-Read Boxed Set: Learn to Read with S...,unknown,15,8.95,179.0,11,-4,False,20,0.6309297535714575
A1FM6JULG5N7XQ,The Mongol (Casca Ser. 22),The Mongol (Casca Ser. 22),unknown,16,8.95,179.0,12,-4,False,20,0.6309297535714575
A1FM6JULG5N7XQ,Xcode 3 Unleashed,Xcode 3 Unleashed,unknown,17,8.5,170.0,18,1,False,20,0.6309297535714575
A1FM6JULG5N7XQ,I'm Fine with God...It's Christians I Can't Stand: Getting Past the Religious Garbage in the Search for Spiritual Truth (ConversantLife.com),I'm Fine with God...It's Christians I Can't Stand:...,unknown,18,8.0,160.0,14,-4,False,20,0.6309297535714575
A1FM6JULG5N7XQ,A Letter To Lord Castlereagh From Colonel George Hanger (1808),A Letter To Lord Castlereagh From Colonel George H...,unknown,19,7.1,142.0,3,-16,False,20,0.6309297535714575
A1FM6JULG5N7XQ,Hôtel de Bourbon-Condé,Hôtel de Bourbon-Condé,unknown,20,6.8,136.0,10,-10,False,20,0.6309297535714575
A2SR4B8A9AHY97,Setting Your Heart on Fire: Seven Invitations to Liberate Your Life,Setting Your Heart on Fire: Seven Invitations to L...,unknown,1,14.6,292.0,13,12,False,20,0.5
A2SR4B8A9AHY97,Laws of the Bandit Queens: Words to Live by from 35 of Today's Most Revolutionary Women,Laws of the Bandit Queens: Words to Live by from 3...,unknown,2,12.95,259.0,5,3,False,20,0.5
A2SR4B8A9AHY97,The Heart Of A Viking And The Faith Of A Child: Lessons from the Appalachian Trail,The Heart Of A Viking And The Faith Of A Child: Le...,unknown,3,12.6,252.0,17,14,False,20,0.5
A2SR4B8A9AHY97,Endless Knight (The Arcana Chronicles),Endless Knight (The Arcana Chronicles),unknown,4,12.55,251.0,12,8,True,20,0.5
A2SR4B8A9AHY97,Come As You Are: How Your Personality Shapes Your Relationship With God,Come As You Are: How Your Personality Shapes Your ...,unknown,5,12.55,251.0,7,2,False,20,0.5
A2SR4B8A9AHY97,The World of Jesus: Making Sense of the People and Places of Jesus' Day,The World of Jesus: Making Sense of the People and...,unknown,6,12.55,251.0,9,3,False,20,0.5
A2SR4B8A9AHY97,"Understanding Living Trusts: How You Can Avoid Probate, Save Taxes and Enjoy Peace of Mind",Understanding Living Trusts: How You Can Avoid Pro...,unknown,7,12.1,242.0,18,11,False,20,0.5
A2SR4B8A9AHY97,Jade Sky (A Matt Rowley),Jade Sky (A Matt Rowley),unknown,8,11.95,239.0,2,-6,False,20,0.5
A2SR4B8A9AHY97,Michael Jackson,Michael Jackson,unknown,9,11.75,235.0,11,2,False,20,0.5
A2SR4B8A9AHY97,Antiquing Weekends: 52 Excursions across America,Antiquing Weekends: 52 Excursions across America,unknown,10,11.45,229.0,0,-10,False,20,0.5
A2SR4B8A9AHY97,Tales of the Sacred Heart,Tales of the Sacred Heart,unknown,11,11.15,223.0,10,-1,False,20,0.5
A2SR4B8A9AHY97,Balance: The Economics of Great Powers from Ancient Rome to Modern America,Balance: The Economics of Great Powers from Ancien...,unknown,12,11.0,220.0,19,7,False,20,0.5
A2SR4B8A9AHY97,"Fit for Golf : How a Personalized Conditioning Routine Can Help You Improve Your Score, Hit the Ball Further, and E",Fit for Golf : How a Personalized Conditioning Rou...,unknown,13,10.45,209.0,15,2,False,20,0.5
A2SR4B8A9AHY97,The Alfred G. Graebner Memorial High School Handbook of Rules and Regulations: A Novel,The Alfred G. Graebner Memorial High School Handbo...,unknown,14,8.2,164.0,1,-13,False,20,0.5
A2SR4B8A9AHY97,Book Indexing (Cambridge Author's and Publisher's Guides),Book Indexing (Cambridge Author's and Publisher's ...,unknown,15,8.15,163.0,8,-7,False,20,0.5
A2SR4B8A9AHY97,Structured Finance and Collateralized Debt Obligations: New Developments in Cash and Synthetic Securitization,Structured Finance and Collateralized Debt Obligat...,unknown,16,7.9,158.0,14,-2,False,20,0.5
A2SR4B8A9AHY97,Human Landscapes (Persea Series of Poetry in Translation) (English and Turkish Edition),Human Landscapes (Persea Series of Poetry in Trans...,unknown,17,7.5,150.0,4,-13,False,20,0.5
A2SR4B8A9AHY97,The Best 125 Vegetable Dishes,The Best 125 Vegetable Dishes,unknown,18,7.35,147.0,6,-12,False,20,0.5
A2SR4B8A9AHY97,"My love affair with the Navy,","My love affair with the Navy,",unknown,19,7.05,141.0,16,-3,False,20,0.5
A2SR4B8A9AHY97,A Co to Takiego? A pictural dictionary of the Polish language,A Co to Takiego? A pictural dictionary of the Poli...,unknown,20,6.2,124.0,3,-17,False,20,0.5
A2HV4MUC4KKODD,Asylum: Inside the Closed World of State Mental Hospitals (The MIT Press),Asylum: Inside the Closed World of State Mental Ho...,unknown,1,17.9,358.0,11,10,False,20,0.5
A2HV4MUC4KKODD,Indoor Plants,Indoor Plants,unknown,2,14.15,283.0,2,0,False,20,0.5
A2HV4MUC4KKODD,Freeman,Freeman,unknown,3,13.85,277.0,3,0,True,20,0.5
A2HV4MUC4KKODD,Dark Enchantment,Dark Enchantment,unknown,4,11.8,236.0,0,-4,False,20,0.5
A2HV4MUC4KKODD,The Norman Maclean Reader,The Norman Maclean Reader,unknown,5,11.6,232.0,1,-4,False,20,0.5
A2HV4MUC4KKODD,Baking From My Home To Yours,Baking From My Home To Yours,unknown,6,11.45,229.0,19,13,False,20,0.5
A2HV4MUC4KKODD,Random Thoughts Of An Outkast: Poetry And Thoughts On Life,Random Thoughts Of An Outkast: Poetry And Thoughts...,unknown,7,11.2,224.0,14,7,False,20,0.5
A2HV4MUC4KKODD,Teaching Children Tennis the Vic Braden Way,Teaching Children Tennis the Vic Braden Way,unknown,8,10.3,206.0,10,2,False,20,0.5
A2HV4MUC4KKODD,The Healing Code: My Own Story and 5-Step Healing Programme,The Healing Code: My Own Story and 5-Step Healing ...,unknown,9,10.2,204.0,15,6,False,20,0.5
A2HV4MUC4KKODD,La Pianista De Varsovia,La Pianista De Varsovia,unknown,10,9.95,199.0,4,-6,False,20,0.5
A2HV4MUC4KKODD,The Golden Calf Of Aaron,The Golden Calf Of Aaron,unknown,11,9.8,196.0,7,-4,False,20,0.5
A2HV4MUC4KKODD,Yankee Magazine's Now That's Ingenious,Yankee Magazine's Now That's Ingenious,unknown,12,9.45,189.0,8,-4,False,20,0.5
A2HV4MUC4KKODD,Darcy's Pemberley,Darcy's Pemberley,unknown,13,9.4,188.0,12,-1,False,20,0.5
A2HV4MUC4KKODD,"Jane Austen, structure and social vision","Jane Austen, structure and social vision",unknown,14,9.2,184.0,16,2,False,20,0.5
A2HV4MUC4KKODD,Alien Legion Omnibus 2,Alien Legion Omnibus 2,unknown,15,9.1,182.0,9,-6,False,20,0.5
A2HV4MUC4KKODD,Reef Points 1997-1998: The Annual Handbook of the Brigade of Midshipmen,Reef Points 1997-1998: The Annual Handbook of the ...,unknown,16,8.95,179.0,6,-10,False,20,0.5
A2HV4MUC4KKODD,Toy Story 3 (Disney/Pixar Toy Story 3) (Read-Aloud Storybook),Toy Story 3 (Disney/Pixar Toy Story 3) (Read-Aloud...,unknown,17,8.6,172.0,17,0,False,20,0.5
A2HV4MUC4KKODD,"Ai Ore!, Vol. 5 (5)","Ai Ore!, Vol. 5 (5)",unknown,18,8.4,168.0,13,-5,False,20,0.5
A2HV4MUC4KKODD,Fender Mini,Fender Mini,unknown,19,8.2,164.0,5,-14,False,20,0.5
A2HV4MUC4KKODD,Mom's Family Calendar 2014,Mom's Family Calendar 2014,unknown,20,6.5,130.0,18,-2,False,20,0.5
AADWWQ2WFRS15,The Art Forger: A Novel,The Art Forger: A Novel,unknown,1,17.1,342.0,15,14,True,20,1.0
AADWWQ2WFRS15,Solar Electricity Basics: A Green Energy Guide,Solar Electricity Basics: A Green Energy Guide,unknown,2,16.1,322.0,19,17,False,20,1.0
AADWWQ2WFRS15,Engineers at War (U.S. Army in Vietnam series),Engineers at War (U.S. Army in Vietnam series),unknown,3,13.15,263.0,1,-2,False,20,1.0
AADWWQ2WFRS15,Splat the Cat: The Perfect Present for Mom & Dad: A Father's Day Gift Book From Kids,Splat the Cat: The Perfect Present for Mom & Dad: ...,unknown,4,13.05,261.0,6,2,False,20,1.0
AADWWQ2WFRS15,The Sanctity of Dirt: A Mountain Biking Memoir,The Sanctity of Dirt: A Mountain Biking Memoir,unknown,5,12.0,240.0,3,-2,False,20,1.0
AADWWQ2WFRS15,The Road to Comedy: The Films of Bob Hope,The Road to Comedy: The Films of Bob Hope,unknown,6,11.5,230.0,2,-4,False,20,1.0
AADWWQ2WFRS15,Yes Yes Y'all: The Experience Music Project Oral History Of Hip-hop's First Decade,Yes Yes Y'all: The Experience Music Project Oral H...,unknown,7,11.45,229.0,12,5,False,20,1.0
AADWWQ2WFRS15,Picasso: Guitars 1912-1914,Picasso: Guitars 1912-1914,unknown,8,10.8,216.0,18,10,False,20,1.0
AADWWQ2WFRS15,The Dance of Spring,The Dance of Spring,unknown,9,10.5,210.0,5,-4,False,20,1.0
AADWWQ2WFRS15,The Communion of Saints: Living in Fellowship with the People of God,The Communion of Saints: Living in Fellowship with...,unknown,10,10.4,208.0,8,-2,False,20,1.0
AADWWQ2WFRS15,A Winter of Content,A Winter of Content,unknown,11,9.85,197.0,9,-2,False,20,1.0
AADWWQ2WFRS15,"Common Core Assessment Record Book, Grade 4","Common Core Assessment Record Book, Grade 4",unknown,12,9.85,197.0,10,-2,False,20,1.0
AADWWQ2WFRS15,Free2play: Making Money from Games You Give Away,Free2play: Making Money from Games You Give Away,unknown,13,9.75,195.0,16,3,False,20,1.0
AADWWQ2WFRS15,Sullivan's Reef,Sullivan's Reef,unknown,14,9.65,193.0,13,-1,False,20,1.0
AADWWQ2WFRS15,Petite Pocket Posh Sudoku 1 & 2,Petite Pocket Posh Sudoku 1 & 2,unknown,15,9.0,180.0,17,2,False,20,1.0
AADWWQ2WFRS15,The MAD Archives Vol. 4 (Archive Editions),The MAD Archives Vol. 4 (Archive Editions),unknown,16,7.95,159.0,4,-12,False,20,1.0
AADWWQ2WFRS15,"Handy Map: A Quick Reference Street Atlas - Memphis, Tennessee (Year 2010 Edition with Zip Codes)",Handy Map: A Quick Reference Street Atlas - Memphi...,unknown,17,7.15,143.0,11,-6,False,20,1.0
AADWWQ2WFRS15,Robert Farber: American Mood,Robert Farber: American Mood,unknown,18,7.05,141.0,0,-18,False,20,1.0
AADWWQ2WFRS15,"Bundle: Fundamentals of Financial Management, Concise Edition (with Thomson ONE - Business School Edition), 7th + Aplia Printed Access Card, Concise + Aplia Edition Sticker","Bundle: Fundamentals of Financial Management, Conc...",unknown,19,6.95,139.0,14,-5,False,20,1.0
AADWWQ2WFRS15,Harnessing AutoCAD Civil 3D 2011,Harnessing AutoCAD Civil 3D 2011,unknown,20,6.75,135.0,7,-13,False,20,1.0
A2CVCQDNNVLGNX,A Book of Horrors,A Book of Horrors,unknown,1,16.55,331.0,11,10,False,20,0.5
A2CVCQDNNVLGNX,Rick Steves' Travel As a Political Act,Rick Steves' Travel As a Political Act,unknown,2,15.25,305.0,13,11,False,20,0.5
A2CVCQDNNVLGNX,Daggers of the Mind: Psychiatry and the Myth of Mental Disease,Daggers of the Mind: Psychiatry and the Myth of Me...,unknown,3,15.0,300.0,8,5,True,20,0.5
A2CVCQDNNVLGNX,Myth = Mithya: A Handbook of Hindu Mythology,Myth = Mithya: A Handbook of Hindu Mythology,unknown,4,13.55,271.0,2,-2,False,20,0.5
A2CVCQDNNVLGNX,Poem of the Cid: A modern translation with notes by Paul Blackburn,Poem of the Cid: A modern translation with notes b...,unknown,5,13.05,261.0,7,2,False,20,0.5
A2CVCQDNNVLGNX,Benchmarking for Best Practices: Winning Through Innovative Adaptation,Benchmarking for Best Practices: Winning Through I...,unknown,6,12.4,248.0,18,12,False,20,0.5
A2CVCQDNNVLGNX,The Complete Guide to Careers in Special Events,The Complete Guide to Careers in Special Events,unknown,7,10.9,218.0,0,-7,False,20,0.5
A2CVCQDNNVLGNX,Dynamics of Spiritual Gifts,Dynamics of Spiritual Gifts,unknown,8,10.6,212.0,10,2,False,20,0.5
A2CVCQDNNVLGNX,Bird Legs Angled Out,Bird Legs Angled Out,unknown,9,10.3,206.0,17,8,False,20,0.5
A2CVCQDNNVLGNX,Sesame Street My Storytime Carry-Along Collection: 6 Storybooks in a Box,Sesame Street My Storytime Carry-Along Collection:...,unknown,10,9.8,196.0,1,-9,False,20,0.5
A2CVCQDNNVLGNX,Stories from the Tube,Stories from the Tube,unknown,11,9.45,189.0,16,5,False,20,0.5
A2CVCQDNNVLGNX,Crawl Space Science: What to Have Done... and Why,Crawl Space Science: What to Have Done... and Why,unknown,12,9.3,186.0,19,7,False,20,0.5
A2CVCQDNNVLGNX,I Believe In Miracles,I Believe In Miracles,unknown,13,8.9,178.0,14,1,False,20,0.5
A2CVCQDNNVLGNX,The De Veres of Castle Hedingham,The De Veres of Castle Hedingham,unknown,14,8.75,175.0,12,-2,False,20,0.5
A2CVCQDNNVLGNX,Wallpaper* City Guide Hong Kong,Wallpaper* City Guide Hong Kong,unknown,15,8.7,174.0,9,-6,False,20,0.5
A2CVCQDNNVLGNX,LA Tavola Italiana,LA Tavola Italiana,unknown,16,8.1,162.0,5,-11,False,20,0.5
A2CVCQDNNVLGNX,"Key to Algebra: Answers & Notes, Books 8-10","Key to Algebra: Answers & Notes, Books 8-10",unknown,17,7.85,157.0,4,-13,False,20,0.5
A2CVCQDNNVLGNX,Steve Kaufman's Four-Hour Celtic Workout: Four CDs Plus Book,Steve Kaufman's Four-Hour Celtic Workout: Four CDs...,unknown,18,7.7,154.0,3,-15,False,20,0.5
A2CVCQDNNVLGNX,Nobody Listens To Andrew (Turtleback School & Library Binding Edition),Nobody Listens To Andrew (Turtleback School & Libr...,unknown,19,7.45,149.0,6,-13,False,20,0.5
A2CVCQDNNVLGNX,"When God is Faithful, And Your Husband Isn't","When God is Faithful, And Your Husband Isn't",unknown,20,6.4,128.0,15,-5,False,20,0.5
A242IFN64X6R4E,"The Sound of Water: Haiku by Basho, Buson, Issa, and Other Poets (Shambhala Centaur Editions)","The Sound of Water: Haiku by Basho, Buson, Issa, a...",unknown,1,15.15,303.0,17,16,True,20,1.0
A242IFN64X6R4E,London's Churches and Cathedrals,London's Churches and Cathedrals,unknown,2,14.5,290.0,12,10,False,20,1.0
A242IFN64X6R4E,Work-Based Learning: Bridging Knowledge and Action in the Workplace,Work-Based Learning: Bridging Knowledge and Action...,unknown,3,14.45,289.0,16,13,False,20,1.0
A242IFN64X6R4E,Moral Imagination: Implications of Cognitive Science for Ethics,Moral Imagination: Implications of Cognitive Scien...,unknown,4,13.65,273.0,8,4,False,20,1.0
A242IFN64X6R4E,Voices (American Poets Continuum),Voices (American Poets Continuum),unknown,5,12.3,246.0,1,-4,False,20,1.0
A242IFN64X6R4E,All about Louisiana Wildflowers,All about Louisiana Wildflowers,unknown,6,12.05,241.0,10,4,False,20,1.0
A242IFN64X6R4E,Strategies for Writing in the Social Studies Classroom (Maupin House),Strategies for Writing in the Social Studies Class...,unknown,7,11.55,231.0,0,-7,False,20,1.0
A242IFN64X6R4E,Data Structures and Software Development in an Object-Oriented Domain (Object and Component Technology Series),Data Structures and Software Development in an Obj...,unknown,8,11.05,221.0,18,10,False,20,1.0
A242IFN64X6R4E,"The Philosophical Approach to God: A New Thomistic Perspective, 2nd Edition",The Philosophical Approach to God: A New Thomistic...,unknown,9,10.95,219.0,11,2,False,20,1.0
A242IFN64X6R4E,Spaceman,Spaceman,unknown,10,10.75,215.0,6,-4,False,20,1.0
A242IFN64X6R4E,Eve Arnold: In Retrospect,Eve Arnold: In Retrospect,unknown,11,10.45,209.0,14,3,False,20,1.0
A242IFN64X6R4E,Russian Cinema (Inside Film Series),Russian Cinema (Inside Film Series),unknown,12,9.65,193.0,2,-10,False,20,1.0
A242IFN64X6R4E,A Tale of Tails (Little Golden Treasures),A Tale of Tails (Little Golden Treasures),unknown,13,9.35,187.0,3,-10,False,20,1.0
A242IFN64X6R4E,Mister Slaughter,Mister Slaughter,unknown,14,9.05,181.0,19,5,False,20,1.0
A242IFN64X6R4E,Cold Dish: A John Logan Thriller,Cold Dish: A John Logan Thriller,unknown,15,9.05,181.0,13,-2,False,20,1.0
A242IFN64X6R4E,Pride and Prejudice Surrendered,Pride and Prejudice Surrendered,unknown,16,7.65,153.0,5,-11,False,20,1.0
A242IFN64X6R4E,Winds of Winter,Winds of Winter,unknown,17,7.6,152.0,9,-8,False,20,1.0
A242IFN64X6R4E,Dragon's Cave (Rue Morgue Vintage Mysteries),Dragon's Cave (Rue Morgue Vintage Mysteries),unknown,18,7.55,151.0,4,-14,False,20,1.0
A242IFN64X6R4E,Here Be Monsters (Buffy the Vampire Slayer),Here Be Monsters (Buffy the Vampire Slayer),unknown,19,7.4,148.0,15,-4,False,20,1.0
A242IFN64X6R4E,Nick Fury Vs. S.H.I.E.L.D. Book Two: Into The Depths,Nick Fury Vs. S.H.I.E.L.D. Book Two: Into The Dept...,unknown,20,5.85,117.0,7,-13,False,20,1.0
A3833V5JXTWKT3,Quick Star Quilts & Beyond: 20 Dazzling Projects Classroom-Tested Techniques Galaxy of Inspiration,Quick Star Quilts & Beyond: 20 Dazzling Projects C...,unknown,1,15.4,308.0,5,4,True,20,1.0
A3833V5JXTWKT3,Ardor: A Novel,Ardor: A Novel,unknown,2,13.4,268.0,15,13,False,20,1.0
A3833V5JXTWKT3,The Quarterback,The Quarterback,unknown,3,12.65,253.0,9,6,False,20,1.0
A3833V5JXTWKT3,The Peaceful Driver: Steering Clear of Road Rage,The Peaceful Driver: Steering Clear of Road Rage,unknown,4,12.4,248.0,19,15,False,20,1.0
A3833V5JXTWKT3,Encyclopedia Of Glass Paperweights,Encyclopedia Of Glass Paperweights,unknown,5,12.2,244.0,12,7,False,20,1.0
A3833V5JXTWKT3,"Rosy, Rubber, And Sand Boas (Reptile and Amphibian Keeper's Guide)","Rosy, Rubber, And Sand Boas (Reptile and Amphibian...",unknown,6,11.45,229.0,11,5,False,20,1.0
A3833V5JXTWKT3,Solfeo de los Solfeos - Book I: Schirmer Library of Classics Volume 1085 Voice Technique,Solfeo de los Solfeos - Book I: Schirmer Library o...,unknown,7,11.4,228.0,16,9,False,20,1.0
A3833V5JXTWKT3,World history: Patterns of civilization,World history: Patterns of civilization,unknown,8,10.95,219.0,3,-5,False,20,1.0
A3833V5JXTWKT3,"The Chiron Dictionary of Greek and Roman Mythology: Gods and Goddesses, Heroes, Places, and Events of Antiquity",The Chiron Dictionary of Greek and Roman Mythology...,unknown,9,10.85,217.0,6,-3,False,20,1.0
A3833V5JXTWKT3,Slider,Slider,unknown,10,10.75,215.0,2,-8,False,20,1.0
A3833V5JXTWKT3,I Believe... That You Believe,I Believe... That You Believe,unknown,11,10.25,205.0,4,-7,False,20,1.0
A3833V5JXTWKT3,An Indo-malay Martial Art: Pencak Silat Pertempuran,An Indo-malay Martial Art: Pencak Silat Pertempura...,unknown,12,10.0,200.0,1,-11,False,20,1.0
A3833V5JXTWKT3,Cajun Fiddle,Cajun Fiddle,unknown,13,9.85,197.0,0,-13,False,20,1.0
A3833V5JXTWKT3,Smoking Ruin,Smoking Ruin,unknown,14,9.8,196.0,7,-7,False,20,1.0
A3833V5JXTWKT3,Morning Report in Internal Medicine,Morning Report in Internal Medicine,unknown,15,9.25,185.0,8,-7,False,20,1.0
A3833V5JXTWKT3,Fast Life (Kimani TRU),Fast Life (Kimani TRU),unknown,16,8.7,174.0,10,-6,False,20,1.0
A3833V5JXTWKT3,"Cartoon Network Scooby-Doo Miniature Golf Mystery, Story Reader Interactive Book & Cartridge","Cartoon Network Scooby-Doo Miniature Golf Mystery,...",unknown,17,8.65,173.0,17,0,False,20,1.0
A3833V5JXTWKT3,CCNA Self-Study: CCNA Preparation Library,CCNA Self-Study: CCNA Preparation Library,unknown,18,8.2,164.0,14,-4,False,20,1.0
A3833V5JXTWKT3,Crickets (Insects),Crickets (Insects),unknown,19,7.15,143.0,13,-6,False,20,1.0
A3833V5JXTWKT3,Two Hundred Years Together : Part One,Two Hundred Years Together : Part One,unknown,20,6.7,134.0,18,-2,False,20,1.0
AK00SRB18AVF0,"Little Girl Lost: A Lucy Black Thriller (Lucy Black Thrillers, 1)",Little Girl Lost: A Lucy Black Thriller (Lucy Blac...,unknown,1,16.85,337.0,2,1,True,20,1.0
AK00SRB18AVF0,Dizzy Gillespie: The Man Who Changed My Life: From the Memoirs of Arturo Sandoval,Dizzy Gillespie: The Man Who Changed My Life: From...,unknown,2,13.4,268.0,17,15,False,20,1.0
AK00SRB18AVF0,Bridal Shower Games: Fun Party Games and Helpful Tips for the Hostess,Bridal Shower Games: Fun Party Games and Helpful T...,unknown,3,12.8,256.0,3,0,False,20,1.0
AK00SRB18AVF0,Eclipse Bay,Eclipse Bay,unknown,4,12.5,250.0,0,-4,False,20,1.0
AK00SRB18AVF0,Mystic Art of Written Forms: An Illustrated Handbook for Lettering,Mystic Art of Written Forms: An Illustrated Handbo...,unknown,5,12.5,250.0,16,11,False,20,1.0
AK00SRB18AVF0,Facing Challenges Whether You Chose Them Or Not: A Short Guide To Mental Toughness And Finding Life's Opportunities,Facing Challenges Whether You Chose Them Or Not: A...,unknown,6,12.25,245.0,11,5,False,20,1.0
AK00SRB18AVF0,West Virginia Butterflies & Moths: A Folding Pocket Guide to Familiar Species (A Pocket Naturalist Guide),West Virginia Butterflies & Moths: A Folding Pocke...,unknown,7,11.3,226.0,13,6,False,20,1.0
AK00SRB18AVF0,Frank Lloyd Wright's Fifty Views of Japan: The 1905 Photo Album,Frank Lloyd Wright's Fifty Views of Japan: The 190...,unknown,8,11.2,224.0,10,2,False,20,1.0
AK00SRB18AVF0,The Boy at the End of the World,The Boy at the End of the World,unknown,9,11.05,221.0,15,6,False,20,1.0
AK00SRB18AVF0,Thanksgiving Is Here!,Thanksgiving Is Here!,unknown,10,10.65,213.0,1,-9,False,20,1.0
AK00SRB18AVF0,Seeing for Yourself: Techniques and Projects for Beginning Photographers (A Ziggurat Book),Seeing for Yourself: Techniques and Projects for B...,unknown,11,10.0,200.0,6,-5,False,20,1.0
AK00SRB18AVF0,Of You My Heart Has Spoken: Selected Columns,Of You My Heart Has Spoken: Selected Columns,unknown,12,9.75,195.0,4,-8,False,20,1.0
AK00SRB18AVF0,Before This Decade Is Out: Personal Reflections on the Apollo Program (Dover Books on Astronomy),Before This Decade Is Out: Personal Reflections on...,unknown,13,9.6,192.0,19,6,False,20,1.0
AK00SRB18AVF0,The Alawite Book (Forgotten Books),The Alawite Book (Forgotten Books),unknown,14,9.5,190.0,9,-5,False,20,1.0
AK00SRB18AVF0,Korean Film Directors: Im Kwon-taek,Korean Film Directors: Im Kwon-taek,unknown,15,9.35,187.0,8,-7,False,20,1.0
AK00SRB18AVF0,Horse Named Doodlebug,Horse Named Doodlebug,unknown,16,9.1,182.0,12,-4,False,20,1.0
AK00SRB18AVF0,hoops & yoyo: Little Letters Kit (RP Minis),hoops & yoyo: Little Letters Kit (RP Minis),unknown,17,8.15,163.0,14,-3,False,20,1.0
AK00SRB18AVF0,Dover Beach: Voice and Piano,Dover Beach: Voice and Piano,unknown,18,7.45,149.0,5,-13,False,20,1.0
AK00SRB18AVF0,27. St. Methodius: The Symposium: A Treatise on Chastity (Ancient Christian Writers),27. St. Methodius: The Symposium: A Treatise on Ch...,unknown,19,7.3,146.0,7,-12,False,20,1.0
AK00SRB18AVF0,CadCARD Slidechart for AutoCAD,CadCARD Slidechart for AutoCAD,unknown,20,5.3,106.0,18,-2,False,20,1.0
A1G1GBAVSJLQ4N,Do Androids Dream of Electric Sheep? 1,Do Androids Dream of Electric Sheep? 1,unknown,1,16.3,326.0,13,12,False,20,0.0
A1G1GBAVSJLQ4N,Best Care Anywhere: Why VA Health Care Is Better Than Yours (Bk Currents Book),Best Care Anywhere: Why VA Health Care Is Better T...,unknown,2,13.15,263.0,14,12,False,20,0.0
A1G1GBAVSJLQ4N,Almost Home: Helping Kids Move from Homelessness to Hope,Almost Home: Helping Kids Move from Homelessness t...,unknown,3,13.05,261.0,8,5,False,20,0.0
A1G1GBAVSJLQ4N,"Fantasy, Myth and the Measure of Truth: Tales of Pullman, Lewis, Tolkien, MacDonald and Hoffmann","Fantasy, Myth and the Measure of Truth: Tales of P...",unknown,4,12.1,242.0,5,1,False,20,0.0
A1G1GBAVSJLQ4N,Diagnostic Test Facts Made Incredibly Quick! (Incredibly Easy! Series®),Diagnostic Test Facts Made Incredibly Quick! (Incr...,unknown,5,12.0,240.0,6,1,False,20,0.0
A1G1GBAVSJLQ4N,California's Napa Valley: One Hundred Sixty Years of Wine Making,California's Napa Valley: One Hundred Sixty Years ...,unknown,6,12.0,240.0,12,6,False,20,0.0
A1G1GBAVSJLQ4N,Another Day in Lincoln's Army: The Civil War Journals of Sgt. John T. Booth,Another Day in Lincoln's Army: The Civil War Journ...,unknown,7,11.6,232.0,7,0,False,20,0.0
A1G1GBAVSJLQ4N,The Holy Grail: The History and Legend of the Famous Relic,The Holy Grail: The History and Legend of the Famo...,unknown,8,11.35,227.0,11,3,False,20,0.0
A1G1GBAVSJLQ4N,"They Struck Oil: the Gaudy and Turbulent Years of the First Oil Rush: Pennsylvania, 1859-1880",They Struck Oil: the Gaudy and Turbulent Years of ...,unknown,9,10.9,218.0,18,9,False,20,0.0
A1G1GBAVSJLQ4N,Dowsing: A Journey Beyond Our Five Senses (Wooden Books),Dowsing: A Journey Beyond Our Five Senses (Wooden ...,unknown,10,10.45,209.0,10,0,False,20,0.0
A1G1GBAVSJLQ4N,The Travelling Exhibition: Gilah Yelin Hirsch,The Travelling Exhibition: Gilah Yelin Hirsch,unknown,11,10.4,208.0,2,-9,False,20,0.0
A1G1GBAVSJLQ4N,Biobalance2: Achieving Optimum Health Through Acid/Alkaline Nutrition,Biobalance2: Achieving Optimum Health Through Acid...,unknown,12,9.65,193.0,3,-9,False,20,0.0
A1G1GBAVSJLQ4N,This Day (Regular Edition): A Wesleyan Way of Prayer (How Is It With Your Soul?),This Day (Regular Edition): A Wesleyan Way of Pray...,unknown,13,9.65,193.0,1,-12,False,20,0.0
A1G1GBAVSJLQ4N,Child Finder Resurrection,Child Finder Resurrection,unknown,14,9.5,190.0,0,-14,False,20,0.0
A1G1GBAVSJLQ4N,Angel Hair,Angel Hair,unknown,15,8.8,176.0,19,4,False,20,0.0
A1G1GBAVSJLQ4N,The Autobiography Of Joseph Stalin: A Novel,The Autobiography Of Joseph Stalin: A Novel,unknown,16,8.7,174.0,9,-7,False,20,0.0
A1G1GBAVSJLQ4N,77 Love Sonnets,77 Love Sonnets,unknown,17,8.65,173.0,15,-2,False,20,0.0
A1G1GBAVSJLQ4N,God of War: Ghost of Sparta Official Strategy Guide,God of War: Ghost of Sparta Official Strategy Guid...,unknown,18,8.15,163.0,17,-1,False,20,0.0
A1G1GBAVSJLQ4N,"The Blood-Dimmed Tide Part One: Alive, Aware and Dangerous","The Blood-Dimmed Tide Part One: Alive, Aware and D...",unknown,19,7.5,150.0,4,-15,True,20,0.0
A1G1GBAVSJLQ4N,Office Technician(Passbooks) (Career Examination Series),Office Technician(Passbooks) (Career Examination S...,unknown,20,6.1,122.0,16,-4,False,20,0.0
A34XGSDS02AH2V,Garden of Sorrow (Psychic Vision),Garden of Sorrow (Psychic Vision),unknown,1,17.85,357.0,14,13,True,20,1.0
A34XGSDS02AH2V,Blue Djinn of Babylon (Children of the Lamp (Paperback)),Blue Djinn of Babylon (Children of the Lamp (Paper...,unknown,2,14.65,293.0,11,9,False,20,1.0
A34XGSDS02AH2V,Filmmakers and Financing: Business Plans for Independents (American Film Market Presents),Filmmakers and Financing: Business Plans for Indep...,unknown,3,11.95,239.0,17,14,False,20,1.0
A34XGSDS02AH2V,Raptor: A Neil Hamel Mystery,Raptor: A Neil Hamel Mystery,unknown,4,11.45,229.0,6,2,False,20,1.0
A34XGSDS02AH2V,A Vision of Liberty,A Vision of Liberty,unknown,5,11.35,227.0,3,-2,False,20,1.0
A34XGSDS02AH2V,"Rock the World Rehab: a 4-step ""get red carpet ready"" body+mind+heart+soul detox adventure","Rock the World Rehab: a 4-step ""get red carpet rea...",unknown,6,11.35,227.0,8,2,False,20,1.0
A34XGSDS02AH2V,Under the Fang (The Horror Writers of America Present),Under the Fang (The Horror Writers of America Pres...,unknown,7,11.1,222.0,0,-7,False,20,1.0
A34XGSDS02AH2V,How Schools Really Work: Practical Advice for Parents from an Insider,How Schools Really Work: Practical Advice for Pare...,unknown,8,11.1,222.0,2,-6,False,20,1.0
A34XGSDS02AH2V,A Gypsy Good Time,A Gypsy Good Time,unknown,9,10.65,213.0,19,10,False,20,1.0
A34XGSDS02AH2V,Webster's New World Dictionary of Quotations,Webster's New World Dictionary of Quotations,unknown,10,10.35,207.0,18,8,False,20,1.0
A34XGSDS02AH2V,"Time-Jump (Dell SF, 8917)","Time-Jump (Dell SF, 8917)",unknown,11,10.05,201.0,13,2,False,20,1.0
A34XGSDS02AH2V,White Eagle,White Eagle,unknown,12,9.95,199.0,15,3,False,20,1.0
A34XGSDS02AH2V,Landscaping With Native Plants in the Middle Atlantic Region,Landscaping With Native Plants in the Middle Atlan...,unknown,13,9.9,198.0,9,-4,False,20,1.0
A34XGSDS02AH2V,"Black Robes, White Justice: Why Our Legal System Doesn't Work for Blacks","Black Robes, White Justice: Why Our Legal System D...",unknown,14,9.9,198.0,4,-10,False,20,1.0
A34XGSDS02AH2V,American POWs in Korea: Sixteen Personal Accounts,American POWs in Korea: Sixteen Personal Accounts,unknown,15,9.75,195.0,1,-14,False,20,1.0
A34XGSDS02AH2V,"Father Fever (Harlequin American Romance, No 850)","Father Fever (Harlequin American Romance, No 850)",unknown,16,9.2,184.0,10,-6,False,20,1.0
A34XGSDS02AH2V,Her Royal Highness A Romance of the Chancelleries of Europe,Her Royal Highness A Romance of the Chancelleries ...,unknown,17,8.9,178.0,12,-5,False,20,1.0
A34XGSDS02AH2V,The King James Bible and the Restoration,The King James Bible and the Restoration,unknown,18,7.8,156.0,16,-2,False,20,1.0
A34XGSDS02AH2V,Georg Philipp Telemann Kleine Stuke Fur Zwei Blockfloten Im Quintabstand Oder Andere Instrumente/barenreiter Ausgabe 865,Georg Philipp Telemann Kleine Stuke Fur Zwei Block...,unknown,19,7.2,144.0,7,-12,False,20,1.0
A34XGSDS02AH2V,FAIRCHILD A-10 WARTHOG,FAIRCHILD A-10 WARTHOG,unknown,20,5.55,111.0,5,-15,False,20,1.0
ASN02OIPWBLT0,Permaculture in Pots: How to Grow Food in Small Urban Spaces,Permaculture in Pots: How to Grow Food in Small Ur...,unknown,1,16.75,335.0,16,15,False,20,0.6309297535714575
ASN02OIPWBLT0,Stories that Move Mountains: Storytelling and Visual Design for Persuasive Presentations,Stories that Move Mountains: Storytelling and Visu...,unknown,2,16.65,333.0,6,4,True,20,0.6309297535714575
ASN02OIPWBLT0,"Chick Magnates, Ayatollean Televangelist, & a Pig Farmer's Beef: Inside the Sometimes Hilarious World of Advertising","Chick Magnates, Ayatollean Televangelist, & a Pig ...",unknown,3,14.95,299.0,13,10,False,20,0.6309297535714575
ASN02OIPWBLT0,Sites that Soar!: Magazine-style WordPress themes made easy,Sites that Soar!: Magazine-style WordPress themes ...,unknown,4,13.1,262.0,1,-3,False,20,0.6309297535714575
ASN02OIPWBLT0,Tales of King Arthur: King Arthur and the Round Table (Books of Wonder),Tales of King Arthur: King Arthur and the Round Ta...,unknown,5,11.6,232.0,9,4,False,20,0.6309297535714575
ASN02OIPWBLT0,Without Grace,Without Grace,unknown,6,11.25,225.0,12,6,False,20,0.6309297535714575
ASN02OIPWBLT0,The Russian Interpreter,The Russian Interpreter,unknown,7,11.05,221.0,14,7,False,20,0.6309297535714575
ASN02OIPWBLT0,100 Vegetables and Where They Came From,100 Vegetables and Where They Came From,unknown,8,10.6,212.0,4,-4,False,20,0.6309297535714575
ASN02OIPWBLT0,Accidental Revolution: The Story of Grunge,Accidental Revolution: The Story of Grunge,unknown,9,10.6,212.0,7,-2,False,20,0.6309297535714575
ASN02OIPWBLT0,Eating With the Angels,Eating With the Angels,unknown,10,10.0,200.0,15,5,False,20,0.6309297535714575
ASN02OIPWBLT0,The Chronicles of Baltimore (Maryland): Being a Complete History of Baltimore Town and Baltimore City from the Earliest Period to the Present Time (2 volumes),The Chronicles of Baltimore (Maryland): Being a Co...,unknown,11,9.9,198.0,5,-6,False,20,0.6309297535714575
ASN02OIPWBLT0,Snappy Sounds: Robots!,Snappy Sounds: Robots!,unknown,12,9.55,191.0,3,-9,False,20,0.6309297535714575
ASN02OIPWBLT0,Masa: Stories of a Lone Soldier,Masa: Stories of a Lone Soldier,unknown,13,9.05,181.0,0,-13,False,20,0.6309297535714575
ASN02OIPWBLT0,Henry Wadsworth Longfellow (EVERYMAN POETRY),Henry Wadsworth Longfellow (EVERYMAN POETRY),unknown,14,8.85,177.0,10,-4,False,20,0.6309297535714575
ASN02OIPWBLT0,"The Best Baby Names in the World, from Around the World","The Best Baby Names in the World, from Around the ...",unknown,15,8.7,174.0,8,-7,False,20,0.6309297535714575
ASN02OIPWBLT0,Letters To Christian Leaders: Hollow Be Thy Claims,Letters To Christian Leaders: Hollow Be Thy Claims,unknown,16,8.6,172.0,18,2,False,20,0.6309297535714575
ASN02OIPWBLT0,The Magic Fire - Acting Edition,The Magic Fire - Acting Edition,unknown,17,7.5,150.0,19,2,False,20,0.6309297535714575
ASN02OIPWBLT0,Principles of Urban Structure,Principles of Urban Structure,unknown,18,7.45,149.0,17,-1,False,20,0.6309297535714575
ASN02OIPWBLT0,The Collectible Teapot & Tea Calendar 2011,The Collectible Teapot & Tea Calendar 2011,unknown,19,7.35,147.0,11,-8,False,20,0.6309297535714575
ASN02OIPWBLT0,The Short Cases of Inspector Maigret,The Short Cases of Inspector Maigret,unknown,20,6.5,130.0,2,-18,False,20,0.6309297535714575
A3QP3F3M90ATA3,The Secret Language of Animals: A Guide to Remarkable Behavior,The Secret Language of Animals: A Guide to Remarka...,unknown,1,15.95,319.0,9,8,False,20,0.6309297535714575
A3QP3F3M90ATA3,The Norton Shakespeare: Based on the Oxford Edition: Essential Plays / The Sonnets,The Norton Shakespeare: Based on the Oxford Editio...,unknown,2,14.35,287.0,18,16,True,20,0.6309297535714575
A3QP3F3M90ATA3,Computer-Assisted Interviewing (Quantitative Applications in the Social Sciences),Computer-Assisted Interviewing (Quantitative Appli...,unknown,3,12.75,255.0,3,0,False,20,0.6309297535714575
A3QP3F3M90ATA3,How to Repair and Restore Bodywork (Motorbooks Workshop),How to Repair and Restore Bodywork (Motorbooks Wor...,unknown,4,12.55,251.0,2,-2,False,20,0.6309297535714575
A3QP3F3M90ATA3,A Cold Case,A Cold Case,unknown,5,11.95,239.0,12,7,False,20,0.6309297535714575
A3QP3F3M90ATA3,New Mutants Vol. 1: Back to School (X-Men),New Mutants Vol. 1: Back to School (X-Men),unknown,6,11.55,231.0,17,11,False,20,0.6309297535714575
A3QP3F3M90ATA3,Rising Storm,Rising Storm,unknown,7,11.5,230.0,7,0,False,20,0.6309297535714575
A3QP3F3M90ATA3,The Waiting Booth,The Waiting Booth,unknown,8,11.25,225.0,11,3,False,20,0.6309297535714575
A3QP3F3M90ATA3,"The Cine Goes to Town: French Cinema, 1896-1914, Updated and Expanded Edition","The Cine Goes to Town: French Cinema, 1896-1914, U...",unknown,9,11.15,223.0,0,-9,False,20,0.6309297535714575
A3QP3F3M90ATA3,"More C++ Gems (SIGS Reference Library, Series Number 17)","More C++ Gems (SIGS Reference Library, Series Numb...",unknown,10,10.75,215.0,6,-4,False,20,0.6309297535714575
A3QP3F3M90ATA3,Loving Perfectly in an Imperfect World - My Journey Thru Your Eyes,Loving Perfectly in an Imperfect World - My Journe...,unknown,11,10.45,209.0,14,3,False,20,0.6309297535714575
A3QP3F3M90ATA3,Shadowrun #2: Poison Agendas: A Shadowrun Novel (Shadowrun),Shadowrun #2: Poison Agendas: A Shadowrun Novel (S...,unknown,12,9.95,199.0,1,-11,False,20,0.6309297535714575
A3QP3F3M90ATA3,Reese Witherspoon: The Biography,Reese Witherspoon: The Biography,unknown,13,9.8,196.0,19,6,False,20,0.6309297535714575
A3QP3F3M90ATA3,Little Bo Peep Can't Get to Sleep,Little Bo Peep Can't Get to Sleep,unknown,14,9.15,183.0,16,2,False,20,0.6309297535714575
A3QP3F3M90ATA3,What I Wish I'd Known Sooner: Teachers,What I Wish I'd Known Sooner: Teachers,unknown,15,9.15,183.0,10,-5,False,20,0.6309297535714575
A3QP3F3M90ATA3,"Orders, Medals and Decorations of Britain and Europe In Colour (Color)","Orders, Medals and Decorations of Britain and Euro...",unknown,16,8.95,179.0,15,-1,False,20,0.6309297535714575
A3QP3F3M90ATA3,Turnip Blues,Turnip Blues,unknown,17,8.55,171.0,13,-4,False,20,0.6309297535714575
A3QP3F3M90ATA3,Variation in German: A Critical Approach to German Sociolinguistics,Variation in German: A Critical Approach to German...,unknown,18,7.95,159.0,5,-13,False,20,0.6309297535714575
A3QP3F3M90ATA3,"""She Must Be Silent"": The Great Commission Bestowed On Both Men & Women","""She Must Be Silent"": The Great Commission Bestowe...",unknown,19,6.7,134.0,4,-15,False,20,0.6309297535714575
A3QP3F3M90ATA3,Popeye #11 Comic Book 2013 - IDW,Popeye #11 Comic Book 2013 - IDW,unknown,20,5.6,112.0,8,-12,False,20,0.6309297535714575
A3DD3QKVV1ZOTA,Smart Home Hacks: Tips & Tools for Automating Your House,Smart Home Hacks: Tips & Tools for Automating Your...,unknown,1,18.05,361.0,10,9,False,20,0.5
A3DD3QKVV1ZOTA,Empath (The Empath Trilogy),Empath (The Empath Trilogy),unknown,2,14.2,284.0,13,11,True,20,0.5
A3DD3QKVV1ZOTA,How To Get Organized: Plan It Then Do It,How To Get Organized: Plan It Then Do It,unknown,3,13.85,277.0,18,15,False,20,0.5
A3DD3QKVV1ZOTA,Parenting Doesn't Have To Be A Job,Parenting Doesn't Have To Be A Job,unknown,4,12.5,250.0,15,11,False,20,0.5
A3DD3QKVV1ZOTA,The Big Platter Cookbook: Cooking and Entertaining Family Style,The Big Platter Cookbook: Cooking and Entertaining...,unknown,5,12.4,248.0,19,14,False,20,0.5
A3DD3QKVV1ZOTA,When Women Were Warriors Book III: A Hero's Tale,When Women Were Warriors Book III: A Hero's Tale,unknown,6,11.95,239.0,0,-6,False,20,0.5
A3DD3QKVV1ZOTA,Parkinson's Disease: 300 Tips for Making Life Easier,Parkinson's Disease: 300 Tips for Making Life Easi...,unknown,7,11.9,238.0,7,0,False,20,0.5
A3DD3QKVV1ZOTA,Goodnight Miami (Mom's Choice Awards Recipient),Goodnight Miami (Mom's Choice Awards Recipient),unknown,8,11.1,222.0,1,-7,False,20,0.5
A3DD3QKVV1ZOTA,Flavors From The Heartland,Flavors From The Heartland,unknown,9,11.1,222.0,8,-1,False,20,0.5
A3DD3QKVV1ZOTA,"River Rescue: A Manual for Whitewater Safety, 3rd","River Rescue: A Manual for Whitewater Safety, 3rd",unknown,10,10.55,211.0,14,4,False,20,0.5
A3DD3QKVV1ZOTA,Six Simple Truths to Fat Release,Six Simple Truths to Fat Release,unknown,11,10.45,209.0,2,-9,False,20,0.5
A3DD3QKVV1ZOTA,Clinical Respiratory Medicine,Clinical Respiratory Medicine,unknown,12,10.4,208.0,16,4,False,20,0.5
A3DD3QKVV1ZOTA,M4 Sherman Medium Tank Technical Manual,M4 Sherman Medium Tank Technical Manual,unknown,13,9.05,181.0,4,-9,False,20,0.5
A3DD3QKVV1ZOTA,The Main Line Is Murder,The Main Line Is Murder,unknown,14,8.8,176.0,17,3,False,20,0.5
A3DD3QKVV1ZOTA,Machinery's Handbook,Machinery's Handbook,unknown,15,8.4,168.0,3,-12,False,20,0.5
A3DD3QKVV1ZOTA,The search for the smell of Christmas,The search for the smell of Christmas,unknown,16,8.25,165.0,5,-11,False,20,0.5
A3DD3QKVV1ZOTA,Superman/Batman 4: Vengeance,Superman/Batman 4: Vengeance,unknown,17,7.7,154.0,11,-6,False,20,0.5
A3DD3QKVV1ZOTA,Microsoft® Exchange Server 2003 Resource Kit,Microsoft® Exchange Server 2003 Resource Kit,unknown,18,7.4,148.0,12,-6,False,20,0.5
A3DD3QKVV1ZOTA,Elements of Continuum Mechanics and Thermodynamics,Elements of Continuum Mechanics and Thermodynamics,unknown,19,7.15,143.0,6,-13,False,20,0.5
A3DD3QKVV1ZOTA,"Chamblee, Fisher, Grubbs, Hughes, Robinson, Shirley, Speer and Tribble families of the South","Chamblee, Fisher, Grubbs, Hughes, Robinson, Shirle...",unknown,20,4.8,96.0,9,-11,False,20,0.5
A3RRT2BMQUESZ6,Inferno: A Novel (Robert Langdon),Inferno: A Novel (Robert Langdon),unknown,1,15.5,310.0,8,7,True,20,1.0
A3RRT2BMQUESZ6,Murder in Mellingham (A Mellingham Mystery Book 1),Murder in Mellingham (A Mellingham Mystery Book 1),unknown,2,14.55,291.0,7,5,False,20,1.0
A3RRT2BMQUESZ6,"Hot Stuff (Hot Zone, Book 1)","Hot Stuff (Hot Zone, Book 1)",unknown,3,13.3,266.0,16,13,False,20,1.0
A3RRT2BMQUESZ6,The Impossible Patriotism Project,The Impossible Patriotism Project,unknown,4,12.6,252.0,10,6,False,20,1.0
A3RRT2BMQUESZ6,Stray (A Stray Book),Stray (A Stray Book),unknown,5,12.55,251.0,15,10,False,20,1.0
A3RRT2BMQUESZ6,Wondrous Contrivances: Technology at the Threshold,Wondrous Contrivances: Technology at the Threshold,unknown,6,11.55,231.0,4,-2,False,20,1.0
A3RRT2BMQUESZ6,Keeper of the Crystal Spring,Keeper of the Crystal Spring,unknown,7,11.5,230.0,1,-6,False,20,1.0
A3RRT2BMQUESZ6,Free Stuff and Good Deals for Folks Over 50 (Free Stuff & Good Deals series),Free Stuff and Good Deals for Folks Over 50 (Free ...,unknown,8,11.2,224.0,13,5,False,20,1.0
A3RRT2BMQUESZ6,One L,One L,unknown,9,10.85,217.0,9,0,False,20,1.0
A3RRT2BMQUESZ6,Cartoon History of the United States (Cartoon Guide Series),Cartoon History of the United States (Cartoon Guid...,unknown,10,10.85,217.0,2,-8,False,20,1.0
A3RRT2BMQUESZ6,Bomb Grade,Bomb Grade,unknown,11,10.75,215.0,12,1,False,20,1.0
A3RRT2BMQUESZ6,Life's Little Adventures/Experiences: Lessons I Wish Somebody Else Had to Learn,Life's Little Adventures/Experiences: Lessons I Wi...,unknown,12,10.3,206.0,5,-7,False,20,1.0
A3RRT2BMQUESZ6,"Victoria the Violin Fairy (Rainbow Magic, Music Fairies #6)","Victoria the Violin Fairy (Rainbow Magic, Music Fa...",unknown,13,9.95,199.0,18,5,False,20,1.0
A3RRT2BMQUESZ6,The Healthy Smoker: How to Quit Smoking by Becoming Healthier First,The Healthy Smoker: How to Quit Smoking by Becomin...,unknown,14,9.55,191.0,11,-3,False,20,1.0
A3RRT2BMQUESZ6,"A Little Traveling Music, Please (Prime Crime)","A Little Traveling Music, Please (Prime Crime)",unknown,15,8.65,173.0,17,2,False,20,1.0
A3RRT2BMQUESZ6,Book2 English - Arabic For Beginners: A Book In 2 Languages,Book2 English - Arabic For Beginners: A Book In 2 ...,unknown,16,7.85,157.0,3,-13,False,20,1.0
A3RRT2BMQUESZ6,Mexico (Countries of the World),Mexico (Countries of the World),unknown,17,7.8,156.0,19,2,False,20,1.0
A3RRT2BMQUESZ6,Horrible Harry and the Christmas Surprise,Horrible Harry and the Christmas Surprise,unknown,18,7.8,156.0,6,-12,False,20,1.0
A3RRT2BMQUESZ6,The Silver Surfer #82 Vol. 3 July 1993,The Silver Surfer #82 Vol. 3 July 1993,unknown,19,6.55,131.0,14,-5,False,20,1.0
A3RRT2BMQUESZ6,Connecticut (Rookie Read-About Geography),Connecticut (Rookie Read-About Geography),unknown,20,6.35,127.0,0,-20,False,20,1.0
A1D1ROGQHZZ4TL,It Begs the Question - Learn how the best managers drive performance through Question-Centric Coaching,It Begs the Question - Learn how the best managers...,unknown,1,15.75,315.0,3,2,False,20,0.43067655807339306
A1D1ROGQHZZ4TL,Without Pity: Ann Rule's Most Dangerous Killers,Without Pity: Ann Rule's Most Dangerous Killers,unknown,2,13.8,276.0,15,13,False,20,0.43067655807339306
A1D1ROGQHZZ4TL,Hacking Exposed Computer Forensics: Computer Forensics Secrets and Solutions (Hacking Exposed),Hacking Exposed Computer Forensics: Computer Foren...,unknown,3,13.7,274.0,18,15,False,20,0.43067655807339306
A1D1ROGQHZZ4TL,The K Street Killer,The K Street Killer,unknown,4,12.15,243.0,19,15,True,20,0.43067655807339306
A1D1ROGQHZZ4TL,How Stella Got Her Groove Back,How Stella Got Her Groove Back,unknown,5,11.05,221.0,14,9,False,20,0.43067655807339306
A1D1ROGQHZZ4TL,The Wooing of Miss Masters (A Regency Romance),The Wooing of Miss Masters (A Regency Romance),unknown,6,11.0,220.0,9,3,False,20,0.43067655807339306
A1D1ROGQHZZ4TL,Victorian Children Stickers,Victorian Children Stickers,unknown,7,10.9,218.0,6,-1,False,20,0.43067655807339306
A1D1ROGQHZZ4TL,Bob and 6 more Christmas Stories,Bob and 6 more Christmas Stories,unknown,8,10.75,215.0,10,2,False,20,0.43067655807339306
A1D1ROGQHZZ4TL,Home Herbal,Home Herbal,unknown,9,10.35,207.0,13,4,False,20,0.43067655807339306
A1D1ROGQHZZ4TL,Bitterroot: Skye's West,Bitterroot: Skye's West,unknown,10,10.3,206.0,0,-10,False,20,0.43067655807339306
A1D1ROGQHZZ4TL,Supervision Today! (7th Edition),Supervision Today! (7th Edition),unknown,11,10.0,200.0,11,0,False,20,0.43067655807339306
A1D1ROGQHZZ4TL,"The Spanish-American War and Philippine Insurrection, 1898-1902: An Annotated Bibliography (Routledge Research Guides to American Military Studies)",The Spanish-American War and Philippine Insurrecti...,unknown,12,10.0,200.0,12,0,False,20,0.43067655807339306
A1D1ROGQHZZ4TL,A Primer for Christian Doctrine,A Primer for Christian Doctrine,unknown,13,9.85,197.0,8,-5,False,20,0.43067655807339306
A1D1ROGQHZZ4TL,Nonparametric Measures of Association (Quantitative Applications in the Social Sciences),Nonparametric Measures of Association (Quantitativ...,unknown,14,9.75,195.0,5,-9,False,20,0.43067655807339306
A1D1ROGQHZZ4TL,Disney's: Winnie the Pooh's - Christmas Stories: Big Book,Disney's: Winnie the Pooh's - Christmas Stories: B...,unknown,15,9.15,183.0,7,-8,False,20,0.43067655807339306
A1D1ROGQHZZ4TL,Medical Language: Custom Published for National College,Medical Language: Custom Published for National Co...,unknown,16,9.05,181.0,4,-12,False,20,0.43067655807339306
A1D1ROGQHZZ4TL,"Maybe, My Baby","Maybe, My Baby",unknown,17,9.0,180.0,17,0,False,20,0.43067655807339306
A1D1ROGQHZZ4TL,PowerBuilder 7.0 Unleashed,PowerBuilder 7.0 Unleashed,unknown,18,8.9,178.0,16,-2,False,20,0.43067655807339306
A1D1ROGQHZZ4TL,Proverbs: Journible - The 17:18 Series (Journibles: the 17:18 Series),Proverbs: Journible - The 17:18 Series (Journibles...,unknown,19,8.3,166.0,1,-18,False,20,0.43067655807339306
A1D1ROGQHZZ4TL,Luby's Cafeteria 50th Anniversary Recipe Collection,Luby's Cafeteria 50th Anniversary Recipe Collectio...,unknown,20,6.25,125.0,2,-18,False,20,0.43067655807339306
A8WASX9C2XFLM,Maybe Someday (1),Maybe Someday (1),unknown,1,16.1,322.0,19,18,True,20,1.0
A8WASX9C2XFLM,Journey to Freedom: 30 Days to Forgiveness and Hope,Journey to Freedom: 30 Days to Forgiveness and Hop...,unknown,2,15.25,305.0,11,9,False,20,1.0
A8WASX9C2XFLM,Renovation: Restoring the heart and finding home in the Adirondack Mountains.,Renovation: Restoring the heart and finding home i...,unknown,3,15.05,301.0,13,10,False,20,1.0
A8WASX9C2XFLM,Ruined,Ruined,unknown,4,13.8,276.0,18,14,False,20,1.0
A8WASX9C2XFLM,Sammy and Juliana in Hollywood,Sammy and Juliana in Hollywood,unknown,5,13.4,268.0,15,10,False,20,1.0
A8WASX9C2XFLM,Remember Me When: Navigating Through Alzheimer's Disease,Remember Me When: Navigating Through Alzheimer's D...,unknown,6,13.0,260.0,5,-1,False,20,1.0
A8WASX9C2XFLM,Will Eisner: A Dreamer's Life in Comics,Will Eisner: A Dreamer's Life in Comics,unknown,7,12.2,244.0,10,3,False,20,1.0
A8WASX9C2XFLM,Unpacking the Boxes: A Memoir of a Life in Poetry,Unpacking the Boxes: A Memoir of a Life in Poetry,unknown,8,11.8,236.0,17,9,False,20,1.0
A8WASX9C2XFLM,Silent Screams,Silent Screams,unknown,9,11.6,232.0,2,-7,False,20,1.0
A8WASX9C2XFLM,Palm Springs Babylon: Sizzling Stories From The Desert Playground Of The Stars,Palm Springs Babylon: Sizzling Stories From The De...,unknown,10,10.75,215.0,3,-7,False,20,1.0
A8WASX9C2XFLM,The Galvanized Yankees,The Galvanized Yankees,unknown,11,9.25,185.0,0,-11,False,20,1.0
A8WASX9C2XFLM,A Christmas Book for the Ukulele Beginner,A Christmas Book for the Ukulele Beginner,unknown,12,8.6,172.0,9,-3,False,20,1.0
A8WASX9C2XFLM,The Family Stash,The Family Stash,unknown,13,8.55,171.0,1,-12,False,20,1.0
A8WASX9C2XFLM,Réquiem por un campesino español (Spanish Edition),Réquiem por un campesino español (Spanish Edition),unknown,14,8.15,163.0,16,2,False,20,1.0
A8WASX9C2XFLM,Frozen Waves,Frozen Waves,unknown,15,8.1,162.0,6,-9,False,20,1.0
A8WASX9C2XFLM,One Out of Every Four,One Out of Every Four,unknown,16,7.85,157.0,7,-9,False,20,1.0
A8WASX9C2XFLM,MIDI Editing in Cubase - Skill Pack,MIDI Editing in Cubase - Skill Pack,unknown,17,7.6,152.0,14,-3,False,20,1.0
A8WASX9C2XFLM,Mr. Wizard's Science Secrets,Mr. Wizard's Science Secrets,unknown,18,7.2,144.0,12,-6,False,20,1.0
A8WASX9C2XFLM,Totally impressed stamp art (Suzanne McNeill design originals),Totally impressed stamp art (Suzanne McNeill desig...,unknown,19,6.15,123.0,8,-11,False,20,1.0
A8WASX9C2XFLM,Pick 'em and Stick 'em Book (Sticker Time),Pick 'em and Stick 'em Book (Sticker Time),unknown,20,5.6,112.0,4,-16,False,20,1.0
A2J7NGVTSCC7AD,Mrs. Perkins's Electric Quilt: And Other Intriguing Stories of Mathematical Physics,Mrs. Perkins's Electric Quilt: And Other Intriguin...,unknown,1,14.25,285.0,18,17,False,20,0.0
A2J7NGVTSCC7AD,Renate Aller: Oceanscapes: One View. Ten Years.,Renate Aller: Oceanscapes: One View. Ten Years.,unknown,2,13.3,266.0,10,8,False,20,0.0
A2J7NGVTSCC7AD,Must God Remain Greek?: Afro Cultures and God-Talk,Must God Remain Greek?: Afro Cultures and God-Talk,unknown,3,12.9,258.0,2,-1,False,20,0.0
A2J7NGVTSCC7AD,Footlights and Fairy Dust: Matt and Maria Go to the Theatre,Footlights and Fairy Dust: Matt and Maria Go to th...,unknown,4,11.95,239.0,6,2,False,20,0.0
A2J7NGVTSCC7AD,The Art of Drew Struzan,The Art of Drew Struzan,unknown,5,11.85,237.0,14,9,False,20,0.0
A2J7NGVTSCC7AD,"Mickey Free, manhunter,","Mickey Free, manhunter,",unknown,6,11.8,236.0,0,-6,False,20,0.0
A2J7NGVTSCC7AD,A Moment Comes,A Moment Comes,unknown,7,11.45,229.0,3,-4,False,20,0.0
A2J7NGVTSCC7AD,The Archaeology of Ancient Eritrea,The Archaeology of Ancient Eritrea,unknown,8,11.4,228.0,1,-7,False,20,0.0
A2J7NGVTSCC7AD,May I Feel Said He (Art and Poetry),May I Feel Said He (Art and Poetry),unknown,9,11.25,225.0,12,3,False,20,0.0
A2J7NGVTSCC7AD,The Atlantic Turkey Shoot: U-boats Off the Outer Banks in World War II,The Atlantic Turkey Shoot: U-boats Off the Outer B...,unknown,10,10.55,211.0,7,-3,False,20,0.0
A2J7NGVTSCC7AD,"Liberal Fascism: The Secret History of the American Left, From Mussolini to the Politics of Meaning",Liberal Fascism: The Secret History of the America...,unknown,11,10.05,201.0,4,-7,True,20,0.0
A2J7NGVTSCC7AD,To Trust a Wolf,To Trust a Wolf,unknown,12,9.95,199.0,16,4,False,20,0.0
A2J7NGVTSCC7AD,Gauguin Notebook,Gauguin Notebook,unknown,13,9.6,192.0,19,6,False,20,0.0
A2J7NGVTSCC7AD,"Official Advanced Dungeons and Dragons, Unearthed Arcana","Official Advanced Dungeons and Dragons, Unearthed ...",unknown,14,9.5,190.0,13,-1,False,20,0.0
A2J7NGVTSCC7AD,"Encyclopedia of Bisque Nancy Ann Storybook Dolls: 1936-1947, Identification & Values",Encyclopedia of Bisque Nancy Ann Storybook Dolls: ...,unknown,15,9.35,187.0,9,-6,False,20,0.0
A2J7NGVTSCC7AD,The Low End of Nowhere (Streeter Mystery),The Low End of Nowhere (Streeter Mystery),unknown,16,9.2,184.0,11,-5,False,20,0.0
A2J7NGVTSCC7AD,PC Magazine Guide to Home Networking,PC Magazine Guide to Home Networking,unknown,17,9.1,182.0,5,-12,False,20,0.0
A2J7NGVTSCC7AD,Ingles Para Construccion/ English for Construction (Spanish and English Edition),Ingles Para Construccion/ English for Construction...,unknown,18,9.05,181.0,17,-1,False,20,0.0
A2J7NGVTSCC7AD,Through the Night With God (Quiet Moments With God),Through the Night With God (Quiet Moments With God...,unknown,19,8.35,167.0,8,-11,False,20,0.0
A2J7NGVTSCC7AD,STORIE BREVI 1,STORIE BREVI 1,unknown,20,5.15,103.0,15,-5,False,20,0.0
A1AAXVBMX4MWVC,Edgar Degas: Paintings That Dance: Paintings That Dance (Smart About Art),Edgar Degas: Paintings That Dance: Paintings That ...,unknown,1,14.5,290.0,17,16,False,20,0.0
A1AAXVBMX4MWVC,"Meant for Her: The Love and Danger Series, Book One","Meant for Her: The Love and Danger Series, Book On...",unknown,2,14.35,287.0,4,2,False,20,0.0
A1AAXVBMX4MWVC,Essential Academic Vocabulary: Mastering the Complete Academic Word List,Essential Academic Vocabulary: Mastering the Compl...,unknown,3,13.4,268.0,13,10,False,20,0.0
A1AAXVBMX4MWVC,French Lessons: Recipes And Techniques For A New Generation Of Cooks,French Lessons: Recipes And Techniques For A New G...,unknown,4,13.0,260.0,15,11,False,20,0.0
A1AAXVBMX4MWVC,Play Better Golf,Play Better Golf,unknown,5,12.2,244.0,0,-5,False,20,0.0
A1AAXVBMX4MWVC,"Celtic Age: Role-Playing the Myths, Heroes & Monsters of the Celts (d20 Fantasy Roleplaying)","Celtic Age: Role-Playing the Myths, Heroes & Monst...",unknown,6,11.45,229.0,7,1,False,20,0.0
A1AAXVBMX4MWVC,Cowboy Sweethearts,Cowboy Sweethearts,unknown,7,11.15,223.0,12,5,False,20,0.0
A1AAXVBMX4MWVC,New Joy of Teaching Discovery (New Joy of Discovery),New Joy of Teaching Discovery (New Joy of Discover...,unknown,8,10.95,219.0,11,3,False,20,0.0
A1AAXVBMX4MWVC,"The World Of Velazquez, 1599-1660 - Time-life Library Of Art","The World Of Velazquez, 1599-1660 - Time-life Libr...",unknown,9,10.85,217.0,5,-4,False,20,0.0
A1AAXVBMX4MWVC,Weird Oregon: Your Travel Guide to Oregon's Local Legends and Best Kept Secrets (Volume 14),Weird Oregon: Your Travel Guide to Oregon's Local ...,unknown,10,10.3,206.0,14,4,False,20,0.0
A1AAXVBMX4MWVC,Circle of Light,Circle of Light,unknown,11,9.95,199.0,8,-3,False,20,0.0
A1AAXVBMX4MWVC,The Life of Nancy,The Life of Nancy,unknown,12,9.8,196.0,1,-11,False,20,0.0
A1AAXVBMX4MWVC,The Glimpses of the Moon (Classic Reprint),The Glimpses of the Moon (Classic Reprint),unknown,13,9.75,195.0,10,-3,False,20,0.0
A1AAXVBMX4MWVC,The Shadows of Christmas Past,The Shadows of Christmas Past,unknown,14,9.15,183.0,2,-12,False,20,0.0
A1AAXVBMX4MWVC,Back Piece Tattoo,Back Piece Tattoo,unknown,15,9.0,180.0,16,1,False,20,0.0
A1AAXVBMX4MWVC,Teach Your Dog 100 English Words : The A+ Dog Training Program for Good Manners and Happy Obedience by Michele Welton (2010-05-03),Teach Your Dog 100 English Words : The A+ Dog Trai...,unknown,16,9.0,180.0,3,-13,True,20,0.0
A1AAXVBMX4MWVC,The Eternal Masquerade: Prints and Paintings by Gerald Leslie Brockhurst (1890-1978) from the Jacob Burns Foundation,The Eternal Masquerade: Prints and Paintings by Ge...,unknown,17,8.75,175.0,18,1,False,20,0.0
A1AAXVBMX4MWVC,The Boy from Left Field,The Boy from Left Field,unknown,18,8.1,162.0,19,1,False,20,0.0
A1AAXVBMX4MWVC,Unleashing the Power of 3P: The Key to Breakthrough Improvement,Unleashing the Power of 3P: The Key to Breakthroug...,unknown,19,7.7,154.0,6,-13,False,20,0.0
A1AAXVBMX4MWVC,Dark Delicacies III: Haunted,Dark Delicacies III: Haunted,unknown,20,6.65,133.0,9,-11,False,20,0.0
A1JDW6D9DEZVKE,The Husband's Secret,The Husband's Secret,unknown,1,17.25,345.0,18,17,True,20,1.0
A1JDW6D9DEZVKE,The Shadow of the Wind,The Shadow of the Wind,unknown,2,17.0,340.0,8,6,False,20,1.0
A1JDW6D9DEZVKE,Introduction to Theology: Third Edition,Introduction to Theology: Third Edition,unknown,3,13.0,260.0,2,-1,False,20,1.0
A1JDW6D9DEZVKE,"Kundalini & the Power of Awakening: An Exploration of Kundalini Energy, Kundalini Awakening and the Spiritual Quest",Kundalini & the Power of Awakening: An Exploration...,unknown,4,12.7,254.0,4,0,False,20,1.0
A1JDW6D9DEZVKE,Managing the Design Process-Implementing Design: An Essential Manual for the Working Designer,Managing the Design Process-Implementing Design: A...,unknown,5,12.1,242.0,19,14,False,20,1.0
A1JDW6D9DEZVKE,Wings of Encouragement: Poems,Wings of Encouragement: Poems,unknown,6,12.0,240.0,6,0,False,20,1.0
A1JDW6D9DEZVKE,Flintknapping: The Art of Making Stone Tools,Flintknapping: The Art of Making Stone Tools,unknown,7,11.6,232.0,15,8,False,20,1.0
A1JDW6D9DEZVKE,The Philosophy of John Dewey (2 Volumes in 1),The Philosophy of John Dewey (2 Volumes in 1),unknown,8,10.9,218.0,0,-8,False,20,1.0
A1JDW6D9DEZVKE,Missing: The Story of Lance Corporal George G. Pollard: Murdered at the Hands of German Soldiers Under the Command of Major-Gen,Missing: The Story of Lance Corporal George G. Pol...,unknown,9,10.85,217.0,7,-2,False,20,1.0
A1JDW6D9DEZVKE,The Fly Swatter: Portrait of an Exceptional Character,The Fly Swatter: Portrait of an Exceptional Charac...,unknown,10,10.8,216.0,11,1,False,20,1.0
A1JDW6D9DEZVKE,Information Security: Protecting the Global Enterprise,Information Security: Protecting the Global Enterp...,unknown,11,9.9,198.0,13,2,False,20,1.0
A1JDW6D9DEZVKE,The Art of Sport: The Best of Reuters Sports Photography,The Art of Sport: The Best of Reuters Sports Photo...,unknown,12,9.8,196.0,1,-11,False,20,1.0
A1JDW6D9DEZVKE,Sophie's Flight of Fancy #4 (Royal Ballet School Diaries),Sophie's Flight of Fancy #4 (Royal Ballet School D...,unknown,13,9.4,188.0,10,-3,False,20,1.0
A1JDW6D9DEZVKE,Cambridge 11: Chike and the River,Cambridge 11: Chike and the River,unknown,14,9.05,181.0,16,2,False,20,1.0
A1JDW6D9DEZVKE,The Berenstain Bears: How To Get Along At School,The Berenstain Bears: How To Get Along At School,unknown,15,8.9,178.0,3,-12,False,20,1.0
A1JDW6D9DEZVKE,The Metaphysical Poets,The Metaphysical Poets,unknown,16,7.9,158.0,12,-4,False,20,1.0
A1JDW6D9DEZVKE,Bible Crafts on a Shoestring Budget: Craft Foam & Felt,Bible Crafts on a Shoestring Budget: Craft Foam & ...,unknown,17,7.7,154.0,5,-12,False,20,1.0
A1JDW6D9DEZVKE,Architectural Elements: Interior Construction Details on CD-ROM (single-user),Architectural Elements: Interior Construction Deta...,unknown,18,7.05,141.0,14,-4,False,20,1.0
A1JDW6D9DEZVKE,Matthias Weischer: Malerei (English and German Edition),Matthias Weischer: Malerei (English and German Edi...,unknown,19,6.7,134.0,9,-10,False,20,1.0
A1JDW6D9DEZVKE,Oiler(Passbooks) (Career Examination Series),Oiler(Passbooks) (Career Examination Series),unknown,20,5.4,108.0,17,-3,False,20,1.0
A144XRHIZBIEJG,Story Structure to Die For: Fiction's Deadly Simple Secret,Story Structure to Die For: Fiction's Deadly Simpl...,unknown,1,14.75,295.0,5,4,False,20,0.0
A144XRHIZBIEJG,Questioning the Author: An Approach for Enhancing Student Engagement With Text,Questioning the Author: An Approach for Enhancing ...,unknown,2,13.45,269.0,19,17,False,20,0.0
A144XRHIZBIEJG,Warrior Wisdom: Inspiring Ideas from the World's Greatest Warriors,Warrior Wisdom: Inspiring Ideas from the World's G...,unknown,3,13.3,266.0,9,6,False,20,0.0
A144XRHIZBIEJG,Relentless Pursuit: A Novel (Secrets of Roux River Bayou),Relentless Pursuit: A Novel (Secrets of Roux River...,unknown,4,13.05,261.0,12,8,False,20,0.0
A144XRHIZBIEJG,"Healthy Classroom Management: Motivation, Communication, and Discipline","Healthy Classroom Management: Motivation, Communic...",unknown,5,13.05,261.0,8,3,False,20,0.0
A144XRHIZBIEJG,Inner Christianity: A Guide to the Esoteric Tradition,Inner Christianity: A Guide to the Esoteric Tradit...,unknown,6,12.9,258.0,16,10,False,20,0.0
A144XRHIZBIEJG,The Lockerbie Incident: A Detective's Tale,The Lockerbie Incident: A Detective's Tale,unknown,7,12.0,240.0,18,11,False,20,0.0
A144XRHIZBIEJG,The Crusaders From Warwick Castle (A Magical Journey To The Past Book 2),The Crusaders From Warwick Castle (A Magical Journ...,unknown,8,11.6,232.0,10,2,False,20,0.0
A144XRHIZBIEJG,"Finding Your Soul Mate: The joy of great sex, true love and lasting intimacy (Manifest Love & Money)","Finding Your Soul Mate: The joy of great sex, true...",unknown,9,11.4,228.0,6,-3,False,20,0.0
A144XRHIZBIEJG,Missing You,Missing You,unknown,10,11.3,226.0,15,5,True,20,0.0
A144XRHIZBIEJG,The Bleeding Rainbow,The Bleeding Rainbow,unknown,11,10.1,202.0,0,-11,False,20,0.0
A144XRHIZBIEJG,"Contextual-Configurative Jurisprudence: The Law, Science and Policies of Human Dignity","Contextual-Configurative Jurisprudence: The Law, S...",unknown,12,9.65,193.0,4,-8,False,20,0.0
A144XRHIZBIEJG,Walking the Corporate Tightrope,Walking the Corporate Tightrope,unknown,13,9.3,186.0,7,-6,False,20,0.0
A144XRHIZBIEJG,Applied Speech and Audio Processing: With Matlab Examples,Applied Speech and Audio Processing: With Matlab E...,unknown,14,9.15,183.0,13,-1,False,20,0.0
A144XRHIZBIEJG,Lonely Planet Portugal (Country Guide),Lonely Planet Portugal (Country Guide),unknown,15,8.8,176.0,1,-14,False,20,0.0
A144XRHIZBIEJG,Cloud Peak,Cloud Peak,unknown,16,8.2,164.0,2,-14,False,20,0.0
A144XRHIZBIEJG,The Horsey Tree And Other Scary Tales,The Horsey Tree And Other Scary Tales,unknown,17,8.2,164.0,11,-6,False,20,0.0
A144XRHIZBIEJG,Chinese the Easy Way (Easy Way Series),Chinese the Easy Way (Easy Way Series),unknown,18,7.55,151.0,3,-15,False,20,0.0
A144XRHIZBIEJG,Darkness Slumbers (The Witchcraft Masters Series Book 1),Darkness Slumbers (The Witchcraft Masters Series B...,unknown,19,7.35,147.0,17,-2,False,20,0.0
A144XRHIZBIEJG,"Volkswagen Jetta, Golf, GTI, Cabrio Service Manual: Jetta, Golf, GTI: 1993-1999; Cabrio: 1995-2002, Including 1.9L TDI, 2.0L and 2.8L VR6 [A3 Platform]","Volkswagen Jetta, Golf, GTI, Cabrio Service Manual...",unknown,20,4.9,98.0,14,-6,False,20,0.0
AQRPEIN8QHR03,Save the Cat! Goes to the Movies: The Screenwriter's Guide to Every Story Ever Told,Save the Cat! Goes to the Movies: The Screenwriter...,unknown,1,16.45,329.0,11,10,False,20,0.0
AQRPEIN8QHR03,Come for Dinner: Memorable Meals to Share With Friends,Come for Dinner: Memorable Meals to Share With Fri...,unknown,2,15.5,310.0,0,-2,False,20,0.0
AQRPEIN8QHR03,When the Stars Threw Down Their Spears (Goblin Wars),When the Stars Threw Down Their Spears (Goblin War...,unknown,3,13.3,266.0,18,15,False,20,0.0
AQRPEIN8QHR03,Users Guide to Astrology,Users Guide to Astrology,unknown,4,13.3,266.0,9,5,False,20,0.0
AQRPEIN8QHR03,The Misfortune Cookie (Esther Diamond Novel),The Misfortune Cookie (Esther Diamond Novel),unknown,5,12.45,249.0,12,7,False,20,0.0
AQRPEIN8QHR03,The Moon Divas Guidebook: Spirited Self-Care for Women in Transition,The Moon Divas Guidebook: Spirited Self-Care for W...,unknown,6,11.1,222.0,3,-3,False,20,0.0
AQRPEIN8QHR03,Dictionary of Art Terms and Techniques,Dictionary of Art Terms and Techniques,unknown,7,10.8,216.0,7,0,False,20,0.0
AQRPEIN8QHR03,Down in the Flood,Down in the Flood,unknown,8,10.4,208.0,15,7,False,20,0.0
AQRPEIN8QHR03,"Solstice at Panipat, 14 January 1761: An Authentic Account the Campaign of Panipat","Solstice at Panipat, 14 January 1761: An Authentic...",unknown,9,10.25,205.0,5,-4,False,20,0.0
AQRPEIN8QHR03,A World of Wonders Daily Devotional,A World of Wonders Daily Devotional,unknown,10,10.2,204.0,10,0,False,20,0.0
AQRPEIN8QHR03,Hecate's Child,Hecate's Child,unknown,11,10.2,204.0,2,-9,False,20,0.0
AQRPEIN8QHR03,Forgive 70 X 7: Our Forgotten Power,Forgive 70 X 7: Our Forgotten Power,unknown,12,10.1,202.0,8,-4,False,20,0.0
AQRPEIN8QHR03,The Russia Hand: A Memoir of Presidential Diplomacy,The Russia Hand: A Memoir of Presidential Diplomac...,unknown,13,9.85,197.0,17,4,False,20,0.0
AQRPEIN8QHR03,A Tattered Love,A Tattered Love,unknown,14,9.35,187.0,14,0,True,20,0.0
AQRPEIN8QHR03,The ABC's of Christmas,The ABC's of Christmas,unknown,15,8.35,167.0,6,-9,False,20,0.0
AQRPEIN8QHR03,Danish: An Elementary Grammar and Reader,Danish: An Elementary Grammar and Reader,unknown,16,8.35,167.0,1,-15,False,20,0.0
AQRPEIN8QHR03,Peter Lawford Story,Peter Lawford Story,unknown,17,8.15,163.0,19,2,False,20,0.0
AQRPEIN8QHR03,A Summer Greek Reader,A Summer Greek Reader,unknown,18,8.05,161.0,13,-5,False,20,0.0
AQRPEIN8QHR03,Royal Toy Spaniels (Book of the Breed Series),Royal Toy Spaniels (Book of the Breed Series),unknown,19,7.9,158.0,4,-15,False,20,0.0
AQRPEIN8QHR03,Green Lantern (2011-2016) #19 (Green Lantern (2011-)),Green Lantern (2011-2016) #19 (Green Lantern (2011...,unknown,20,5.95,119.0,16,-4,False,20,0.0
A1VOIJG44KZ4ST,"Midnight Falcon (The Rigante Series, Book 2)","Midnight Falcon (The Rigante Series, Book 2)",unknown,1,15.55,311.0,19,18,False,20,0.38685280723454163
A1VOIJG44KZ4ST,To Begin Again: A Novel of Love and War,To Begin Again: A Novel of Love and War,unknown,2,15.35,307.0,1,-1,False,20,0.38685280723454163
A1VOIJG44KZ4ST,To Kill a Priest : The Murder of Father Popieluszko and the Fall of Communism,To Kill a Priest : The Murder of Father Popieluszk...,unknown,3,13.3,266.0,17,14,False,20,0.38685280723454163
A1VOIJG44KZ4ST,A Night on Moon Hill,A Night on Moon Hill,unknown,4,12.3,246.0,8,4,False,20,0.38685280723454163
A1VOIJG44KZ4ST,Sleep with the Lights On (A Brown and De Luca Novel),Sleep with the Lights On (A Brown and De Luca Nove...,unknown,5,12.15,243.0,2,-3,True,20,0.38685280723454163
A1VOIJG44KZ4ST,"Doll Boutique: Create glamorous gowns, high-fashion hats, and other little luxuries!","Doll Boutique: Create glamorous gowns, high-fashio...",unknown,6,11.7,234.0,5,-1,False,20,0.38685280723454163
A1VOIJG44KZ4ST,Genius: Great Inventors and Their Creations (Y),Genius: Great Inventors and Their Creations (Y),unknown,7,11.6,232.0,3,-4,False,20,0.38685280723454163
A1VOIJG44KZ4ST,Hug Your Customers : Love the Results,Hug Your Customers : Love the Results,unknown,8,11.55,231.0,9,1,False,20,0.38685280723454163
A1VOIJG44KZ4ST,"Archer in Jeopardy: The Doomsters, The Zebra-Striped Hearse, & The Instant Enemy (Three Novels)","Archer in Jeopardy: The Doomsters, The Zebra-Strip...",unknown,9,11.25,225.0,15,6,False,20,0.38685280723454163
A1VOIJG44KZ4ST,Beyond Self Resistance Bodybuilding Course,Beyond Self Resistance Bodybuilding Course,unknown,10,10.5,210.0,10,0,False,20,0.38685280723454163
A1VOIJG44KZ4ST,"Yes, God!: What Ordinary Families Can Learn about Parenting from Today's Vocation Stories","Yes, God!: What Ordinary Families Can Learn about ...",unknown,11,10.4,208.0,12,1,False,20,0.38685280723454163
A1VOIJG44KZ4ST,Bitter Blessings,Bitter Blessings,unknown,12,10.3,206.0,16,4,False,20,0.38685280723454163
A1VOIJG44KZ4ST,Voices of the Valley: First Press,Voices of the Valley: First Press,unknown,13,9.45,189.0,18,5,False,20,0.38685280723454163
A1VOIJG44KZ4ST,High probability trading : take the steps to become a successful trader,High probability trading : take the steps to becom...,unknown,14,8.95,179.0,7,-7,False,20,0.38685280723454163
A1VOIJG44KZ4ST,Stabat Mater in Full Score (Dover Choral Music Scores),Stabat Mater in Full Score (Dover Choral Music Sco...,unknown,15,8.65,173.0,4,-11,False,20,0.38685280723454163
A1VOIJG44KZ4ST,Back Roads of California: Sketches and Trip Notes by Earl Thollander (A Sunset Pictorial),Back Roads of California: Sketches and Trip Notes ...,unknown,16,8.35,167.0,6,-10,False,20,0.38685280723454163
A1VOIJG44KZ4ST,What Men Know That Women Don't: How to Love Women Without Losing Your Soul,What Men Know That Women Don't: How to Love Women ...,unknown,17,7.75,155.0,0,-17,False,20,0.38685280723454163
A1VOIJG44KZ4ST,Farming With Family Ain't Always Easy- Book.,Farming With Family Ain't Always Easy- Book.,unknown,18,7.75,155.0,14,-4,False,20,0.38685280723454163
A1VOIJG44KZ4ST,Nancy Drew 33: The Witch Tree Symbol,Nancy Drew 33: The Witch Tree Symbol,unknown,19,7.3,146.0,13,-6,False,20,0.38685280723454163
A1VOIJG44KZ4ST,pass the salt and pepper,pass the salt and pepper,unknown,20,5.85,117.0,11,-9,False,20,0.38685280723454163
A30F3S26TTVE2J,How to Walk a Puma: And Other Things I Learned While Stumbling Through South America,How to Walk a Puma: And Other Things I Learned Whi...,unknown,1,15.9,318.0,2,1,False,20,0.0
A30F3S26TTVE2J,Children and Their World: Strategies for Teaching Social Studies,Children and Their World: Strategies for Teaching ...,unknown,2,14.35,287.0,10,8,False,20,0.0
A30F3S26TTVE2J,Annie Leibovitz: Photographs,Annie Leibovitz: Photographs,unknown,3,13.85,277.0,13,10,False,20,0.0
A30F3S26TTVE2J,"First Steps in Academic Writing (The Longman Academic Writing Series, Level 2) (2nd Edition)",First Steps in Academic Writing (The Longman Acade...,unknown,4,12.65,253.0,9,5,False,20,0.0
A30F3S26TTVE2J,The Place I Belong (A Whisper Horse Novel),The Place I Belong (A Whisper Horse Novel),unknown,5,12.5,250.0,0,-5,False,20,0.0
A30F3S26TTVE2J,The Pro-Growth Progressive: An Economic Strategy for Shared Prosperity,The Pro-Growth Progressive: An Economic Strategy f...,unknown,6,12.3,246.0,5,-1,False,20,0.0
A30F3S26TTVE2J,"Barr's The Human Nervous System: An Anatomical Viewpoint, Ninth Edition",Barr's The Human Nervous System: An Anatomical Vie...,unknown,7,11.85,237.0,7,0,False,20,0.0
A30F3S26TTVE2J,"Non-Democratic Regimes: Theory, Government and Politics (Comparative Government and Politics)","Non-Democratic Regimes: Theory, Government and Pol...",unknown,8,11.65,233.0,3,-5,False,20,0.0
A30F3S26TTVE2J,Microwave and RF Engineering,Microwave and RF Engineering,unknown,9,11.45,229.0,18,9,False,20,0.0
A30F3S26TTVE2J,Introduction to Reliable and Secure Distributed Programming,Introduction to Reliable and Secure Distributed Pr...,unknown,10,11.2,224.0,1,-9,False,20,0.0
A30F3S26TTVE2J,"The wanderer's necklace (The reincarnation library) by Haggard, H. Rider (1999) Hardcover",The wanderer's necklace (The reincarnation library...,unknown,11,9.55,191.0,16,5,False,20,0.0
A30F3S26TTVE2J,FORENSIC SCIENCE FOR HIGH SCHOOL STUDENT EDITION,FORENSIC SCIENCE FOR HIGH SCHOOL STUDENT EDITION,unknown,12,9.2,184.0,4,-8,False,20,0.0
A30F3S26TTVE2J,Batman: Rules of Engagement,Batman: Rules of Engagement,unknown,13,9.15,183.0,19,6,False,20,0.0
A30F3S26TTVE2J,The odds against me; an autobiography,The odds against me; an autobiography,unknown,14,9.05,181.0,12,-2,False,20,0.0
A30F3S26TTVE2J,"Good Witch of the West, The Volume 5","Good Witch of the West, The Volume 5",unknown,15,8.85,177.0,14,-1,False,20,0.0
A30F3S26TTVE2J,I'm A Jew I Don't Do Jesus,I'm A Jew I Don't Do Jesus,unknown,16,8.7,174.0,11,-5,False,20,0.0
A30F3S26TTVE2J,WAWA: West Africa Wins Again,WAWA: West Africa Wins Again,unknown,17,8.55,171.0,8,-9,False,20,0.0
A30F3S26TTVE2J,Radium Baby,Radium Baby,unknown,18,7.4,148.0,15,-3,False,20,0.0
A30F3S26TTVE2J,Marxism and Terrorism,Marxism and Terrorism,unknown,19,7.1,142.0,17,-2,False,20,0.0
A30F3S26TTVE2J,WeekDate® 2013 Wall Planner (calendar),WeekDate® 2013 Wall Planner (calendar),unknown,20,4.75,95.0,6,-14,True,20,0.0
A329HWE3BCYX43,Post Traumatic Stress Disorder: The Victim's Guide to Healing & Recovery,Post Traumatic Stress Disorder: The Victim's Guide...,unknown,1,15.7,314.0,8,7,False,20,0.43067655807339306
A329HWE3BCYX43,Dying in the Sun (Doctor Who),Dying in the Sun (Doctor Who),unknown,2,14.4,288.0,15,13,False,20,0.43067655807339306
A329HWE3BCYX43,"Back from the Front: Combat Trauma, Love, and the Family","Back from the Front: Combat Trauma, Love, and the ...",unknown,3,13.45,269.0,1,-2,False,20,0.43067655807339306
A329HWE3BCYX43,Rosemary's Ghosts (Tess Schafer-Medium Book 4),Rosemary's Ghosts (Tess Schafer-Medium Book 4),unknown,4,12.95,259.0,16,12,True,20,0.43067655807339306
A329HWE3BCYX43,Story Thru the Bible: An Interactive Way to Connect with God's Word,Story Thru the Bible: An Interactive Way to Connec...,unknown,5,12.55,251.0,3,-2,False,20,0.43067655807339306
A329HWE3BCYX43,Adiamante,Adiamante,unknown,6,11.75,235.0,5,-1,False,20,0.43067655807339306
A329HWE3BCYX43,Hunting Hard for Whitetails (Whitetail Secrets Series),Hunting Hard for Whitetails (Whitetail Secrets Ser...,unknown,7,10.8,216.0,19,12,False,20,0.43067655807339306
A329HWE3BCYX43,Six Miles to Charleston: The True Story of John and Lavinia Fisher (True Crime),Six Miles to Charleston: The True Story of John an...,unknown,8,10.65,213.0,13,5,False,20,0.43067655807339306
A329HWE3BCYX43,The Serpent Queen (Gotrek & Felix),The Serpent Queen (Gotrek & Felix),unknown,9,10.55,211.0,18,9,False,20,0.43067655807339306
A329HWE3BCYX43,The Eloquence of Desire,The Eloquence of Desire,unknown,10,10.25,205.0,6,-4,False,20,0.43067655807339306
A329HWE3BCYX43,The Ultimate Garage Sale,The Ultimate Garage Sale,unknown,11,10.2,204.0,2,-9,False,20,0.43067655807339306
A329HWE3BCYX43,Sorcerer's Handbook of Merlyn Stone: The Original Cult Classic,Sorcerer's Handbook of Merlyn Stone: The Original ...,unknown,12,9.45,189.0,17,5,False,20,0.43067655807339306
A329HWE3BCYX43,Street Spanish 3: The Best of Naughty Spanish,Street Spanish 3: The Best of Naughty Spanish,unknown,13,9.3,186.0,7,-6,False,20,0.43067655807339306
A329HWE3BCYX43,"The Complete Idiot's Guide to Project Management, 4th Edition","The Complete Idiot's Guide to Project Management, ...",unknown,14,9.2,184.0,10,-4,False,20,0.43067655807339306
A329HWE3BCYX43,Diana Prince Wonder Woman 1,Diana Prince Wonder Woman 1,unknown,15,9.05,181.0,11,-4,False,20,0.43067655807339306
A329HWE3BCYX43,"A+ Practice Questions: Exams 220-301, 220-302","A+ Practice Questions: Exams 220-301, 220-302",unknown,16,8.75,175.0,12,-4,False,20,0.43067655807339306
A329HWE3BCYX43,"How to Cook the Perfect... by Wareing, Marcus, Wright, Jeni (2010) Paperback","How to Cook the Perfect... by Wareing, Marcus, Wri...",unknown,17,8.65,173.0,9,-8,False,20,0.43067655807339306
A329HWE3BCYX43,The Creation of a University: The Drury Story Continues 1977-2004,The Creation of a University: The Drury Story Cont...,unknown,18,8.15,163.0,4,-14,False,20,0.43067655807339306
A329HWE3BCYX43,Into the Jaws of Doom (Give Yourself Goosebumps Special),Into the Jaws of Doom (Give Yourself Goosebumps Sp...,unknown,19,7.65,153.0,0,-19,False,20,0.43067655807339306
A329HWE3BCYX43,John Barrick,John Barrick,unknown,20,6.55,131.0,14,-6,False,20,0.43067655807339306
A25ILZCLHHZHRF,Reality Bites Back: The Troubling Truth About Guilty Pleasure TV,Reality Bites Back: The Troubling Truth About Guil...,unknown,1,14.0,280.0,8,7,False,20,0.0
A25ILZCLHHZHRF,Taste of Home: Cooking for Kids & Kids Party Food,Taste of Home: Cooking for Kids & Kids Party Food,unknown,2,13.5,270.0,9,7,False,20,0.0
A25ILZCLHHZHRF,The Film Book,The Film Book,unknown,3,12.75,255.0,11,8,False,20,0.0
A25ILZCLHHZHRF,Sign Language Conversations for Beginning Signers,Sign Language Conversations for Beginning Signers,unknown,4,12.65,253.0,0,-4,False,20,0.0
A25ILZCLHHZHRF,A Reason to Believe (Forrester Brothers),A Reason to Believe (Forrester Brothers),unknown,5,12.05,241.0,12,7,False,20,0.0
A25ILZCLHHZHRF,"The Best Baby Names in the World, from Around the World","The Best Baby Names in the World, from Around the ...",unknown,6,11.95,239.0,7,1,False,20,0.0
A25ILZCLHHZHRF,The Tiniest Seed: Poems for Reflection Vol. 1,The Tiniest Seed: Poems for Reflection Vol. 1,unknown,7,11.8,236.0,18,11,False,20,0.0
A25ILZCLHHZHRF,Speech After Stroke: A Manual for the Speech Pathologist and the Family Member,Speech After Stroke: A Manual for the Speech Patho...,unknown,8,11.6,232.0,3,-5,False,20,0.0
A25ILZCLHHZHRF,"Maine Mountain Guide, 10th: AMC'S Comprehensive Guide to Hiking Trails of Maine, Featuring Baxter State Park and Acadia National Park (AMC Hiking Guide Series)","Maine Mountain Guide, 10th: AMC'S Comprehensive Gu...",unknown,9,11.2,224.0,1,-8,False,20,0.0
A25ILZCLHHZHRF,"From Navy Blue to Corporate Gray: A Career Transition Guide for Navy, Marine Corps, and Coast Guard Personnel",From Navy Blue to Corporate Gray: A Career Transit...,unknown,10,10.8,216.0,16,6,False,20,0.0
A25ILZCLHHZHRF,Best Tent Camping: Michigan,Best Tent Camping: Michigan,unknown,11,10.55,211.0,19,8,False,20,0.0
A25ILZCLHHZHRF,RMAN Recipes for Oracle Database 11g: A Problem-Solution Approach (Expert's Voice in Oracle),RMAN Recipes for Oracle Database 11g: A Problem-So...,unknown,12,9.55,191.0,6,-6,False,20,0.0
A25ILZCLHHZHRF,Richard's Cycling for Fitness,Richard's Cycling for Fitness,unknown,13,9.5,190.0,2,-11,False,20,0.0
A25ILZCLHHZHRF,Navigating the Mortgage Maze: The Simple Truth About Financing Your Home,Navigating the Mortgage Maze: The Simple Truth Abo...,unknown,14,9.3,186.0,5,-9,False,20,0.0
A25ILZCLHHZHRF,Macromedia Flash Mx Magic,Macromedia Flash Mx Magic,unknown,15,9.05,181.0,14,-1,False,20,0.0
A25ILZCLHHZHRF,Golden Dawn Magical Tarot,Golden Dawn Magical Tarot,unknown,16,9.0,180.0,10,-6,False,20,0.0
A25ILZCLHHZHRF,Waldlust,Waldlust,unknown,17,8.7,174.0,17,0,True,20,0.0
A25ILZCLHHZHRF,Farlander NUMBERED SIGNED,Farlander NUMBERED SIGNED,unknown,18,7.45,149.0,4,-14,False,20,0.0
A25ILZCLHHZHRF,Action in the South Atlantic,Action in the South Atlantic,unknown,19,7.3,146.0,13,-6,False,20,0.0
A25ILZCLHHZHRF,Cotton Belt Locomotives,Cotton Belt Locomotives,unknown,20,7.3,146.0,15,-5,False,20,0.0
A3OVVINWM8BDY9,"Claim (The Homeward Trilogy, Book 3)","Claim (The Homeward Trilogy, Book 3)",unknown,1,15.6,312.0,16,15,True,20,1.0
A3OVVINWM8BDY9,SQL Server Query Performance Tuning: Distilled,SQL Server Query Performance Tuning: Distilled,unknown,2,15.35,307.0,19,17,False,20,1.0
A3OVVINWM8BDY9,Easier Parenting: 8 vital principles to guide your children's behaviour successfully,Easier Parenting: 8 vital principles to guide your...,unknown,3,14.2,284.0,9,6,False,20,1.0
A3OVVINWM8BDY9,The ABCs of Positive Parenting,The ABCs of Positive Parenting,unknown,4,12.9,258.0,10,6,False,20,1.0
A3OVVINWM8BDY9,Scented Herb Papers: How to Use Natural Scents and Colours in Hand-Made Recycled and Plant Papers,Scented Herb Papers: How to Use Natural Scents and...,unknown,5,11.8,236.0,2,-3,False,20,1.0
A3OVVINWM8BDY9,Project Financing: Asset-Based Financial Engineering,Project Financing: Asset-Based Financial Engineeri...,unknown,6,11.75,235.0,7,1,False,20,1.0
A3OVVINWM8BDY9,JumpStart Technology: Effective Use in the Solaris Operating Environment (With CD-ROM),JumpStart Technology: Effective Use in the Solaris...,unknown,7,11.45,229.0,11,4,False,20,1.0
A3OVVINWM8BDY9,Now Invest In Silver: An Introduction To Why Investing In Silver Makes Sense,Now Invest In Silver: An Introduction To Why Inves...,unknown,8,11.25,225.0,4,-4,False,20,1.0
A3OVVINWM8BDY9,"ONCE UPON A TIME IN HOLLYWOOD: Moviemaking, Con Games, and Murder in Glitter City","ONCE UPON A TIME IN HOLLYWOOD: Moviemaking, Con Ga...",unknown,9,11.1,222.0,8,-1,False,20,1.0
A3OVVINWM8BDY9,Teachings of the Immortals: So... you want to live forever?,Teachings of the Immortals: So... you want to live...,unknown,10,10.85,217.0,15,5,False,20,1.0
A3OVVINWM8BDY9,"Unfriendly Skies: 20th & 21st Centuries, 4th ed.","Unfriendly Skies: 20th & 21st Centuries, 4th ed.",unknown,11,9.95,199.0,3,-8,False,20,1.0
A3OVVINWM8BDY9,In All Our Affairs: Making Crises Work for You,In All Our Affairs: Making Crises Work for You,unknown,12,9.55,191.0,6,-6,False,20,1.0
A3OVVINWM8BDY9,"Egon Schiele: The Leopold Collection, Vienna","Egon Schiele: The Leopold Collection, Vienna",unknown,13,8.95,179.0,14,1,False,20,1.0
A3OVVINWM8BDY9,Staubach: Portrait of the Brightest Star,Staubach: Portrait of the Brightest Star,unknown,14,8.55,171.0,0,-14,False,20,1.0
A3OVVINWM8BDY9,Greatest Ever Indian,Greatest Ever Indian,unknown,15,8.55,171.0,5,-10,False,20,1.0
A3OVVINWM8BDY9,The Forests Of Maryland (1916),The Forests Of Maryland (1916),unknown,16,8.4,168.0,18,2,False,20,1.0
A3OVVINWM8BDY9,Someone I Love Is in the Air Force,Someone I Love Is in the Air Force,unknown,17,8.05,161.0,13,-4,False,20,1.0
A3OVVINWM8BDY9,Errol Flynn: A Memoir (,Errol Flynn: A Memoir (,unknown,18,7.8,156.0,12,-6,False,20,1.0
A3OVVINWM8BDY9,Midnight Stranger (Silhouette Intimate Moments),Midnight Stranger (Silhouette Intimate Moments),unknown,19,7.05,141.0,17,-2,False,20,1.0
A3OVVINWM8BDY9,My Heavenly Hockey Club 2,My Heavenly Hockey Club 2,unknown,20,6.9,138.0,1,-19,False,20,1.0
A3GFRJCMEJ5IVL,American Sniper: The Autobiography of the Most Lethal Sniper in U.S. Military History,American Sniper: The Autobiography of the Most Let...,unknown,1,19.25,385.0,12,11,True,20,1.0
A3GFRJCMEJ5IVL,The Flame Keepers: The True Story of an American Soldier's Survival Inside Stalag 17,The Flame Keepers: The True Story of an American S...,unknown,2,16.0,320.0,11,9,False,20,1.0
A3GFRJCMEJ5IVL,West from Fort Bridger: The Pioneering of the Immigrant Trails Across Utah 1846-1850,West from Fort Bridger: The Pioneering of the Immi...,unknown,3,14.15,283.0,5,2,False,20,1.0
A3GFRJCMEJ5IVL,Night Music: Poems,Night Music: Poems,unknown,4,13.8,276.0,1,-3,False,20,1.0
A3GFRJCMEJ5IVL,Creative Thinkers,Creative Thinkers,unknown,5,12.7,254.0,15,10,False,20,1.0
A3GFRJCMEJ5IVL,The Needlepoint and Cross Stitch Book: 30 New Charted Patterns to Create Your Own Designs,The Needlepoint and Cross Stitch Book: 30 New Char...,unknown,6,12.3,246.0,9,3,False,20,1.0
A3GFRJCMEJ5IVL,Palisades Park (Images of America),Palisades Park (Images of America),unknown,7,12.25,245.0,2,-5,False,20,1.0
A3GFRJCMEJ5IVL,Pumpernickel Tickle & Mean Green Cheese,Pumpernickel Tickle & Mean Green Cheese,unknown,8,10.8,216.0,10,2,False,20,1.0
A3GFRJCMEJ5IVL,Enchanted Forest Beaded Bookmark,Enchanted Forest Beaded Bookmark,unknown,9,9.3,186.0,3,-6,False,20,1.0
A3GFRJCMEJ5IVL,Whistler's Last Song,Whistler's Last Song,unknown,10,9.2,184.0,7,-3,False,20,1.0
A3GFRJCMEJ5IVL,"Black Art of Video Game Console Design, The","Black Art of Video Game Console Design, The",unknown,11,8.9,178.0,17,6,False,20,1.0
A3GFRJCMEJ5IVL,"Bakuman., Vol. 7 (7)","Bakuman., Vol. 7 (7)",unknown,12,8.9,178.0,0,-12,False,20,1.0
A3GFRJCMEJ5IVL,The Time Travel Journals: Bridgebuilders,The Time Travel Journals: Bridgebuilders,unknown,13,8.9,178.0,4,-9,False,20,1.0
A3GFRJCMEJ5IVL,They came here first; the epic of the American Indian. (LC History-America-E),They came here first; the epic of the American Ind...,unknown,14,8.6,172.0,19,5,False,20,1.0
A3GFRJCMEJ5IVL,The princess of the atom (Avon fantasy novels),The princess of the atom (Avon fantasy novels),unknown,15,8.2,164.0,16,1,False,20,1.0
A3GFRJCMEJ5IVL,The Ultimate Chocolate Kit,The Ultimate Chocolate Kit,unknown,16,8.15,163.0,14,-2,False,20,1.0
A3GFRJCMEJ5IVL,Chimp and Zee's Clothes,Chimp and Zee's Clothes,unknown,17,8.15,163.0,13,-4,False,20,1.0
A3GFRJCMEJ5IVL,Coaching the Under Front Defense,Coaching the Under Front Defense,unknown,18,7.85,157.0,8,-10,False,20,1.0
A3GFRJCMEJ5IVL,A New Approach to Industrial Economics,A New Approach to Industrial Economics,unknown,19,7.75,155.0,6,-13,False,20,1.0
A3GFRJCMEJ5IVL,Et si l'Afrique refusait le développement ? (French Edition),Et si l'Afrique refusait le développement ? (Frenc...,unknown,20,4.85,97.0,18,-2,False,20,1.0
A1K8X0S969E0XL,Marilyn: The Last Take,Marilyn: The Last Take,unknown,1,14.05,281.0,8,7,True,20,1.0
A1K8X0S969E0XL,"The Work of Leaders: How Vision, Alignment, and Execution Will Change the Way You Lead","The Work of Leaders: How Vision, Alignment, and Ex...",unknown,2,13.9,278.0,2,0,False,20,1.0
A1K8X0S969E0XL,Stan Kenton: The Man and His Music,Stan Kenton: The Man and His Music,unknown,3,13.45,269.0,5,2,False,20,1.0
A1K8X0S969E0XL,Dead Clever: A Lily Pascale Mystery,Dead Clever: A Lily Pascale Mystery,unknown,4,13.05,261.0,4,0,False,20,1.0
A1K8X0S969E0XL,Who's Better Than Me?: A Guide To Living Happily Ever After,Who's Better Than Me?: A Guide To Living Happily E...,unknown,5,12.3,246.0,14,9,False,20,1.0
A1K8X0S969E0XL,Darwinian Dominion: Animal Welfare and Human Interests,Darwinian Dominion: Animal Welfare and Human Inter...,unknown,6,11.7,234.0,16,10,False,20,1.0
A1K8X0S969E0XL,The Shift: The Transformation of Today's Marketers into Tomorrow's Growth Leaders,The Shift: The Transformation of Today's Marketers...,unknown,7,11.25,225.0,3,-4,False,20,1.0
A1K8X0S969E0XL,The Accessible Games Book,The Accessible Games Book,unknown,8,11.0,220.0,6,-2,False,20,1.0
A1K8X0S969E0XL,Poetry for Kids,Poetry for Kids,unknown,9,10.25,205.0,11,2,False,20,1.0
A1K8X0S969E0XL,Personal Meditations,Personal Meditations,unknown,10,10.0,200.0,15,5,False,20,1.0
A1K8X0S969E0XL,Real Women Eat Chiles,Real Women Eat Chiles,unknown,11,9.75,195.0,18,7,False,20,1.0
A1K8X0S969E0XL,"Vietnam Air War Debrief: The Story of the Aircraft, the Battles, and the Pilots who Fought (World Air Power Journal)",Vietnam Air War Debrief: The Story of the Aircraft...,unknown,12,9.75,195.0,1,-11,False,20,1.0
A1K8X0S969E0XL,"Through The Eyes Of Jesus, Volume 2","Through The Eyes Of Jesus, Volume 2",unknown,13,9.75,195.0,9,-4,False,20,1.0
A1K8X0S969E0XL,The Sins of His Past (Harlequin Desire),The Sins of His Past (Harlequin Desire),unknown,14,9.7,194.0,13,-1,False,20,1.0
A1K8X0S969E0XL,How to Restore the Triumph: TR5/250 and TR6 (Enthusiast's Restoration Manual),How to Restore the Triumph: TR5/250 and TR6 (Enthu...,unknown,15,9.1,182.0,19,4,False,20,1.0
A1K8X0S969E0XL,"Fifty Years' Reminiscences of India: A Retrospect of Travel, Adventure and Shikar",Fifty Years' Reminiscences of India: A Retrospect ...,unknown,16,9.0,180.0,10,-6,False,20,1.0
A1K8X0S969E0XL,"Big River, Big Man","Big River, Big Man",unknown,17,8.85,177.0,12,-5,False,20,1.0
A1K8X0S969E0XL,The FCA: An Illustrated History,The FCA: An Illustrated History,unknown,18,8.6,172.0,17,-1,False,20,1.0
A1K8X0S969E0XL,Horse Trails in Arizona,Horse Trails in Arizona,unknown,19,7.85,157.0,0,-19,False,20,1.0
A1K8X0S969E0XL,Introduction to Veterinary Anatomy and Physiology Textbook,Introduction to Veterinary Anatomy and Physiology ...,unknown,20,6.7,134.0,7,-13,False,20,1.0
A2JMVMP6N17H1X,The Gilded Stage: A Social History of Opera,The Gilded Stage: A Social History of Opera,unknown,1,14.9,298.0,17,16,False,20,0.0
A2JMVMP6N17H1X,"The Number Sense: How the Mind Creates Mathematics, Revised and Updated Edition",The Number Sense: How the Mind Creates Mathematics...,unknown,2,14.7,294.0,4,2,False,20,0.0
A2JMVMP6N17H1X,Plowshares and Pruning Hooks: Rethinking the Language of Biblical Prophecy and Apocalyptic,Plowshares and Pruning Hooks: Rethinking the Langu...,unknown,3,13.45,269.0,3,0,False,20,0.0
A2JMVMP6N17H1X,Music and Morals: A Theological Appraisal of the Moral and Psychological Effects of Music,Music and Morals: A Theological Appraisal of the M...,unknown,4,13.0,260.0,11,7,False,20,0.0
A2JMVMP6N17H1X,Health Care Teamwork: Interdisciplinary Practice and Teaching,Health Care Teamwork: Interdisciplinary Practice a...,unknown,5,12.85,257.0,10,5,False,20,0.0
A2JMVMP6N17H1X,Counterfeit Princess (Catching The Crown),Counterfeit Princess (Catching The Crown),unknown,6,12.85,257.0,18,12,False,20,0.0
A2JMVMP6N17H1X,"The Pantheon: Design, Meaning, and Progeny, With a New Foreword by John Pinto, Second Edition","The Pantheon: Design, Meaning, and Progeny, With a...",unknown,7,10.9,218.0,5,-2,False,20,0.0
A2JMVMP6N17H1X,Stinger (Sign of Love),Stinger (Sign of Love),unknown,8,10.35,207.0,8,0,True,20,0.0
A2JMVMP6N17H1X,"Geology of Luray Caverns, Virginia (Report of investigations - Virginia Division of Mineral Resources)","Geology of Luray Caverns, Virginia (Report of inve...",unknown,9,10.2,204.0,13,4,False,20,0.0
A2JMVMP6N17H1X,Black Woods: Black Woods Series Book 1,Black Woods: Black Woods Series Book 1,unknown,10,10.15,203.0,16,6,False,20,0.0
A2JMVMP6N17H1X,Tales of a Helicopter Pilot,Tales of a Helicopter Pilot,unknown,11,9.8,196.0,2,-9,False,20,0.0
A2JMVMP6N17H1X,I Do Believe; Help Me With My Unbelief!: My Journey Toward Uncompromising Faith in God,I Do Believe; Help Me With My Unbelief!: My Journe...,unknown,12,9.45,189.0,7,-5,False,20,0.0
A2JMVMP6N17H1X,Weight Watchers New Complete Cookbook,Weight Watchers New Complete Cookbook,unknown,13,9.15,183.0,6,-7,False,20,0.0
A2JMVMP6N17H1X,Prayers: A Personal Selection,Prayers: A Personal Selection,unknown,14,9.05,181.0,12,-2,False,20,0.0
A2JMVMP6N17H1X,Conquest of the Americas,Conquest of the Americas,unknown,15,8.8,176.0,19,4,False,20,0.0
A2JMVMP6N17H1X,"THE CLUSTER SERIES BOOKS 1-5: CLUSTER, CHAINING THE LADY, KIRLIAN QUEST, THOUSANDSTAR, and VISCOUS CIRCLE","THE CLUSTER SERIES BOOKS 1-5: CLUSTER, CHAINING TH...",unknown,16,8.8,176.0,14,-2,False,20,0.0
A2JMVMP6N17H1X,Necktie Parties: Legal Executions in Oregon 1851-1905,Necktie Parties: Legal Executions in Oregon 1851-1...,unknown,17,8.75,175.0,15,-2,False,20,0.0
A2JMVMP6N17H1X,Llewellyn's 2013 Sabbats Almanac: Samhain 2012 to Mabon 2013 (Annuals - Sabbats Almanac),Llewellyn's 2013 Sabbats Almanac: Samhain 2012 to ...,unknown,18,8.05,161.0,1,-17,False,20,0.0
A2JMVMP6N17H1X,Walt Disney's Bambi: Count to Five (Golden Books),Walt Disney's Bambi: Count to Five (Golden Books),unknown,19,7.8,156.0,9,-10,False,20,0.0
A2JMVMP6N17H1X,The Visitor: The Unknown Power,The Visitor: The Unknown Power,unknown,20,7.0,140.0,0,-20,False,20,0.0
A3JEY8FRBTI8OL,Meaning and Purpose in the Second Half of Life: A Guide to Finding What to Do with the Rest of Your Life,Meaning and Purpose in the Second Half of Life: A ...,unknown,1,16.7,334.0,1,0,True,20,1.0
A3JEY8FRBTI8OL,Ladybug & Friends Quilts,Ladybug & Friends Quilts,unknown,2,13.7,274.0,3,1,False,20,1.0
A3JEY8FRBTI8OL,Finding Your Inner Viking: A Midwestern Guy's Survival Guide,Finding Your Inner Viking: A Midwestern Guy's Surv...,unknown,3,12.05,241.0,12,9,False,20,1.0
A3JEY8FRBTI8OL,The Adventure Continues,The Adventure Continues,unknown,4,11.6,232.0,5,1,False,20,1.0
A3JEY8FRBTI8OL,The Place of the Lion,The Place of the Lion,unknown,5,11.45,229.0,11,6,False,20,1.0
A3JEY8FRBTI8OL,Is There a Duty to Obey the Law? (For and Against),Is There a Duty to Obey the Law? (For and Against),unknown,6,11.35,227.0,10,4,False,20,1.0
A3JEY8FRBTI8OL,Shamanism in North America,Shamanism in North America,unknown,7,11.1,222.0,13,6,False,20,1.0
A3JEY8FRBTI8OL,Play Bridge With Rookie,Play Bridge With Rookie,unknown,8,11.05,221.0,0,-8,False,20,1.0
A3JEY8FRBTI8OL,Faith Is Now,Faith Is Now,unknown,9,10.9,218.0,19,10,False,20,1.0
A3JEY8FRBTI8OL,Arts and Crafts of Rajasthan,Arts and Crafts of Rajasthan,unknown,10,10.4,208.0,14,4,False,20,1.0
A3JEY8FRBTI8OL,3 Scary Stories,3 Scary Stories,unknown,11,10.1,202.0,6,-5,False,20,1.0
A3JEY8FRBTI8OL,The Gray Earth,The Gray Earth,unknown,12,9.8,196.0,7,-5,False,20,1.0
A3JEY8FRBTI8OL,In the Beginning: A New Interpretation of Genesis,In the Beginning: A New Interpretation of Genesis,unknown,13,9.45,189.0,8,-5,False,20,1.0
A3JEY8FRBTI8OL,Spiraling Downward: Thinking About and Planning for Economic Collapse,Spiraling Downward: Thinking About and Planning fo...,unknown,14,9.1,182.0,2,-12,False,20,1.0
A3JEY8FRBTI8OL,Yi Soon Shin: Warrior and Defender OGN,Yi Soon Shin: Warrior and Defender OGN,unknown,15,8.95,179.0,17,2,False,20,1.0
A3JEY8FRBTI8OL,"Here I Am, Wasn't I","Here I Am, Wasn't I",unknown,16,8.6,172.0,16,0,False,20,1.0
A3JEY8FRBTI8OL,The Quintessential Chaos Mage (Dungeons & Dragons d20 3.5 Fantasy Roleplaying),The Quintessential Chaos Mage (Dungeons & Dragons ...,unknown,17,8.55,171.0,9,-8,False,20,1.0
A3JEY8FRBTI8OL,Jakarta Struts for Dummies,Jakarta Struts for Dummies,unknown,18,8.55,171.0,15,-3,False,20,1.0
A3JEY8FRBTI8OL,An Atlas of Surgical Approaches to the Bones and Joints of the Dog and Cat,An Atlas of Surgical Approaches to the Bones and J...,unknown,19,8.5,170.0,18,-1,False,20,1.0
A3JEY8FRBTI8OL,Black Helicopters over America: Strikeforce for the New World Order,Black Helicopters over America: Strikeforce for th...,unknown,20,8.1,162.0,4,-16,False,20,1.0
A39HR03ULV7UH8,Life of Meresamun: A Temple Singer in Ancient Egypt (Oriental Institute Museum Publications),Life of Meresamun: A Temple Singer in Ancient Egyp...,unknown,1,13.1,262.0,9,8,False,20,0.0
A39HR03ULV7UH8,Stellar Witness,Stellar Witness,unknown,2,13.0,260.0,18,16,False,20,0.0
A39HR03ULV7UH8,Costa Rica (Country Travel Guide),Costa Rica (Country Travel Guide),unknown,3,12.95,259.0,0,-3,False,20,0.0
A39HR03ULV7UH8,"Quick Annie, Give Me a Catchy Line!: A Story of Samuel F.B. Morse","Quick Annie, Give Me a Catchy Line!: A Story of Sa...",unknown,4,11.75,235.0,15,11,False,20,0.0
A39HR03ULV7UH8,The Ice Ghosts Mystery,The Ice Ghosts Mystery,unknown,5,11.55,231.0,6,1,False,20,0.0
A39HR03ULV7UH8,Rumble Seat,Rumble Seat,unknown,6,11.4,228.0,14,8,False,20,0.0
A39HR03ULV7UH8,Code-breaker's Secret Diaries,Code-breaker's Secret Diaries,unknown,7,11.4,228.0,10,3,False,20,0.0
A39HR03ULV7UH8,Immersed (Prophesied),Immersed (Prophesied),unknown,8,11.25,225.0,5,-3,False,20,0.0
A39HR03ULV7UH8,The Art of Manliness - Manvotionals: Timeless Wisdom and Advice on Living the 7 Manly Virtues,The Art of Manliness - Manvotionals: Timeless Wisd...,unknown,9,11.25,225.0,4,-5,False,20,0.0
A39HR03ULV7UH8,Men of Granite: New Hampshire's Soldiers in the Civil War,Men of Granite: New Hampshire's Soldiers in the Ci...,unknown,10,10.8,216.0,3,-7,False,20,0.0
A39HR03ULV7UH8,The Dissertation Desk Reference: The Doctoral Student's Manual to Writing the Dissertation,The Dissertation Desk Reference: The Doctoral Stud...,unknown,11,10.45,209.0,17,6,False,20,0.0
A39HR03ULV7UH8,I Hatched!,I Hatched!,unknown,12,10.45,209.0,16,4,False,20,0.0
A39HR03ULV7UH8,Hawaii's Lunchbox (Okazu) & Family Recipes,Hawaii's Lunchbox (Okazu) & Family Recipes,unknown,13,10.25,205.0,11,-2,False,20,0.0
A39HR03ULV7UH8,Angels At Midnight,Angels At Midnight,unknown,14,10.0,200.0,13,-1,False,20,0.0
A39HR03ULV7UH8,Songs of the Dying Earth,Songs of the Dying Earth,unknown,15,9.45,189.0,1,-14,False,20,0.0
A39HR03ULV7UH8,Modern American painting,Modern American painting,unknown,16,9.15,183.0,19,3,False,20,0.0
A39HR03ULV7UH8,Make Your Own Comic Sticker Book (Megamind),Make Your Own Comic Sticker Book (Megamind),unknown,17,8.95,179.0,12,-5,False,20,0.0
A39HR03ULV7UH8,Oz: Dark & Terrible Roleplaying Game Core Rulebook (ECE1001),Oz: Dark & Terrible Roleplaying Game Core Rulebook...,unknown,18,8.7,174.0,7,-11,True,20,0.0
A39HR03ULV7UH8,"The Princess and the Captain (3 1/2 Diskette, HTML)","The Princess and the Captain (3 1/2 Diskette, HTML...",unknown,19,7.9,158.0,8,-11,False,20,0.0
A39HR03ULV7UH8,"SECOND SLUTHOOD: A Manifesto For The Post-Menopausal, Pre-Senilic Matriarch",SECOND SLUTHOOD: A Manifesto For The Post-Menopaus...,unknown,20,6.25,125.0,2,-18,False,20,0.0
A1IZIJCW4QX99H,Pentecost. An ARKANE Thriller (Book 1),Pentecost. An ARKANE Thriller (Book 1),unknown,1,15.8,316.0,19,18,True,20,1.0
A1IZIJCW4QX99H,"Family Outing: A Guide to the Coming-Out Process for Gays, Lesbians, & Their Families",Family Outing: A Guide to the Coming-Out Process f...,unknown,2,15.45,309.0,16,14,False,20,1.0
A1IZIJCW4QX99H,Palm Beach Entertaining: Creating Occasions to Remember,Palm Beach Entertaining: Creating Occasions to Rem...,unknown,3,14.4,288.0,5,2,False,20,1.0
A1IZIJCW4QX99H,"The LEGO Adventure Book, Vol. 1: Cars, Castles, Dinosaurs and More!","The LEGO Adventure Book, Vol. 1: Cars, Castles, Di...",unknown,4,12.75,255.0,12,8,False,20,1.0
A1IZIJCW4QX99H,jQuery: Novice to Ninja: Novice to Ninja,jQuery: Novice to Ninja: Novice to Ninja,unknown,5,12.7,254.0,17,12,False,20,1.0
A1IZIJCW4QX99H,"Environmental Site Assessment Phase I: A Basic Guide, Third Edition",Environmental Site Assessment Phase I: A Basic Gui...,unknown,6,11.8,236.0,15,9,False,20,1.0
A1IZIJCW4QX99H,David's War/David's Peace,David's War/David's Peace,unknown,7,11.6,232.0,7,0,False,20,1.0
A1IZIJCW4QX99H,Mad World: Epidemic,Mad World: Epidemic,unknown,8,11.35,227.0,8,0,False,20,1.0
A1IZIJCW4QX99H,Physics: Principles with Applications Volume II (Ch. 16-33) (6th Edition),Physics: Principles with Applications Volume II (C...,unknown,9,10.9,218.0,4,-5,False,20,1.0
A1IZIJCW4QX99H,Mystery of the Carrowell necklace,Mystery of the Carrowell necklace,unknown,10,10.2,204.0,11,1,False,20,1.0
A1IZIJCW4QX99H,Standing Against the Wind,Standing Against the Wind,unknown,11,10.2,204.0,0,-11,False,20,1.0
A1IZIJCW4QX99H,Seven Red Sundays,Seven Red Sundays,unknown,12,10.05,201.0,6,-6,False,20,1.0
A1IZIJCW4QX99H,What a Husband Needs from His Wife: *Physically *Emotionally *Spiritually,What a Husband Needs from His Wife: *Physically *E...,unknown,13,9.2,184.0,13,0,False,20,1.0
A1IZIJCW4QX99H,Bugs in My Hair!,Bugs in My Hair!,unknown,14,8.9,178.0,9,-5,False,20,1.0
A1IZIJCW4QX99H,Sam's Perfect Plan,Sam's Perfect Plan,unknown,15,8.8,176.0,10,-5,False,20,1.0
A1IZIJCW4QX99H,"A whale of a territory;: The story of Bill O'Neil,","A whale of a territory;: The story of Bill O'Neil,",unknown,16,8.05,161.0,18,2,False,20,1.0
A1IZIJCW4QX99H,Conceptual Physics Teacher's Edition,Conceptual Physics Teacher's Edition,unknown,17,7.8,156.0,14,-3,False,20,1.0
A1IZIJCW4QX99H,SuperDiet,SuperDiet,unknown,18,7.25,145.0,3,-15,False,20,1.0
A1IZIJCW4QX99H,The Complete Jujitsuan,The Complete Jujitsuan,unknown,19,6.6,132.0,1,-18,False,20,1.0
A1IZIJCW4QX99H,Funny Farm (Photo Baby Board Books),Funny Farm (Photo Baby Board Books),unknown,20,6.2,124.0,2,-18,False,20,1.0
A7C8W60CRXOC9,"Empire of Dogs: Canines, Japan, and the Making of the Modern Imperial World (Studies of the Weatherhead East Asian Institute, Columbia University)","Empire of Dogs: Canines, Japan, and the Making of ...",unknown,1,17.0,340.0,12,11,False,20,0.43067655807339306
A7C8W60CRXOC9,The Art Detective: Adventures of an Antiques Roadshow Appraiser,The Art Detective: Adventures of an Antiques Roads...,unknown,2,16.8,336.0,16,14,False,20,0.43067655807339306
A7C8W60CRXOC9,"The Big Book of Realistic Drawing Secrets: Easy Techniques for drawing people, animals, flowers and nature",The Big Book of Realistic Drawing Secrets: Easy Te...,unknown,3,14.55,291.0,15,12,False,20,0.43067655807339306
A7C8W60CRXOC9,The Science of Life After Death: New Research Shows Human Consciousness Lives On,The Science of Life After Death: New Research Show...,unknown,4,14.1,282.0,4,0,False,20,0.43067655807339306
A7C8W60CRXOC9,"Killer Angel: A Short Biography of Planned Parenthood's Founder, Margaret Sanger",Killer Angel: A Short Biography of Planned Parenth...,unknown,5,14.05,281.0,13,8,True,20,0.43067655807339306
A7C8W60CRXOC9,Fighting for Queen and Country: One Man's True Story of Blood and Violence Inside the Paras and the SAS,Fighting for Queen and Country: One Man's True Sto...,unknown,6,13.9,278.0,1,-5,False,20,0.43067655807339306
A7C8W60CRXOC9,Jacob DeShazer: Forgive Your Enemies (Christian Heroes: Then & Now) (Christian Heroes: Then and Now),Jacob DeShazer: Forgive Your Enemies (Christian He...,unknown,7,11.25,225.0,17,10,False,20,0.43067655807339306
A7C8W60CRXOC9,Mrs Man,Mrs Man,unknown,8,10.05,201.0,6,-2,False,20,0.43067655807339306
A7C8W60CRXOC9,Outdoor Recreation: Enrichment for a Lifetime,Outdoor Recreation: Enrichment for a Lifetime,unknown,9,10.0,200.0,7,-2,False,20,0.43067655807339306
A7C8W60CRXOC9,Song of the Solipsistic One,Song of the Solipsistic One,unknown,10,9.95,199.0,3,-7,False,20,0.43067655807339306
A7C8W60CRXOC9,National Lampoon Comics. Volume 1 No. 7,National Lampoon Comics. Volume 1 No. 7,unknown,11,8.75,175.0,11,0,False,20,0.43067655807339306
A7C8W60CRXOC9,The Hen House,The Hen House,unknown,12,8.7,174.0,14,2,False,20,0.43067655807339306
A7C8W60CRXOC9,Electrical Systems Design,Electrical Systems Design,unknown,13,8.4,168.0,9,-4,False,20,0.43067655807339306
A7C8W60CRXOC9,The American-International Encyclopedic Cookbook.,The American-International Encyclopedic Cookbook.,unknown,14,8.25,165.0,2,-12,False,20,0.43067655807339306
A7C8W60CRXOC9,That Deep and Steady Hum,That Deep and Steady Hum,unknown,15,8.2,164.0,0,-15,False,20,0.43067655807339306
A7C8W60CRXOC9,"RUPERT OF HENTZAU, from the Memoirs of Fritz von Tarlenheim.","RUPERT OF HENTZAU, from the Memoirs of Fritz von T...",unknown,16,8.15,163.0,10,-6,False,20,0.43067655807339306
A7C8W60CRXOC9,Powerball 310,Powerball 310,unknown,17,7.7,154.0,18,1,False,20,0.43067655807339306
A7C8W60CRXOC9,University of Arkansas Football Vault,University of Arkansas Football Vault,unknown,18,7.3,146.0,8,-10,False,20,0.43067655807339306
A7C8W60CRXOC9,Aehlert's Emt Basic Study Guide,Aehlert's Emt Basic Study Guide,unknown,19,6.5,130.0,19,0,False,20,0.43067655807339306
A7C8W60CRXOC9,Rock Band - Modern Rock Edition - Drum Play-Along Volume 19 Bk/CD (Hal Leonard Drum Play-Along),Rock Band - Modern Rock Edition - Drum Play-Along ...,unknown,20,6.4,128.0,5,-15,False,20,0.43067655807339306
A3T2J7YMQT11Y2,The Daredevil Entrepreneur: The Journey and Teachings of a Successful Entrepreneur,The Daredevil Entrepreneur: The Journey and Teachi...,unknown,1,15.2,304.0,19,18,True,20,1.0
A3T2J7YMQT11Y2,Moon Affirmations: Daily Meditations Using the Moon Phase to Focus Your Energy,Moon Affirmations: Daily Meditations Using the Moo...,unknown,2,15.1,302.0,6,4,False,20,1.0
A3T2J7YMQT11Y2,The Real MCTS/MCITP Exam 70-647 Prep Kit: Independent and Complete Self-Paced Solutions,The Real MCTS/MCITP Exam 70-647 Prep Kit: Independ...,unknown,3,13.15,263.0,13,10,False,20,1.0
A3T2J7YMQT11Y2,Organic Structures from Spectra,Organic Structures from Spectra,unknown,4,12.5,250.0,16,12,False,20,1.0
A3T2J7YMQT11Y2,The Gifted: Book III of The Black Angel Trilogy,The Gifted: Book III of The Black Angel Trilogy,unknown,5,12.35,247.0,7,2,False,20,1.0
A3T2J7YMQT11Y2,The American political tradition,The American political tradition,unknown,6,12.3,246.0,11,5,False,20,1.0
A3T2J7YMQT11Y2,The Dream Weaver: One Boy's Journey through the Landscape of Reality,The Dream Weaver: One Boy's Journey through the La...,unknown,7,12.1,242.0,12,5,False,20,1.0
A3T2J7YMQT11Y2,Becoming Mexipino: Multiethnic Identities and Communities in San Diego (Latinidad: Transnational Cultures in the United States),Becoming Mexipino: Multiethnic Identities and Comm...,unknown,8,11.55,231.0,2,-6,False,20,1.0
A3T2J7YMQT11Y2,A Very Present Help,A Very Present Help,unknown,9,10.95,219.0,18,9,False,20,1.0
A3T2J7YMQT11Y2,The Bifrost Bridge,The Bifrost Bridge,unknown,10,10.55,211.0,0,-10,False,20,1.0
A3T2J7YMQT11Y2,Teach Yourself Linux (Teach Yourself Series),Teach Yourself Linux (Teach Yourself Series),unknown,11,10.5,210.0,15,4,False,20,1.0
A3T2J7YMQT11Y2,Principia : Vol. 1 The Motion of Bodies,Principia : Vol. 1 The Motion of Bodies,unknown,12,10.45,209.0,10,-2,False,20,1.0
A3T2J7YMQT11Y2,"Wiley CPA Exam Review Focus Notes 2012, Financial Accounting and Reporting","Wiley CPA Exam Review Focus Notes 2012, Financial ...",unknown,13,9.85,197.0,8,-5,False,20,1.0
A3T2J7YMQT11Y2,Bump in the Night,Bump in the Night,unknown,14,9.45,189.0,9,-5,False,20,1.0
A3T2J7YMQT11Y2,"The Lightness of Being: Mass, Ether, and the Unification of Forces","The Lightness of Being: Mass, Ether, and the Unifi...",unknown,15,9.0,180.0,1,-14,False,20,1.0
A3T2J7YMQT11Y2,The Jungle Matthew Reinhart (2007-05-04),The Jungle Matthew Reinhart (2007-05-04),unknown,16,8.7,174.0,4,-12,False,20,1.0
A3T2J7YMQT11Y2,Forbidden Mandate,Forbidden Mandate,unknown,17,8.55,171.0,17,0,False,20,1.0
A3T2J7YMQT11Y2,London 2012 Square 12X12 Wall Calendar (World Traveller),London 2012 Square 12X12 Wall Calendar (World Trav...,unknown,18,6.55,131.0,14,-4,False,20,1.0
A3T2J7YMQT11Y2,Cardcaptors 8x8 #01: Power Play,Cardcaptors 8x8 #01: Power Play,unknown,19,6.35,127.0,3,-16,False,20,1.0
A3T2J7YMQT11Y2,Black Labrador Retrievers 2012 Wall Calendar #30466-12,Black Labrador Retrievers 2012 Wall Calendar #3046...,unknown,20,4.85,97.0,5,-15,False,20,1.0
A2A0UQYA5Z4LE2,E-Squared: Nine Do-It-Yourself Energy Experiments That Prove Your Thoughts Create Your Reality,E-Squared: Nine Do-It-Yourself Energy Experiments ...,unknown,1,17.15,343.0,11,10,True,20,1.0
A2A0UQYA5Z4LE2,Madiba A to Z: The Many Faces of Nelson Mandela,Madiba A to Z: The Many Faces of Nelson Mandela,unknown,2,14.4,288.0,7,5,False,20,1.0
A2A0UQYA5Z4LE2,The Secret Life of Bees,The Secret Life of Bees,unknown,3,13.35,267.0,19,16,False,20,1.0
A2A0UQYA5Z4LE2,"The Healing Power of the Drum, Book Two: A Journey of Rhythm and Stories","The Healing Power of the Drum, Book Two: A Journey...",unknown,4,12.8,256.0,9,5,False,20,1.0
A2A0UQYA5Z4LE2,The Ruby Key (Moon & Sun),The Ruby Key (Moon & Sun),unknown,5,12.3,246.0,1,-4,False,20,1.0
A2A0UQYA5Z4LE2,"Why David Sometimes Wins: Leadership, Organization, and Strategy in the California Farm Worker Movement","Why David Sometimes Wins: Leadership, Organization...",unknown,6,11.95,239.0,3,-3,False,20,1.0
A2A0UQYA5Z4LE2,Chayton's Tempest,Chayton's Tempest,unknown,7,11.2,224.0,17,10,False,20,1.0
A2A0UQYA5Z4LE2,Amateur City: A Kate Delafield Mystery,Amateur City: A Kate Delafield Mystery,unknown,8,10.75,215.0,0,-8,False,20,1.0
A2A0UQYA5Z4LE2,An Actor's Odyssey: From Orson Welles to Lucky the Leprechaun,An Actor's Odyssey: From Orson Welles to Lucky the...,unknown,9,10.1,202.0,14,5,False,20,1.0
A2A0UQYA5Z4LE2,The Physician Champion: Agent for a Compassionate Culture,The Physician Champion: Agent for a Compassionate ...,unknown,10,10.1,202.0,10,0,False,20,1.0
A2A0UQYA5Z4LE2,ANIMALIA ANGELICUS: A Romantic Tragedy from the Animal Kingdom,ANIMALIA ANGELICUS: A Romantic Tragedy from the An...,unknown,11,9.8,196.0,2,-9,False,20,1.0
A2A0UQYA5Z4LE2,Iran: Seven Faces of Civilization (Book and DVD Set),Iran: Seven Faces of Civilization (Book and DVD Se...,unknown,12,9.6,192.0,5,-7,False,20,1.0
A2A0UQYA5Z4LE2,A Fabumouse Vacation for Geronimo (Geronimo Stilton 9) (Geronimo Stilton),A Fabumouse Vacation for Geronimo (Geronimo Stilto...,unknown,13,9.45,189.0,4,-9,False,20,1.0
A2A0UQYA5Z4LE2,Choral Music Education,Choral Music Education,unknown,14,9.35,187.0,16,2,False,20,1.0
A2A0UQYA5Z4LE2,"Garfield & Co. #1: Fish to Fry (Garfield Graphic Novels, 1)",Garfield & Co. #1: Fish to Fry (Garfield Graphic N...,unknown,15,8.55,171.0,6,-9,False,20,1.0
A2A0UQYA5Z4LE2,Service with a Smile,Service with a Smile,unknown,16,8.5,170.0,18,2,False,20,1.0
A2A0UQYA5Z4LE2,10 for 10 Sheet Music Wedding Essentials: Piano/Vocal & Piano Solos,10 for 10 Sheet Music Wedding Essentials: Piano/Vo...,unknown,17,8.45,169.0,12,-5,False,20,1.0
A2A0UQYA5Z4LE2,The Cygnus Conspiracy (Spacemaster Series),The Cygnus Conspiracy (Spacemaster Series),unknown,18,7.85,157.0,8,-10,False,20,1.0
A2A0UQYA5Z4LE2,Boundary Waters Canoe Area: Western Region,Boundary Waters Canoe Area: Western Region,unknown,19,7.35,147.0,13,-6,False,20,1.0
A2A0UQYA5Z4LE2,NYC: Murder Brooklyn Style (Summer Winter Mystery Book 2),NYC: Murder Brooklyn Style (Summer Winter Mystery ...,unknown,20,7.0,140.0,15,-5,False,20,1.0
AP9RGUGSTPZJ7,Band of Sisters,Band of Sisters,unknown,1,16.6,332.0,10,9,False,20,0.5
AP9RGUGSTPZJ7,Lost Childhood: My Life in a Japanese Prison Camp During World War II (National Geographic-memoirs),Lost Childhood: My Life in a Japanese Prison Camp ...,unknown,2,15.75,315.0,16,14,False,20,0.5
AP9RGUGSTPZJ7,A Place of Greater Safety: A Novel,A Place of Greater Safety: A Novel,unknown,3,15.3,306.0,9,6,True,20,0.5
AP9RGUGSTPZJ7,Dealing Crack: The Social World of Streetcorner Selling (New England Series In Criminal Behavior),Dealing Crack: The Social World of Streetcorner Se...,unknown,4,12.65,253.0,3,-1,False,20,0.5
AP9RGUGSTPZJ7,Sunday: A History of the First Day from Babylonia to the Super Bowl,Sunday: A History of the First Day from Babylonia ...,unknown,5,12.6,252.0,7,2,False,20,0.5
AP9RGUGSTPZJ7,The Complete Guide to Understanding and Using NLP Neuro-Linguistic Programming Explained Simply,The Complete Guide to Understanding and Using NLP ...,unknown,6,12.25,245.0,13,7,False,20,0.5
AP9RGUGSTPZJ7,More Than You Wished,More Than You Wished,unknown,7,11.75,235.0,14,7,False,20,0.5
AP9RGUGSTPZJ7,Good Night Miami (Good Night Our World),Good Night Miami (Good Night Our World),unknown,8,11.25,225.0,8,0,False,20,0.5
AP9RGUGSTPZJ7,Schmitty The Weather Dog: Daydream,Schmitty The Weather Dog: Daydream,unknown,9,10.3,206.0,15,6,False,20,0.5
AP9RGUGSTPZJ7,My Learn-to-Pray Bible,My Learn-to-Pray Bible,unknown,10,10.1,202.0,5,-5,False,20,0.5
AP9RGUGSTPZJ7,Action Philosophers Vol. 1,Action Philosophers Vol. 1,unknown,11,9.75,195.0,17,6,False,20,0.5
AP9RGUGSTPZJ7,Secrets of the Knights,Secrets of the Knights,unknown,12,9.65,193.0,18,6,False,20,0.5
AP9RGUGSTPZJ7,Chickie: Stop and Go (Pet Parade),Chickie: Stop and Go (Pet Parade),unknown,13,9.5,190.0,6,-7,False,20,0.5
AP9RGUGSTPZJ7,Religion (Eyewitness Books),Religion (Eyewitness Books),unknown,14,9.5,190.0,11,-3,False,20,0.5
AP9RGUGSTPZJ7,"James Taylor Complete, Volume One","James Taylor Complete, Volume One",unknown,15,8.45,169.0,19,4,False,20,0.5
AP9RGUGSTPZJ7,Looking For Przybylski,Looking For Przybylski,unknown,16,8.2,164.0,4,-12,False,20,0.5
AP9RGUGSTPZJ7,Brain Boy #0,Brain Boy #0,unknown,17,6.75,135.0,0,-17,False,20,0.5
AP9RGUGSTPZJ7,The Dark Behind the Door,The Dark Behind the Door,unknown,18,6.7,134.0,2,-16,False,20,0.5
AP9RGUGSTPZJ7,FILMFAX #18 MAGAZINE (January 1990)(Monster Of Piedras Blancas cover)(Unusual Film & Television),FILMFAX #18 MAGAZINE (January 1990)(Monster Of Pie...,unknown,19,6.7,134.0,1,-18,False,20,0.5
AP9RGUGSTPZJ7,Une Breve Histoire de l'Avenir (French Edition),Une Breve Histoire de l'Avenir (French Edition),unknown,20,6.25,125.0,12,-8,False,20,0.5
A3NKHJH206QS6L,The Forgotten Art of Building a Good Fireplace: How to alter unsatisfactory fireplaces & to build new ones in the 18th century fashion,The Forgotten Art of Building a Good Fireplace: Ho...,unknown,1,13.9,278.0,15,14,False,20,1.0
A3NKHJH206QS6L,Fantastic Four: Flesh and Stone,Fantastic Four: Flesh and Stone,unknown,2,13.8,276.0,19,17,True,20,1.0
A3NKHJH206QS6L,"Outside, Looking in","Outside, Looking in",unknown,3,13.55,271.0,11,8,False,20,1.0
A3NKHJH206QS6L,The Mind of the Customer: How the World's Leading Sales Forces Accelerate Their Customers' Success,The Mind of the Customer: How the World's Leading ...,unknown,4,13.4,268.0,0,-4,False,20,1.0
A3NKHJH206QS6L,Horace's Hope: What Works for the American High School,Horace's Hope: What Works for the American High Sc...,unknown,5,13.35,267.0,10,5,False,20,1.0
A3NKHJH206QS6L,Fly,Fly,unknown,6,12.55,251.0,13,7,False,20,1.0
A3NKHJH206QS6L,"Network Flows: Theory, Algorithms, and Applications","Network Flows: Theory, Algorithms, and Application...",unknown,7,11.8,236.0,14,7,False,20,1.0
A3NKHJH206QS6L,Ambolaja: Into the Light,Ambolaja: Into the Light,unknown,8,11.3,226.0,8,0,False,20,1.0
A3NKHJH206QS6L,Teach Yourself Complete French (Teach Yourself Language),Teach Yourself Complete French (Teach Yourself Lan...,unknown,9,10.75,215.0,9,0,False,20,1.0
A3NKHJH206QS6L,Sheep (Naturebooks),Sheep (Naturebooks),unknown,10,10.5,210.0,5,-5,False,20,1.0
A3NKHJH206QS6L,"Summertime Blues (Lou!) (Lou!, 2)","Summertime Blues (Lou!) (Lou!, 2)",unknown,11,10.4,208.0,4,-7,False,20,1.0
A3NKHJH206QS6L,"Anahulu: The Anthropology of History in the Kingdom of Hawaii, Volume 2: The Archaeology of History",Anahulu: The Anthropology of History in the Kingdo...,unknown,12,9.8,196.0,1,-11,False,20,1.0
A3NKHJH206QS6L,"Mostly Happy Clip Art of the 30s, 40s, 50s (Volume 2)","Mostly Happy Clip Art of the 30s, 40s, 50s (Volume...",unknown,13,9.15,183.0,2,-11,False,20,1.0
A3NKHJH206QS6L,The Scream of Angels,The Scream of Angels,unknown,14,9.05,181.0,6,-8,False,20,1.0
A3NKHJH206QS6L,New Immortal,New Immortal,unknown,15,8.5,170.0,17,2,False,20,1.0
A3NKHJH206QS6L,Fishes of Oklahoma,Fishes of Oklahoma,unknown,16,8.15,163.0,18,2,False,20,1.0
A3NKHJH206QS6L,The Religiously Mixed Marriage,The Religiously Mixed Marriage,unknown,17,8.05,161.0,12,-5,False,20,1.0
A3NKHJH206QS6L,Indesign Cs Killer Tips: The Hottest Collection of Cool Tips and Hidden Secrets for Indesing,Indesign Cs Killer Tips: The Hottest Collection of...,unknown,18,7.7,154.0,7,-11,False,20,1.0
A3NKHJH206QS6L,Alvin and the Chipmunks: Chipwrecked: Reusable Sticker Book,Alvin and the Chipmunks: Chipwrecked: Reusable Sti...,unknown,19,7.35,147.0,16,-3,False,20,1.0
A3NKHJH206QS6L,Integrales: Study Score,Integrales: Study Score,unknown,20,6.95,139.0,3,-17,False,20,1.0
A26YS05HOLMAWK,This Business of Global Music Marketing: Global Strategies for Maximizing your Music's Popularity and Profits,This Business of Global Music Marketing: Global St...,unknown,1,14.85,297.0,18,17,False,20,0.6309297535714575
A26YS05HOLMAWK,Spook: Science Tackles the Afterlife,Spook: Science Tackles the Afterlife,unknown,2,14.85,297.0,8,6,True,20,0.6309297535714575
A26YS05HOLMAWK,How to promote your children's book: A survival guide,How to promote your children's book: A survival gu...,unknown,3,14.15,283.0,3,0,False,20,0.6309297535714575
A26YS05HOLMAWK,"Managing Six Sigma: A Practical Guide to Understanding, Assessing, and Implementing the Strategy That Yields Bottom-Line Success",Managing Six Sigma: A Practical Guide to Understan...,unknown,4,12.4,248.0,5,1,False,20,0.6309297535714575
A26YS05HOLMAWK,A Paddler's Guide to Algonquin Park,A Paddler's Guide to Algonquin Park,unknown,5,12.35,247.0,17,12,False,20,0.6309297535714575
A26YS05HOLMAWK,In Quest of Theta Magic,In Quest of Theta Magic,unknown,6,11.35,227.0,15,9,False,20,0.6309297535714575
A26YS05HOLMAWK,A Young Girl and Her Diary: The Life and Legacy of Anne Frank,A Young Girl and Her Diary: The Life and Legacy of...,unknown,7,11.3,226.0,16,9,False,20,0.6309297535714575
A26YS05HOLMAWK,"Tide of War (Volume 2) (The Nathan Peake Novels, 2)","Tide of War (Volume 2) (The Nathan Peake Novels, 2...",unknown,8,10.8,216.0,2,-6,False,20,0.6309297535714575
A26YS05HOLMAWK,The Broken Link,The Broken Link,unknown,9,10.75,215.0,0,-9,False,20,0.6309297535714575
A26YS05HOLMAWK,Toward Healthy Aging: Human Needs and Nursing Response,Toward Healthy Aging: Human Needs and Nursing Resp...,unknown,10,10.55,211.0,9,-1,False,20,0.6309297535714575
A26YS05HOLMAWK,Art in Rome in the Eighteenth Century,Art in Rome in the Eighteenth Century,unknown,11,10.2,204.0,13,2,False,20,0.6309297535714575
A26YS05HOLMAWK,My So-Called Death,My So-Called Death,unknown,12,9.35,187.0,12,0,False,20,0.6309297535714575
A26YS05HOLMAWK,Fuel Cells: Problems and Solutions,Fuel Cells: Problems and Solutions,unknown,13,9.15,183.0,19,6,False,20,0.6309297535714575
A26YS05HOLMAWK,Flip-a-Shape: Play!,Flip-a-Shape: Play!,unknown,14,9.05,181.0,4,-10,False,20,0.6309297535714575
A26YS05HOLMAWK,War: The New Edition,War: The New Edition,unknown,15,8.65,173.0,14,-1,False,20,0.6309297535714575
A26YS05HOLMAWK,"Good Night, Gorilla","Good Night, Gorilla",unknown,16,8.6,172.0,1,-15,False,20,0.6309297535714575
A26YS05HOLMAWK,Tale of Tail's (Sardinina Cove) (Volume 1),Tale of Tail's (Sardinina Cove) (Volume 1),unknown,17,8.55,171.0,7,-10,False,20,0.6309297535714575
A26YS05HOLMAWK,Magic Lantern Guides®: Nikon Coolpix P7000,Magic Lantern Guides®: Nikon Coolpix P7000,unknown,18,8.5,170.0,6,-12,False,20,0.6309297535714575
A26YS05HOLMAWK,"Land Development, Ninth Edition","Land Development, Ninth Edition",unknown,19,7.6,152.0,10,-9,False,20,0.6309297535714575
A26YS05HOLMAWK,The Provincial Atlas of China,The Provincial Atlas of China,unknown,20,7.0,140.0,11,-9,False,20,0.6309297535714575
AA6DEARXS5K9C,Approaching God: How to Pray,Approaching God: How to Pray,unknown,1,14.75,295.0,6,5,False,20,0.0
AA6DEARXS5K9C,A Spirited Gift (A Missing Pieces Mystery),A Spirited Gift (A Missing Pieces Mystery),unknown,2,14.35,287.0,8,6,False,20,0.0
AA6DEARXS5K9C,Come and Play: Children of Our World Having Fun,Come and Play: Children of Our World Having Fun,unknown,3,13.5,270.0,19,16,False,20,0.0
AA6DEARXS5K9C,Art2-D2's Guide to Folding and Doodling (An Origami Yoda Activity Book),Art2-D2's Guide to Folding and Doodling (An Origam...,unknown,4,12.95,259.0,13,9,False,20,0.0
AA6DEARXS5K9C,Treasury of Greeting Card Designs CD-ROM and Book (Dover Electronic Clip Art),Treasury of Greeting Card Designs CD-ROM and Book ...,unknown,5,11.6,232.0,18,13,False,20,0.0
AA6DEARXS5K9C,The Universe in Zero Words: The Story of Mathematics as Told through Equations,The Universe in Zero Words: The Story of Mathemati...,unknown,6,11.4,228.0,3,-3,False,20,0.0
AA6DEARXS5K9C,"Sound and Silence: Classroom Projects in Creative Music (Resources of Music, Series Number 2)",Sound and Silence: Classroom Projects in Creative ...,unknown,7,11.2,224.0,10,3,False,20,0.0
AA6DEARXS5K9C,Health Education: Elementary and Middle School Applications with PowerWeb Bind-in Passcard,Health Education: Elementary and Middle School App...,unknown,8,11.0,220.0,14,6,False,20,0.0
AA6DEARXS5K9C,Jumping for Kids,Jumping for Kids,unknown,9,10.5,210.0,7,-2,False,20,0.0
AA6DEARXS5K9C,Man For Maggie Moore (Montana Matchmakers),Man For Maggie Moore (Montana Matchmakers),unknown,10,10.5,210.0,16,6,False,20,0.0
AA6DEARXS5K9C,The Triple Goddess: Afterlife Saga,The Triple Goddess: Afterlife Saga,unknown,11,10.5,210.0,12,1,False,20,0.0
AA6DEARXS5K9C,"Mercedes-Benz Grand Prix W196 : Spectacular Silver Arrows, 1954-1955 (Ludvigsen Library)",Mercedes-Benz Grand Prix W196 : Spectacular Silver...,unknown,12,10.45,209.0,1,-11,False,20,0.0
AA6DEARXS5K9C,Avengers: The Origin,Avengers: The Origin,unknown,13,10.45,209.0,9,-4,False,20,0.0
AA6DEARXS5K9C,"The Best of The Mailbox Back-to-School, Grades 4-6","The Best of The Mailbox Back-to-School, Grades 4-6",unknown,14,9.75,195.0,11,-3,False,20,0.0
AA6DEARXS5K9C,National Geographic Italy Wall Map - Executive (23.25 x 34.25 in) (National Geographic Reference Map),National Geographic Italy Wall Map - Executive (23...,unknown,15,9.7,194.0,15,0,False,20,0.0
AA6DEARXS5K9C,Dork Diaries 1: Tales from a Not-So-Fabulous Life (1),Dork Diaries 1: Tales from a Not-So-Fabulous Life ...,unknown,16,9.35,187.0,0,-16,False,20,0.0
AA6DEARXS5K9C,The Womanizers,The Womanizers,unknown,17,7.55,151.0,17,0,False,20,0.0
AA6DEARXS5K9C,The House of Twilight,The House of Twilight,unknown,18,7.4,148.0,4,-14,False,20,0.0
AA6DEARXS5K9C,"Fifty Shades Of Grey: Book One of the Fifty Shades Trilogy (Fifty Shades of Grey Series, 1)",Fifty Shades Of Grey: Book One of the Fifty Shades...,unknown,19,6.9,138.0,2,-17,True,20,0.0
AA6DEARXS5K9C,"Rand Mcnally 2008 San Antonio, Texas Street Guide (Rand McNally San Antonio, Texas Street Guide)","Rand Mcnally 2008 San Antonio, Texas Street Guide ...",unknown,20,6.2,124.0,5,-15,False,20,0.0
A14GI8ANLDM2E0,Sew Fabulous Fabric: 20 Charming Ways to Sew Fabrics into Your Life,Sew Fabulous Fabric: 20 Charming Ways to Sew Fabri...,unknown,1,16.7,334.0,12,11,False,20,0.0
A14GI8ANLDM2E0,Quick and Easy Dresses to Sew,Quick and Easy Dresses to Sew,unknown,2,15.4,308.0,11,9,False,20,0.0
A14GI8ANLDM2E0,Effective Grading: A Tool for Learning and Assessment (Jossey Bass Higher & Adult Education Series),Effective Grading: A Tool for Learning and Assessm...,unknown,3,14.95,299.0,1,-2,False,20,0.0
A14GI8ANLDM2E0,Moving Windows: Evaluating the Poetry Children Write,Moving Windows: Evaluating the Poetry Children Wri...,unknown,4,12.15,243.0,9,5,False,20,0.0
A14GI8ANLDM2E0,Treatise on the Spleen and Stomach: A Translation of the Pi Wei Lun,Treatise on the Spleen and Stomach: A Translation ...,unknown,5,11.65,233.0,14,9,True,20,0.0
A14GI8ANLDM2E0,"Art across Time, 2nd Edition","Art across Time, 2nd Edition",unknown,6,11.3,226.0,17,11,False,20,0.0
A14GI8ANLDM2E0,In Light of Eternity: Perspectives on Heaven,In Light of Eternity: Perspectives on Heaven,unknown,7,11.3,226.0,15,8,False,20,0.0
A14GI8ANLDM2E0,The Film Director's Team,The Film Director's Team,unknown,8,11.15,223.0,0,-8,False,20,0.0
A14GI8ANLDM2E0,"The Fourth World (Legend of the Locust, Book 1)","The Fourth World (Legend of the Locust, Book 1)",unknown,9,10.4,208.0,19,10,False,20,0.0
A14GI8ANLDM2E0,The art of dreadlocks,The art of dreadlocks,unknown,10,10.25,205.0,18,8,False,20,0.0
A14GI8ANLDM2E0,Tales of Muddy Mundo Land - Making a Stew (Tale of Muddy Mundo Land),Tales of Muddy Mundo Land - Making a Stew (Tale of...,unknown,11,9.95,199.0,16,5,False,20,0.0
A14GI8ANLDM2E0,"What is Life? Guide to Biology, PrepU NonMajors Access Card (6 Month) & BioPortal Access Card","What is Life? Guide to Biology, PrepU NonMajors Ac...",unknown,12,9.8,196.0,5,-7,False,20,0.0
A14GI8ANLDM2E0,Students Solutions Manual to Accompany Elementary Statistics A Brief Version,Students Solutions Manual to Accompany Elementary ...,unknown,13,9.35,187.0,2,-11,False,20,0.0
A14GI8ANLDM2E0,Milton (MA) (Then & Now),Milton (MA) (Then & Now),unknown,14,9.1,182.0,13,-1,False,20,0.0
A14GI8ANLDM2E0,"Apostle of the Poor: The Life and Work of Missionary and Humanitarian Charles D. Neff by Bolton, Matthew (2006) Paperback",Apostle of the Poor: The Life and Work of Missiona...,unknown,15,8.8,176.0,10,-5,False,20,0.0
A14GI8ANLDM2E0,Coming of Age: Andy Roddick's Breakthrough Year,Coming of Age: Andy Roddick's Breakthrough Year,unknown,16,8.5,170.0,3,-13,False,20,0.0
A14GI8ANLDM2E0,Lithuania,Lithuania,unknown,17,8.1,162.0,4,-13,False,20,0.0
A14GI8ANLDM2E0,The Rational Guide To Planning with Microsoft Office PerformancePoint Server 2007 (Rational Guides),The Rational Guide To Planning with Microsoft Offi...,unknown,18,7.95,159.0,6,-12,False,20,0.0
A14GI8ANLDM2E0,LEGO Ninjago Jay,LEGO Ninjago Jay,unknown,19,7.2,144.0,8,-11,False,20,0.0
A14GI8ANLDM2E0,"21st Century U.S. Navy F-14 Tomcat Supersonic Fighter Aircraft, Over Thirty Years of Service (CD-ROM)",21st Century U.S. Navy F-14 Tomcat Supersonic Figh...,unknown,20,6.0,120.0,7,-13,False,20,0.0
A35TQWZJMSUBWL,"The Path of Daggers (The Wheel of Time, Book 8) (Wheel of Time, 8)","The Path of Daggers (The Wheel of Time, Book 8) (W...",unknown,1,15.35,307.0,15,14,False,20,0.5
A35TQWZJMSUBWL,Warriors: Life and death among the Somalis,Warriors: Life and death among the Somalis,unknown,2,15.05,301.0,2,0,False,20,0.5
A35TQWZJMSUBWL,National Audubon Society Pocket Guide: Familiar Butterflies of North America (National Audubon Society Pocket Guides),National Audubon Society Pocket Guide: Familiar Bu...,unknown,3,14.6,292.0,4,1,False,20,0.5
A35TQWZJMSUBWL,Legion (7) (The Horus Heresy),Legion (7) (The Horus Heresy),unknown,4,14.5,290.0,6,2,True,20,0.5
A35TQWZJMSUBWL,How Do Dinosaurs Go Up and Down?: A Book of Opposites,How Do Dinosaurs Go Up and Down?: A Book of Opposi...,unknown,5,13.7,274.0,0,-5,False,20,0.5
A35TQWZJMSUBWL,Better Homes and Gardens Homemade Bread Cook Book,Better Homes and Gardens Homemade Bread Cook Book,unknown,6,12.25,245.0,12,6,False,20,0.5
A35TQWZJMSUBWL,America Scratch and Sketch: An Art Activity Book for Adventurous Artists and Explorers of All Ages (Scratch & Sketch),America Scratch and Sketch: An Art Activity Book f...,unknown,7,12.05,241.0,17,10,False,20,0.5
A35TQWZJMSUBWL,"Focus on Grammar Workbook, 5: An Integrated Skills Approach, 3rd Edition","Focus on Grammar Workbook, 5: An Integrated Skills...",unknown,8,11.3,226.0,14,6,False,20,0.5
A35TQWZJMSUBWL,Stick N Move,Stick N Move,unknown,9,11.1,222.0,7,-2,False,20,0.5
A35TQWZJMSUBWL,A Birthday Present for Daniel: A Child's Story of Loss (Young Readers),A Birthday Present for Daniel: A Child's Story of ...,unknown,10,10.25,205.0,1,-9,False,20,0.5
A35TQWZJMSUBWL,Small Gas Engine Repair,Small Gas Engine Repair,unknown,11,10.15,203.0,11,0,False,20,0.5
A35TQWZJMSUBWL,How to Do Your Own Divorce in California in 2013: An Essential Guide for Every Kind of Divorce,How to Do Your Own Divorce in California in 2013: ...,unknown,12,9.0,180.0,9,-3,False,20,0.5
A35TQWZJMSUBWL,Worlds Apart: A Textbook in Planetary Sciences,Worlds Apart: A Textbook in Planetary Sciences,unknown,13,8.8,176.0,10,-3,False,20,0.5
A35TQWZJMSUBWL,Patrick and Ted,Patrick and Ted,unknown,14,8.6,172.0,5,-9,False,20,0.5
A35TQWZJMSUBWL,L.A. Candy,L.A. Candy,unknown,15,8.15,163.0,19,4,False,20,0.5
A35TQWZJMSUBWL,Cultural thematics: The formation of the Faustian ethos,Cultural thematics: The formation of the Faustian ...,unknown,16,7.7,154.0,18,2,False,20,0.5
A35TQWZJMSUBWL,Inspiring Interiors from Armstrong 1950s,Inspiring Interiors from Armstrong 1950s,unknown,17,7.65,153.0,13,-4,False,20,0.5
A35TQWZJMSUBWL,Kids Spark NRSV Bible,Kids Spark NRSV Bible,unknown,18,7.35,147.0,8,-10,False,20,0.5
A35TQWZJMSUBWL,2011 The New Yorker Dogs Deluxe Engagement Calendar,2011 The New Yorker Dogs Deluxe Engagement Calenda...,unknown,19,6.5,130.0,16,-3,False,20,0.5
A35TQWZJMSUBWL,Practice Test for the CogAT?Form 7 Level 10 (Grade 3*) Practice Test 1 by Mercer Publishing (2011) Paperback,Practice Test for the CogAT?Form 7 Level 10 (Grade...,unknown,20,5.95,119.0,3,-17,False,20,0.5
A397JFRJ36IJEU,Surviving the Narcissist (The Path Forward Book 2),Surviving the Narcissist (The Path Forward Book 2),unknown,1,15.3,306.0,5,4,True,20,1.0
A397JFRJ36IJEU,Prayer: Does It Make Any Difference?,Prayer: Does It Make Any Difference?,unknown,2,13.95,279.0,10,8,False,20,1.0
A397JFRJ36IJEU,"The American Journey: A History of the United States, Teaching and Learning Classroom Combined Volume, 3rd Edition",The American Journey: A History of the United Stat...,unknown,3,11.95,239.0,4,1,False,20,1.0
A397JFRJ36IJEU,iPad: The Missing Manual,iPad: The Missing Manual,unknown,4,11.5,230.0,7,3,False,20,1.0
A397JFRJ36IJEU,Saved (The United Series Book 3),Saved (The United Series Book 3),unknown,5,11.35,227.0,8,3,False,20,1.0
A397JFRJ36IJEU,Animal Lives: Tortoises and Turtles (Qeb Animal Lives),Animal Lives: Tortoises and Turtles (Qeb Animal Li...,unknown,6,11.35,227.0,2,-4,False,20,1.0
A397JFRJ36IJEU,Concert and Contest Collection for Bb Clarinet: Piano Accompaniment (Rubank Educational Library),Concert and Contest Collection for Bb Clarinet: Pi...,unknown,7,11.3,226.0,17,10,False,20,1.0
A397JFRJ36IJEU,Alchemy Unveiled,Alchemy Unveiled,unknown,8,11.3,226.0,3,-5,False,20,1.0
A397JFRJ36IJEU,"Foundations of Algorithms Using C++ Pseudocode, Second Edition","Foundations of Algorithms Using C++ Pseudocode, Se...",unknown,9,11.15,223.0,14,5,False,20,1.0
A397JFRJ36IJEU,Parallel Lies (Silhouette Bombshell),Parallel Lies (Silhouette Bombshell),unknown,10,10.9,218.0,13,3,False,20,1.0
A397JFRJ36IJEU,"Early Literacy in Preschool and Kindergarten: A Multicultural Perspective, Pearson eText with Loose-Leaf Version -- Access Card Package",Early Literacy in Preschool and Kindergarten: A Mu...,unknown,11,10.3,206.0,9,-2,False,20,1.0
A397JFRJ36IJEU,Managing the Human Factor: The Early Years of Human Resource Management in American Industry,Managing the Human Factor: The Early Years of Huma...,unknown,12,9.8,196.0,16,4,False,20,1.0
A397JFRJ36IJEU,"Greek and Roman Mythology, Volume 3 (Greek and Roman Mythology (Graphic Novels))","Greek and Roman Mythology, Volume 3 (Greek and Rom...",unknown,13,9.75,195.0,11,-2,False,20,1.0
A397JFRJ36IJEU,The Chihuahua (The Terra Nova Series),The Chihuahua (The Terra Nova Series),unknown,14,9.7,194.0,1,-13,False,20,1.0
A397JFRJ36IJEU,Little Egyptian Mazes (Dover Little Activity Books),Little Egyptian Mazes (Dover Little Activity Books...,unknown,15,9.15,183.0,6,-9,False,20,1.0
A397JFRJ36IJEU,Willy Pogány Rediscovered,Willy Pogány Rediscovered,unknown,16,9.15,183.0,18,2,False,20,1.0
A397JFRJ36IJEU,Across the Puddingstone Dam (Little House),Across the Puddingstone Dam (Little House),unknown,17,9.0,180.0,15,-2,False,20,1.0
A397JFRJ36IJEU,"Children's Book ""Action on the Roof"" Early learning,Preschool kids(Values book)Sleep &Goodnight(Funny)Bedtime story beginner reader fiction book(Adventure ... books (The Adventures of Naughty Nico 4)","Children's Book ""Action on the Roof"" Early learnin...",unknown,18,8.35,167.0,0,-18,False,20,1.0
A397JFRJ36IJEU,"War Planes of the First World War: Fighters, Vol. 5: France","War Planes of the First World War: Fighters, Vol. ...",unknown,19,7.4,148.0,12,-7,False,20,1.0
A397JFRJ36IJEU,Project X - Datsun Fairlady Z (Project X 240Z Challengers),Project X - Datsun Fairlady Z (Project X 240Z Chal...,unknown,20,7.35,147.0,19,-1,False,20,1.0
A3PTWPKPXOG8Y5,My Very Favorite Art Book: I Love to Draw Cartoons!,My Very Favorite Art Book: I Love to Draw Cartoons...,unknown,1,14.65,293.0,14,13,False,20,0.0
A3PTWPKPXOG8Y5,Easy Stained Glass Panel Lampshades: 20 Original Designs (Dover Stained Glass Instruction),Easy Stained Glass Panel Lampshades: 20 Original D...,unknown,2,14.2,284.0,4,2,False,20,0.0
A3PTWPKPXOG8Y5,Foul Deeds and Suspicious Deaths Around Worcester,Foul Deeds and Suspicious Deaths Around Worcester,unknown,3,13.15,263.0,11,8,False,20,0.0
A3PTWPKPXOG8Y5,Moon on a Rainbow Shawl,Moon on a Rainbow Shawl,unknown,4,13.05,261.0,16,12,False,20,0.0
A3PTWPKPXOG8Y5,Tile Idea Book: Kitchens*Bathrooms*Family Spaces*Entries & Mudr (Taunton Home Idea Books),Tile Idea Book: Kitchens*Bathrooms*Family Spaces*E...,unknown,5,13.05,261.0,10,5,False,20,0.0
A3PTWPKPXOG8Y5,On Fragile Wings: Stories of Hope from the Inner City,On Fragile Wings: Stories of Hope from the Inner C...,unknown,6,12.4,248.0,13,7,False,20,0.0
A3PTWPKPXOG8Y5,The Communist Hypothesis,The Communist Hypothesis,unknown,7,12.2,244.0,9,2,False,20,0.0
A3PTWPKPXOG8Y5,Christian's Story,Christian's Story,unknown,8,11.7,234.0,3,-5,False,20,0.0
A3PTWPKPXOG8Y5,98 Reasons for Being,98 Reasons for Being,unknown,9,11.5,230.0,5,-4,False,20,0.0
A3PTWPKPXOG8Y5,"The Voice: How we can participate, how we should respond?","The Voice: How we can participate, how we should r...",unknown,10,11.1,222.0,19,9,False,20,0.0
A3PTWPKPXOG8Y5,Cloudwalker,Cloudwalker,unknown,11,10.0,200.0,12,1,False,20,0.0
A3PTWPKPXOG8Y5,The War of the Cottontails: Memoirs of a WW II Bomber Pilot,The War of the Cottontails: Memoirs of a WW II Bom...,unknown,12,9.65,193.0,15,3,False,20,0.0
A3PTWPKPXOG8Y5,Sultanistic Regimes,Sultanistic Regimes,unknown,13,9.5,190.0,0,-13,False,20,0.0
A3PTWPKPXOG8Y5,Zap Comix Issue 5 (Issue 5),Zap Comix Issue 5 (Issue 5),unknown,14,8.8,176.0,1,-13,False,20,0.0
A3PTWPKPXOG8Y5,Pentti & Deathgirl,Pentti & Deathgirl,unknown,15,8.8,176.0,7,-8,False,20,0.0
A3PTWPKPXOG8Y5,Die Dolche und Stabdolche in Polen (Prähistorische Bronzefunde) (German Edition),Die Dolche und Stabdolche in Polen (Prähistorisch...,unknown,16,8.55,171.0,2,-14,False,20,0.0
A3PTWPKPXOG8Y5,Science. Level 5 B (Houghton Mifflin),Science. Level 5 B (Houghton Mifflin),unknown,17,7.3,146.0,6,-11,False,20,0.0
A3PTWPKPXOG8Y5,Rendida a un canalla (Spanish Edition),Rendida a un canalla (Spanish Edition),unknown,18,7.15,143.0,17,-1,False,20,0.0
A3PTWPKPXOG8Y5,Large Print 2013 Wall Calendar,Large Print 2013 Wall Calendar,unknown,19,6.8,136.0,8,-11,False,20,0.0
A3PTWPKPXOG8Y5,"ERECTILE DYSFUNCTION: How To Get Rock-Solid Erections - Libido, Erection, Sexual Health & Sexuality (Prostate, ED, Testosterone, Kegel, Performance Anxiety, Premature Ejaculation, Orgasm)",ERECTILE DYSFUNCTION: How To Get Rock-Solid Erecti...,unknown,20,6.45,129.0,18,-2,True,20,0.0
A3I8HJTQKP8Q80,Greater: Dream Bigger. Start Smaller. Ignite God's Vision for Your Life.,Greater: Dream Bigger. Start Smaller. Ignite God's...,unknown,1,16.0,320.0,19,18,True,20,1.0
A3I8HJTQKP8Q80,Zen and the Art of Poker: Timeless Secrets to Transform Your Game,Zen and the Art of Poker: Timeless Secrets to Tran...,unknown,2,15.3,306.0,3,1,False,20,1.0
A3I8HJTQKP8Q80,An Ambulance With Wings: Learning to Trust God through the Journey of Isaac: A Special Needs Child,An Ambulance With Wings: Learning to Trust God thr...,unknown,3,13.55,271.0,1,-2,False,20,1.0
A3I8HJTQKP8Q80,Behind the Eyes,Behind the Eyes,unknown,4,13.35,267.0,10,6,False,20,1.0
A3I8HJTQKP8Q80,Unnatural: A Collection of Supernatural Stories,Unnatural: A Collection of Supernatural Stories,unknown,5,12.8,256.0,12,7,False,20,1.0
A3I8HJTQKP8Q80,Product Innovation: Idea to Exploitation,Product Innovation: Idea to Exploitation,unknown,6,12.6,252.0,16,10,False,20,1.0
A3I8HJTQKP8Q80,I'm Dying Up Here: Heartbreak and High Times in Stand-up Comedy's Golden Era,I'm Dying Up Here: Heartbreak and High Times in St...,unknown,7,12.4,248.0,8,1,False,20,1.0
A3I8HJTQKP8Q80,"Peace, Love & Petrol Bombs","Peace, Love & Petrol Bombs",unknown,8,12.1,242.0,6,-2,False,20,1.0
A3I8HJTQKP8Q80,Death of a Commuter: A Carolus Deene Mystery (Carolus Deene Series),Death of a Commuter: A Carolus Deene Mystery (Caro...,unknown,9,10.75,215.0,4,-5,False,20,1.0
A3I8HJTQKP8Q80,"Colored Pencil Techniques: Blending Color, Workbook 2 (North Light Graphic Workbooks)","Colored Pencil Techniques: Blending Color, Workboo...",unknown,10,10.55,211.0,7,-3,False,20,1.0
A3I8HJTQKP8Q80,Dust to dust,Dust to dust,unknown,11,10.25,205.0,5,-6,False,20,1.0
A3I8HJTQKP8Q80,The Deuteronomy Project: A Journey into the Mind of God,The Deuteronomy Project: A Journey into the Mind o...,unknown,12,9.85,197.0,13,1,False,20,1.0
A3I8HJTQKP8Q80,Red Rock Canyon Visitor Guide,Red Rock Canyon Visitor Guide,unknown,13,9.4,188.0,9,-4,False,20,1.0
A3I8HJTQKP8Q80,The Byzantine Rite: A Short History (American Essays in Liturgy),The Byzantine Rite: A Short History (American Essa...,unknown,14,9.25,185.0,15,1,False,20,1.0
A3I8HJTQKP8Q80,The Inner Game of Chess: How to Calculate and Win,The Inner Game of Chess: How to Calculate and Win,unknown,15,8.95,179.0,14,-1,False,20,1.0
A3I8HJTQKP8Q80,Shakespeare and Theatrical Patronage in Early Modern England,Shakespeare and Theatrical Patronage in Early Mode...,unknown,16,8.85,177.0,11,-5,False,20,1.0
A3I8HJTQKP8Q80,Egyptian Gods and Goddesses Art Tattoos (Dover Tattoos),Egyptian Gods and Goddesses Art Tattoos (Dover Tat...,unknown,17,7.85,157.0,17,0,False,20,1.0
A3I8HJTQKP8Q80,"The Admirable Life of Mother Mariana, Vol. 1 by Fr. Mauel Sousa Pereira (2005-01-03)","The Admirable Life of Mother Mariana, Vol. 1 by Fr...",unknown,18,6.2,124.0,2,-16,False,20,1.0
A3I8HJTQKP8Q80,This is not available 006765,This is not available 006765,unknown,19,5.1,102.0,18,-1,False,20,1.0
A3I8HJTQKP8Q80,"Playboy Magazine, October 1979","Playboy Magazine, October 1979",unknown,20,4.9,98.0,0,-20,False,20,1.0
A21FZRMLW3XYBD,Raise Your Voice: A Cause Manifesto,Raise Your Voice: A Cause Manifesto,unknown,1,17.3,346.0,12,11,True,20,1.0
A21FZRMLW3XYBD,A Brownstone in Brooklyn,A Brownstone in Brooklyn,unknown,2,14.3,286.0,16,14,False,20,1.0
A21FZRMLW3XYBD,"Mangos, Bananas, and Coconuts: A Cuban Love Story","Mangos, Bananas, and Coconuts: A Cuban Love Story",unknown,3,14.05,281.0,8,5,False,20,1.0
A21FZRMLW3XYBD,Saga of Lewis and Clark: Into the Uncharted West,Saga of Lewis and Clark: Into the Uncharted West,unknown,4,13.8,276.0,18,14,False,20,1.0
A21FZRMLW3XYBD,"Vieques, A Photographically Illustrated Guide to the Island, Its History and Culture","Vieques, A Photographically Illustrated Guide to t...",unknown,5,13.1,262.0,17,12,False,20,1.0
A21FZRMLW3XYBD,Private Lives: Behind the headlines lies a world of secrets,Private Lives: Behind the headlines lies a world o...,unknown,6,12.95,259.0,15,9,False,20,1.0
A21FZRMLW3XYBD,All in Good Time: Real Life Organizing Strategies for Christian Work at Home Moms,All in Good Time: Real Life Organizing Strategies ...,unknown,7,11.8,236.0,3,-4,False,20,1.0
A21FZRMLW3XYBD,The Metabolic Storm: The Science of Your Metabolism and Why It's Making You Fat: P.S. It's Not Your Fault,The Metabolic Storm: The Science of Your Metabolis...,unknown,8,11.45,229.0,6,-2,False,20,1.0
A21FZRMLW3XYBD,The Bay Men: A Clammer's Story,The Bay Men: A Clammer's Story,unknown,9,11.2,224.0,10,1,False,20,1.0
A21FZRMLW3XYBD,The Film Biz Bible,The Film Biz Bible,unknown,10,10.5,210.0,13,3,False,20,1.0
A21FZRMLW3XYBD,Title: BEYOND THE GREAT OAK DOORS,Title: BEYOND THE GREAT OAK DOORS,unknown,11,9.7,194.0,2,-9,False,20,1.0
A21FZRMLW3XYBD,Multiresonator-Based Chipless RFID: Barcode of the Future,Multiresonator-Based Chipless RFID: Barcode of the...,unknown,12,9.2,184.0,9,-3,False,20,1.0
A21FZRMLW3XYBD,Twenty Poems (English and Russian Edition),Twenty Poems (English and Russian Edition),unknown,13,9.15,183.0,1,-12,False,20,1.0
A21FZRMLW3XYBD,Introductions to Nietzsche,Introductions to Nietzsche,unknown,14,9.1,182.0,5,-9,False,20,1.0
A21FZRMLW3XYBD,Don't Panic! Massage Therapy Exam Crossword Puzzle Review: A Fun Way To Review For The MBLEx & NCBTMB Exams,Don't Panic! Massage Therapy Exam Crossword Puzzle...,unknown,15,9.0,180.0,7,-8,False,20,1.0
A21FZRMLW3XYBD,Firefighters!: Meet The People In Your Neighborhood! (Elmo's World),Firefighters!: Meet The People In Your Neighborhoo...,unknown,16,7.85,157.0,14,-2,False,20,1.0
A21FZRMLW3XYBD,German Combat Knives: 1914-1945 (Militaria Guides),German Combat Knives: 1914-1945 (Militaria Guides),unknown,17,6.85,137.0,11,-6,False,20,1.0
A21FZRMLW3XYBD,"The American Heritage High School Dictionary, Fourth Edition","The American Heritage High School Dictionary, Four...",unknown,18,6.4,128.0,0,-18,False,20,1.0
A21FZRMLW3XYBD,Symphony No. 5 in D Major,Symphony No. 5 in D Major,unknown,19,6.25,125.0,4,-15,False,20,1.0
A21FZRMLW3XYBD,Cisco Callmanager Fundamentals: A Cisco Avvid Solution,Cisco Callmanager Fundamentals: A Cisco Avvid Solu...,unknown,20,6.05,121.0,19,-1,False,20,1.0
A3I4MYI7W7AE8J,Flora and Ulysses: The Illuminated Adventures,Flora and Ulysses: The Illuminated Adventures,unknown,1,17.1,342.0,0,-1,False,20,0.43067655807339306
A3I4MYI7W7AE8J,Have Fork Will Travel: A Practical Handbook for Food & Drink Tourism Professionals,Have Fork Will Travel: A Practical Handbook for Fo...,unknown,2,15.0,300.0,6,4,False,20,0.43067655807339306
A3I4MYI7W7AE8J,"Reflections of a Beachcomber: How to Cope with Disability, Divorce, and Job Loss",Reflections of a Beachcomber: How to Cope with Dis...,unknown,3,13.15,263.0,11,8,False,20,0.43067655807339306
A3I4MYI7W7AE8J,Joy of Pickling: 250 Flavor-Packed Recipes for Vegetables for All Kinds of Produce from Garden or Market,Joy of Pickling: 250 Flavor-Packed Recipes for Veg...,unknown,4,12.6,252.0,13,9,True,20,0.43067655807339306
A3I4MYI7W7AE8J,To Forgive Design: Understanding Failure,To Forgive Design: Understanding Failure,unknown,5,12.0,240.0,9,4,False,20,0.43067655807339306
A3I4MYI7W7AE8J,Inside Weather (Inside Series),Inside Weather (Inside Series),unknown,6,11.6,232.0,5,-1,False,20,0.43067655807339306
A3I4MYI7W7AE8J,The Last Pharaoh: Mubarak and the Uncertain Future of Egypt in the Obama Age,The Last Pharaoh: Mubarak and the Uncertain Future...,unknown,7,11.25,225.0,8,1,False,20,0.43067655807339306
A3I4MYI7W7AE8J,"Introduction to Chemistry for Biology Students, An","Introduction to Chemistry for Biology Students, An",unknown,8,11.2,224.0,10,2,False,20,0.43067655807339306
A3I4MYI7W7AE8J,"Manheimer's Cataloging and Classification, Revised and Expanded (Books in Library and Information Science Series)","Manheimer's Cataloging and Classification, Revised...",unknown,9,10.2,204.0,19,10,False,20,0.43067655807339306
A3I4MYI7W7AE8J,"250 Essential Kanji for Everyday Use, Volume 2","250 Essential Kanji for Everyday Use, Volume 2",unknown,10,10.2,204.0,2,-8,False,20,0.43067655807339306
A3I4MYI7W7AE8J,One L,One L,unknown,11,10.15,203.0,3,-8,False,20,0.43067655807339306
A3I4MYI7W7AE8J,How to Build a Habitable Planet,How to Build a Habitable Planet,unknown,12,9.85,197.0,7,-5,False,20,0.43067655807339306
A3I4MYI7W7AE8J,Probability With Statistical Applications,Probability With Statistical Applications,unknown,13,9.75,195.0,17,4,False,20,0.43067655807339306
A3I4MYI7W7AE8J,No More Tears: Because HE Loves Me,No More Tears: Because HE Loves Me,unknown,14,9.45,189.0,16,2,False,20,0.43067655807339306
A3I4MYI7W7AE8J,Summer Solstice,Summer Solstice,unknown,15,9.2,184.0,14,-1,False,20,0.43067655807339306
A3I4MYI7W7AE8J,Dear Tree,Dear Tree,unknown,16,9.05,181.0,18,2,False,20,0.43067655807339306
A3I4MYI7W7AE8J,"The Boys, Vol. 2: Get Some","The Boys, Vol. 2: Get Some",unknown,17,7.9,158.0,15,-2,False,20,0.43067655807339306
A3I4MYI7W7AE8J,Exploring Microsoft Office Word 2007,Exploring Microsoft Office Word 2007,unknown,18,7.0,140.0,12,-6,False,20,0.43067655807339306
A3I4MYI7W7AE8J,Where Are My Hugs,Where Are My Hugs,unknown,19,6.75,135.0,4,-15,False,20,0.43067655807339306
A3I4MYI7W7AE8J,NJATC Fire Alarm Systems Workbook : Student Workbook,NJATC Fire Alarm Systems Workbook : Student Workbo...,unknown,20,6.6,132.0,1,-19,False,20,0.43067655807339306
A1E58322RE2FO,Making Ripples,Making Ripples,unknown,1,15.65,313.0,1,0,False,20,0.43067655807339306
A1E58322RE2FO,The Fight for Freedom: A Memoir of My Years in the Civil Rights Movement,The Fight for Freedom: A Memoir of My Years in the...,unknown,2,14.0,280.0,17,15,False,20,0.43067655807339306
A1E58322RE2FO,21 Prayers of Gratitude: Overcoming Negativity Through the Power of Prayer and God's Word (A Life of Gratitude),21 Prayers of Gratitude: Overcoming Negativity Thr...,unknown,3,13.5,270.0,0,-3,False,20,0.43067655807339306
A1E58322RE2FO,Steve Jobs,Steve Jobs,unknown,4,12.65,253.0,8,4,True,20,0.43067655807339306
A1E58322RE2FO,Yankee Miracles: Life with the Boss and the Bronx Bombers,Yankee Miracles: Life with the Boss and the Bronx ...,unknown,5,12.4,248.0,9,4,False,20,0.43067655807339306
A1E58322RE2FO,A Bug's-Eye View of Flowers: The Micro Photography of Dr. Gary Greenberg,A Bug's-Eye View of Flowers: The Micro Photography...,unknown,6,11.15,223.0,3,-3,False,20,0.43067655807339306
A1E58322RE2FO,Alter Ego: The Best Of The Legendary Comics Fanzine,Alter Ego: The Best Of The Legendary Comics Fanzin...,unknown,7,11.05,221.0,10,3,False,20,0.43067655807339306
A1E58322RE2FO,Homes in a Box: Modern Homes from Sears (Schiffer Design Book),Homes in a Box: Modern Homes from Sears (Schiffer ...,unknown,8,11.05,221.0,13,5,False,20,0.43067655807339306
A1E58322RE2FO,The Secret of Big Pine Key,The Secret of Big Pine Key,unknown,9,11.05,221.0,6,-3,False,20,0.43067655807339306
A1E58322RE2FO,Encyclopedia of British History (Bind-up),Encyclopedia of British History (Bind-up),unknown,10,10.0,200.0,14,4,False,20,0.43067655807339306
A1E58322RE2FO,Consumer-Centric Category Management : How to Increase Profits by Managing Categories based on Consumer Needs,Consumer-Centric Category Management : How to Incr...,unknown,11,9.7,194.0,2,-9,False,20,0.43067655807339306
A1E58322RE2FO,"Dear Aunt Peggy,: Emails from Petey Pup","Dear Aunt Peggy,: Emails from Petey Pup",unknown,12,9.65,193.0,11,-1,False,20,0.43067655807339306
A1E58322RE2FO,"Irish Tales of the Fairies and the Ghost World (Celtic, Irish)",Irish Tales of the Fairies and the Ghost World (Ce...,unknown,13,9.4,188.0,4,-9,False,20,0.43067655807339306
A1E58322RE2FO,The Canoe and the Saddle: A Critical Edition,The Canoe and the Saddle: A Critical Edition,unknown,14,9.3,186.0,5,-9,False,20,0.43067655807339306
A1E58322RE2FO,Intimate Treason: Healing the Trauma for Partners Confronting Sex Addiction,Intimate Treason: Healing the Trauma for Partners ...,unknown,15,9.2,184.0,19,4,False,20,0.43067655807339306
A1E58322RE2FO,Who Swallowed Harold?: And Other Poems About Pets,Who Swallowed Harold?: And Other Poems About Pets,unknown,16,8.85,177.0,16,0,False,20,0.43067655807339306
A1E58322RE2FO,THE CHILI COOKBOOK,THE CHILI COOKBOOK,unknown,17,8.3,166.0,12,-5,False,20,0.43067655807339306
A1E58322RE2FO,Reading Across the Disciplines: College Reading and Beyond,Reading Across the Disciplines: College Reading an...,unknown,18,7.95,159.0,18,0,False,20,0.43067655807339306
A1E58322RE2FO,"A Spirit of Dissension: Economics, Politics, and the Revolution in Maryland (Maryland Bicentennial Studies)","A Spirit of Dissension: Economics, Politics, and t...",unknown,19,7.75,155.0,7,-12,False,20,0.43067655807339306
A1E58322RE2FO,Lilacs,Lilacs,unknown,20,7.4,148.0,15,-5,False,20,0.43067655807339306
A2KIBG7DYMHER7,The Shamrock and the Feather: A Novel,The Shamrock and the Feather: A Novel,unknown,1,15.45,309.0,8,7,False,20,0.43067655807339306
A2KIBG7DYMHER7,At Any Price (Gaming The System),At Any Price (Gaming The System),unknown,2,15.2,304.0,13,11,False,20,0.43067655807339306
A2KIBG7DYMHER7,"Zephyr: The West Wind (Chaos Chronicles, Book 1)","Zephyr: The West Wind (Chaos Chronicles, Book 1)",unknown,3,14.7,294.0,9,6,False,20,0.43067655807339306
A2KIBG7DYMHER7,You Belong to My Heart,You Belong to My Heart,unknown,4,11.8,236.0,7,3,True,20,0.43067655807339306
A2KIBG7DYMHER7,Path of Fire,Path of Fire,unknown,5,11.5,230.0,17,12,False,20,0.43067655807339306
A2KIBG7DYMHER7,A Handbook of Double Stars: For the Use of Amateurs (Cambridge Library Collection - Astronomy),A Handbook of Double Stars: For the Use of Amateur...,unknown,6,11.4,228.0,19,13,False,20,0.43067655807339306
A2KIBG7DYMHER7,AN ORGANIZED HOME IN 30 MINUTES,AN ORGANIZED HOME IN 30 MINUTES,unknown,7,11.15,223.0,0,-7,False,20,0.43067655807339306
A2KIBG7DYMHER7,The Scarab Club (MI) (Images of America),The Scarab Club (MI) (Images of America),unknown,8,10.85,217.0,1,-7,False,20,0.43067655807339306
A2KIBG7DYMHER7,Gospel Magic: How to Use Magic Tricks as Visual Aids (Evangelism),Gospel Magic: How to Use Magic Tricks as Visual Ai...,unknown,9,10.5,210.0,15,6,False,20,0.43067655807339306
A2KIBG7DYMHER7,"Bunny Drop, Vol. 7 (Bunny Drop, 7)","Bunny Drop, Vol. 7 (Bunny Drop, 7)",unknown,10,9.9,198.0,16,6,False,20,0.43067655807339306
A2KIBG7DYMHER7,StarCraft: Ghost--Spectres,StarCraft: Ghost--Spectres,unknown,11,9.75,195.0,10,-1,False,20,0.43067655807339306
A2KIBG7DYMHER7,Dr. Nightingale Seeks Greener Pastures,Dr. Nightingale Seeks Greener Pastures,unknown,12,9.7,194.0,5,-7,False,20,0.43067655807339306
A2KIBG7DYMHER7,Ami Underground: Drawings from the NYC Subway: 2007-2011,Ami Underground: Drawings from the NYC Subway: 200...,unknown,13,9.3,186.0,18,5,False,20,0.43067655807339306
A2KIBG7DYMHER7,Better Homes and Gardens New Cookbook 1970 Edition,Better Homes and Gardens New Cookbook 1970 Edition,unknown,14,9.2,184.0,2,-12,False,20,0.43067655807339306
A2KIBG7DYMHER7,Piggy's Belly Button,Piggy's Belly Button,unknown,15,8.85,177.0,6,-9,False,20,0.43067655807339306
A2KIBG7DYMHER7,"dogs are friends to owls, and cats aren't","dogs are friends to owls, and cats aren't",unknown,16,8.65,173.0,3,-13,False,20,0.43067655807339306
A2KIBG7DYMHER7,A second address to the people called Quakers: Containing some further quotations and expostulations,A second address to the people called Quakers: Con...,unknown,17,8.3,166.0,12,-5,False,20,0.43067655807339306
A2KIBG7DYMHER7,Lizzie McGuire: The Orchids and Gumbo Poker Club,Lizzie McGuire: The Orchids and Gumbo Poker Club,unknown,18,8.2,164.0,4,-14,False,20,0.43067655807339306
A2KIBG7DYMHER7,Electromagnetic Theory,Electromagnetic Theory,unknown,19,7.95,159.0,14,-5,False,20,0.43067655807339306
A2KIBG7DYMHER7,Effective Business Communications,Effective Business Communications,unknown,20,7.65,153.0,11,-9,False,20,0.43067655807339306
A3LPPAH8ZXCSX6,"Off the Page: Writers Talk About Beginnings, Endings, and Everything In Between","Off the Page: Writers Talk About Beginnings, Endin...",unknown,1,16.2,324.0,3,2,False,20,0.0
A3LPPAH8ZXCSX6,Stories My Father Never Finished Telling Me: Living with the Armenian legacy of loss and silence,Stories My Father Never Finished Telling Me: Livin...,unknown,2,16.2,324.0,9,7,False,20,0.0
A3LPPAH8ZXCSX6,Original Prayer: Teachings and Meditations on the Aramaic Words of Jesus,Original Prayer: Teachings and Meditations on the ...,unknown,3,14.8,296.0,2,-1,False,20,0.0
A3LPPAH8ZXCSX6,Mariana (Persephone Classics),Mariana (Persephone Classics),unknown,4,13.75,275.0,6,2,False,20,0.0
A3LPPAH8ZXCSX6,Early Stories from the Land: Short-Story Fiction from American Rural Magazines 1900-1925,Early Stories from the Land: Short-Story Fiction f...,unknown,5,12.95,259.0,15,10,False,20,0.0
A3LPPAH8ZXCSX6,Bilbo's Last Song: (At the Grey Havens),Bilbo's Last Song: (At the Grey Havens),unknown,6,12.2,244.0,12,6,True,20,0.0
A3LPPAH8ZXCSX6,New Testament and Mission: Historical and Hermeneutical Perspectives,New Testament and Mission: Historical and Hermeneu...,unknown,7,11.35,227.0,0,-7,False,20,0.0
A3LPPAH8ZXCSX6,Knife: Book 1,Knife: Book 1,unknown,8,10.3,206.0,13,5,False,20,0.0
A3LPPAH8ZXCSX6,The Fall of the Year,The Fall of the Year,unknown,9,9.95,199.0,4,-5,False,20,0.0
A3LPPAH8ZXCSX6,Plato: The Man and His Work (Dover Books on Western Philosophy),Plato: The Man and His Work (Dover Books on Wester...,unknown,10,9.95,199.0,7,-3,False,20,0.0
A3LPPAH8ZXCSX6,Idiot Proof: A Short History Of Modern Delusions,Idiot Proof: A Short History Of Modern Delusions,unknown,11,9.7,194.0,10,-1,False,20,0.0
A3LPPAH8ZXCSX6,Theology of the Reformers: 25th Anniversary,Theology of the Reformers: 25th Anniversary,unknown,12,9.65,193.0,5,-7,False,20,0.0
A3LPPAH8ZXCSX6,"Coal Hollow: Photographs and Oral Histories (Series in Contemporary Photography, Vol. 4) (Volume 4)",Coal Hollow: Photographs and Oral Histories (Serie...,unknown,13,9.5,190.0,1,-12,False,20,0.0
A3LPPAH8ZXCSX6,America's Story: Book 1 to 1865,America's Story: Book 1 to 1865,unknown,14,9.15,183.0,8,-6,False,20,0.0
A3LPPAH8ZXCSX6,Shelf Life: Crestlane County Series,Shelf Life: Crestlane County Series,unknown,15,8.7,174.0,19,4,False,20,0.0
A3LPPAH8ZXCSX6,Travelers' Tales: Thailand (Travelers' Tales Guides),Travelers' Tales: Thailand (Travelers' Tales Guide...,unknown,16,8.65,173.0,17,1,False,20,0.0
A3LPPAH8ZXCSX6,Wireless Security End to End,Wireless Security End to End,unknown,17,8.5,170.0,18,1,False,20,0.0
A3LPPAH8ZXCSX6,La Solucion Paleolitica / The Paleo Solution: La Dieta Humana Originaria / The Original Human Diet (Spanish Edition),La Solucion Paleolitica / The Paleo Solution: La D...,unknown,18,7.4,148.0,11,-7,False,20,0.0
A3LPPAH8ZXCSX6,Microsoft Word 97 Exam Cram,Microsoft Word 97 Exam Cram,unknown,19,6.0,120.0,14,-5,False,20,0.0
A3LPPAH8ZXCSX6,"Yu-Gi-Oh! Duelist, Vol. 13","Yu-Gi-Oh! Duelist, Vol. 13",unknown,20,5.1,102.0,16,-4,False,20,0.0
A2UO17Y0ICGEPH,Cost & Effect: Using Integrated Cost Systems to Drive Profitability and Performance,Cost & Effect: Using Integrated Cost Systems to Dr...,unknown,1,13.85,277.0,18,17,False,20,0.38685280723454163
A2UO17Y0ICGEPH,Raw Food Made Simple,Raw Food Made Simple,unknown,2,13.6,272.0,17,15,False,20,0.38685280723454163
A2UO17Y0ICGEPH,Making Sense of Multivariate Data Analysis: An Intuitive Approach,Making Sense of Multivariate Data Analysis: An Int...,unknown,3,13.15,263.0,0,-3,False,20,0.38685280723454163
A2UO17Y0ICGEPH,The BIG Book on the Gastric Sleeve: Everything You Need To Know To Lose Weight and Live Well with the Vertical Sleeve Gastrectomy (The BIG books on Weight Loss Surgery),The BIG Book on the Gastric Sleeve: Everything You...,unknown,4,12.75,255.0,2,-2,True,20,0.38685280723454163
A2UO17Y0ICGEPH,The Cupid Chronicles (The Wedding Planner's Daughter #2),The Cupid Chronicles (The Wedding Planner's Daught...,unknown,5,12.7,254.0,10,5,False,20,0.38685280723454163
A2UO17Y0ICGEPH,Life on the Edge: Parenting a Child With Add/Adhd,Life on the Edge: Parenting a Child With Add/Adhd,unknown,6,12.45,249.0,6,0,False,20,0.38685280723454163
A2UO17Y0ICGEPH,Of Art and Wisdom: Plato's Understanding of Techne,Of Art and Wisdom: Plato's Understanding of Techne,unknown,7,11.9,238.0,3,-4,False,20,0.38685280723454163
A2UO17Y0ICGEPH,Christian Education in the African American Church: A Guide for Teaching Truth,Christian Education in the African American Church...,unknown,8,11.8,236.0,11,3,False,20,0.38685280723454163
A2UO17Y0ICGEPH,Stubborn: POEMS (National Poetry Series),Stubborn: POEMS (National Poetry Series),unknown,9,11.35,227.0,8,-1,False,20,0.38685280723454163
A2UO17Y0ICGEPH,Cynic's Dictionary,Cynic's Dictionary,unknown,10,10.65,213.0,5,-5,False,20,0.38685280723454163
A2UO17Y0ICGEPH,"Chirping Crickets (Let's-Read-and-Find-Out Science, Stage 2)",Chirping Crickets (Let's-Read-and-Find-Out Science...,unknown,11,10.35,207.0,1,-10,False,20,0.38685280723454163
A2UO17Y0ICGEPH,"A Twist of Fate: A Glamorous, Sexy Epic That Spans the Decades","A Twist of Fate: A Glamorous, Sexy Epic That Spans...",unknown,12,10.05,201.0,14,2,False,20,0.38685280723454163
A2UO17Y0ICGEPH,John Lennon: The Illustrated Biography,John Lennon: The Illustrated Biography,unknown,13,9.7,194.0,12,-1,False,20,0.38685280723454163
A2UO17Y0ICGEPH,Complete book of Vega,Complete book of Vega,unknown,14,9.65,193.0,13,-1,False,20,0.38685280723454163
A2UO17Y0ICGEPH,"Let My Children Go (Mother's Journal, Bk. 1)","Let My Children Go (Mother's Journal, Bk. 1)",unknown,15,8.95,179.0,7,-8,False,20,0.38685280723454163
A2UO17Y0ICGEPH,The Record Interpreter: A Collection of Abbreviations (Classic Reprint),The Record Interpreter: A Collection of Abbreviati...,unknown,16,7.95,159.0,15,-1,False,20,0.38685280723454163
A2UO17Y0ICGEPH,Black Belt Billiards,Black Belt Billiards,unknown,17,7.6,152.0,9,-8,False,20,0.38685280723454163
A2UO17Y0ICGEPH,"Nicene and Post-Nicene Fathers Series 2, Volume 14 - Enhanced Version (Early Church Fathers)","Nicene and Post-Nicene Fathers Series 2, Volume 14...",unknown,18,7.55,151.0,16,-2,False,20,0.38685280723454163
A2UO17Y0ICGEPH,Essentials of Economics + New MyEconLab With Pearson eText (1-semester Access) Access Code,Essentials of Economics + New MyEconLab With Pears...,unknown,19,7.4,148.0,19,0,False,20,0.38685280723454163
A2UO17Y0ICGEPH,A Collectors Guide to the Kriegsmarine,A Collectors Guide to the Kriegsmarine,unknown,20,6.6,132.0,4,-16,False,20,0.38685280723454163
AK4OXXHG0TJ0S,"Behind the Curtain (Echo Falls Mystery, 2)","Behind the Curtain (Echo Falls Mystery, 2)",unknown,1,15.2,304.0,0,-1,False,20,0.0
AK4OXXHG0TJ0S,Twelve Angry Men (Penguin Classics),Twelve Angry Men (Penguin Classics),unknown,2,15.0,300.0,10,8,False,20,0.0
AK4OXXHG0TJ0S,"Schoolyard-Enhanced Learning: Using the Outdoors as an Instructional Tool, K-8",Schoolyard-Enhanced Learning: Using the Outdoors a...,unknown,3,14.2,284.0,12,9,False,20,0.0
AK4OXXHG0TJ0S,"If I'm So Smart, Why Aren't the Answers Easy?","If I'm So Smart, Why Aren't the Answers Easy?",unknown,4,13.6,272.0,3,-1,False,20,0.0
AK4OXXHG0TJ0S,Journal of Rudolph Friederich Kurz: An Account of His Experiences among Fur Traders and American Indians on the Mississippi and the Upper Mississippi Rivers during the Years 1846 to 1852,Journal of Rudolph Friederich Kurz: An Account of ...,unknown,5,13.3,266.0,1,-4,False,20,0.0
AK4OXXHG0TJ0S,The Rule of Four,The Rule of Four,unknown,6,13.0,260.0,19,13,True,20,0.0
AK4OXXHG0TJ0S,"Living With Small and Toy Dogs: Training, Behavior, and Personality Differences","Living With Small and Toy Dogs: Training, Behavior...",unknown,7,11.45,229.0,2,-5,False,20,0.0
AK4OXXHG0TJ0S,All Our yesterdays : The Time Travel Sourcebook (Star Trek : The Expanded Universe),All Our yesterdays : The Time Travel Sourcebook (S...,unknown,8,11.3,226.0,15,7,False,20,0.0
AK4OXXHG0TJ0S,"A Distance Traveled: In The Light of Distant Suns - Poems, Prose & Other Treasures",A Distance Traveled: In The Light of Distant Suns ...,unknown,9,10.9,218.0,9,0,False,20,0.0
AK4OXXHG0TJ0S,Crossing Jhordan's River,Crossing Jhordan's River,unknown,10,9.85,197.0,13,3,False,20,0.0
AK4OXXHG0TJ0S,Cockpit of the Revolution - The War for Independence in New Jersey,Cockpit of the Revolution - The War for Independen...,unknown,11,9.8,196.0,4,-7,False,20,0.0
AK4OXXHG0TJ0S,100 Maravillas del mundo /100 Wonders of the World (Spanish Edition),100 Maravillas del mundo /100 Wonders of the World...,unknown,12,9.4,188.0,11,-1,False,20,0.0
AK4OXXHG0TJ0S,Edith Wharton (Bloom's Modern Critical Views),Edith Wharton (Bloom's Modern Critical Views),unknown,13,8.75,175.0,6,-7,False,20,0.0
AK4OXXHG0TJ0S,Tigra,Tigra,unknown,14,8.5,170.0,8,-6,False,20,0.0
AK4OXXHG0TJ0S,What Color Is It?/Quo Colore Est?: Quo Colore Est? : Latin/English Version 'I Am Reading Latin' Series) (English and Latin Edition),What Color Is It?/Quo Colore Est?: Quo Colore Est?...,unknown,15,8.05,161.0,18,3,False,20,0.0
AK4OXXHG0TJ0S,Barron's New Jersey ASK 8 Language Arts Literacy Test,Barron's New Jersey ASK 8 Language Arts Literacy T...,unknown,16,7.85,157.0,14,-2,False,20,0.0
AK4OXXHG0TJ0S,"Combat, Vol. 1","Combat, Vol. 1",unknown,17,7.85,157.0,16,-1,False,20,0.0
AK4OXXHG0TJ0S,Bowling (Shire General),Bowling (Shire General),unknown,18,7.55,151.0,5,-13,False,20,0.0
AK4OXXHG0TJ0S,Passion (Desire Series #3),Passion (Desire Series #3),unknown,19,7.3,146.0,7,-12,False,20,0.0
AK4OXXHG0TJ0S,The Lone Rancher,The Lone Rancher,unknown,20,7.15,143.0,17,-3,False,20,0.0
A3URLPBDVNBUZZ,Magickal Astrology: Understanding Your Place in the Cosmos,Magickal Astrology: Understanding Your Place in th...,unknown,1,14.8,296.0,4,3,False,20,0.0
A3URLPBDVNBUZZ,From Pancho to Pacquiao: Philippine Boxing in and Out of the Ring,From Pancho to Pacquiao: Philippine Boxing in and ...,unknown,2,14.35,287.0,18,16,False,20,0.0
A3URLPBDVNBUZZ,"Ready, Set, SCIENCE!: Putting Research to Work in K-8 Science Classrooms","Ready, Set, SCIENCE!: Putting Research to Work in ...",unknown,3,14.05,281.0,5,2,False,20,0.0
A3URLPBDVNBUZZ,Grey Souls,Grey Souls,unknown,4,11.95,239.0,3,-1,False,20,0.0
A3URLPBDVNBUZZ,Whitechapel Gods,Whitechapel Gods,unknown,5,11.75,235.0,19,14,False,20,0.0
A3URLPBDVNBUZZ,"Steve Bailey's Rock Bass: The Ultimate Rock Bass Workout, Book & CD",Steve Bailey's Rock Bass: The Ultimate Rock Bass W...,unknown,6,11.7,234.0,12,6,False,20,0.0
A3URLPBDVNBUZZ,Lying Season (Experiment in Terror),Lying Season (Experiment in Terror),unknown,7,11.25,225.0,9,2,False,20,0.0
A3URLPBDVNBUZZ,The Edgar Cayce Way of Overcoming Multiple Sclerosis : Vibratory Medicine,The Edgar Cayce Way of Overcoming Multiple Scleros...,unknown,8,11.15,223.0,2,-6,False,20,0.0
A3URLPBDVNBUZZ,The Magnificent Gallery,The Magnificent Gallery,unknown,9,10.8,216.0,7,-2,False,20,0.0
A3URLPBDVNBUZZ,Something Most Evil (Jane Husted Series),Something Most Evil (Jane Husted Series),unknown,10,10.55,211.0,16,6,False,20,0.0
A3URLPBDVNBUZZ,Pro Expression Blend 4 (Expert's Voice in Expression Blend),Pro Expression Blend 4 (Expert's Voice in Expressi...,unknown,11,10.4,208.0,15,4,False,20,0.0
A3URLPBDVNBUZZ,Plum(b),Plum(b),unknown,12,10.15,203.0,17,5,False,20,0.0
A3URLPBDVNBUZZ,"Compass American Guides: Minnesota, 2nd Edition (Full-color Travel Guide)","Compass American Guides: Minnesota, 2nd Edition (F...",unknown,13,10.0,200.0,6,-7,False,20,0.0
A3URLPBDVNBUZZ,Mission from the Cross,Mission from the Cross,unknown,14,9.95,199.0,13,-1,False,20,0.0
A3URLPBDVNBUZZ,Under the Frog: A Novel,Under the Frog: A Novel,unknown,15,9.85,197.0,8,-7,False,20,0.0
A3URLPBDVNBUZZ,Pushing Pause (Kimani TRU),Pushing Pause (Kimani TRU),unknown,16,9.05,181.0,11,-5,False,20,0.0
A3URLPBDVNBUZZ,The Maine Lobster Book,The Maine Lobster Book,unknown,17,7.85,157.0,10,-7,False,20,0.0
A3URLPBDVNBUZZ,The Temple Scroll: The Hidden Law of the Dead Sea Sect,The Temple Scroll: The Hidden Law of the Dead Sea ...,unknown,18,7.05,141.0,0,-18,False,20,0.0
A3URLPBDVNBUZZ,Kumon Grade 6 Fractions (Kumon Math Workbooks),Kumon Grade 6 Fractions (Kumon Math Workbooks),unknown,19,6.95,139.0,14,-5,True,20,0.0
A3URLPBDVNBUZZ,Trilogy Sonata for Piano,Trilogy Sonata for Piano,unknown,20,6.4,128.0,1,-19,False,20,0.0
A1TPAFD43TVUYZ,"Freedom of Mind: Helping Loved Ones Leave Controlling People, Cults, and Beliefs",Freedom of Mind: Helping Loved Ones Leave Controll...,unknown,1,17.15,343.0,9,8,False,20,0.6309297535714575
A1TPAFD43TVUYZ,AbraVocabra: The Amazingly Sensible Approach to Teaching Vocabulary,AbraVocabra: The Amazingly Sensible Approach to Te...,unknown,2,14.9,298.0,6,4,False,20,0.6309297535714575
A1TPAFD43TVUYZ,The Psalter Reclaimed: Praying and Praising with the Psalms,The Psalter Reclaimed: Praying and Praising with t...,unknown,3,14.55,291.0,1,-2,True,20,0.6309297535714575
A1TPAFD43TVUYZ,"Native American Gardening: Stories, Projects, and Recipes for Families","Native American Gardening: Stories, Projects, and ...",unknown,4,13.75,275.0,0,-4,False,20,0.6309297535714575
A1TPAFD43TVUYZ,"The Illustrated Encyclopedia of the Castles, Palaces & Stately Houses of Britain & Ireland: A magnificent visual account of Britain's architectural ... fine-art paintings, drawings and maps","The Illustrated Encyclopedia of the Castles, Palac...",unknown,5,13.2,264.0,10,5,False,20,0.6309297535714575
A1TPAFD43TVUYZ,A founding family: The Pinckneys of South Carolina,A founding family: The Pinckneys of South Carolina,unknown,6,11.35,227.0,4,-2,False,20,0.6309297535714575
A1TPAFD43TVUYZ,First Language Lessons for the Well-Trained Mind,First Language Lessons for the Well-Trained Mind,unknown,7,11.35,227.0,2,-5,False,20,0.6309297535714575
A1TPAFD43TVUYZ,The Weight of Things: Philosophy and the Good Life,The Weight of Things: Philosophy and the Good Life,unknown,8,11.35,227.0,11,3,False,20,0.6309297535714575
A1TPAFD43TVUYZ,"The Crossword Puzzler's Handbook: 1000 People, Places, and Things You Need to Know to Solve Crossword Puzzles!","The Crossword Puzzler's Handbook: 1000 People, Pla...",unknown,9,10.6,212.0,8,-1,False,20,0.6309297535714575
A1TPAFD43TVUYZ,Some New Kind of Slaughter: Or Lost in the Flood (and How We Found Home Again),Some New Kind of Slaughter: Or Lost in the Flood (...,unknown,10,10.15,203.0,3,-7,False,20,0.6309297535714575
A1TPAFD43TVUYZ,Batman Vol. 1: The Court of Owls (The New 52),Batman Vol. 1: The Court of Owls (The New 52),unknown,11,9.75,195.0,19,8,False,20,0.6309297535714575
A1TPAFD43TVUYZ,I Know Who Likes You,I Know Who Likes You,unknown,12,9.6,192.0,13,1,False,20,0.6309297535714575
A1TPAFD43TVUYZ,Learning the Human Game,Learning the Human Game,unknown,13,9.55,191.0,12,-1,False,20,0.6309297535714575
A1TPAFD43TVUYZ,Harry Truman and the Human Family,Harry Truman and the Human Family,unknown,14,9.4,188.0,15,1,False,20,0.6309297535714575
A1TPAFD43TVUYZ,The Christian commitment;: Essays in pastoral theology,The Christian commitment;: Essays in pastoral theo...,unknown,15,9.25,185.0,7,-8,False,20,0.6309297535714575
A1TPAFD43TVUYZ,Costa Rican Spanish: Lonely Planet Phrasebook,Costa Rican Spanish: Lonely Planet Phrasebook,unknown,16,9.2,184.0,5,-11,False,20,0.6309297535714575
A1TPAFD43TVUYZ,The Man Who Saved Christmas (Harlequin Superromance No. 718),The Man Who Saved Christmas (Harlequin Superromanc...,unknown,17,6.9,138.0,18,1,False,20,0.6309297535714575
A1TPAFD43TVUYZ,Pokemon in Disguise,Pokemon in Disguise,unknown,18,6.85,137.0,16,-2,False,20,0.6309297535714575
A1TPAFD43TVUYZ,Second Grade Super Games & Puzzles (Sylvan Super Workbooks) (Language Arts Super Workbooks),Second Grade Super Games & Puzzles (Sylvan Super W...,unknown,19,6.1,122.0,17,-2,False,20,0.6309297535714575
A1TPAFD43TVUYZ,Dad's Bald Head,Dad's Bald Head,unknown,20,5.05,101.0,14,-6,False,20,0.6309297535714575
A2YK48HL5RJVNX,Corporate Finance: A Practical Approach,Corporate Finance: A Practical Approach,unknown,1,16.15,323.0,4,3,False,20,0.0
A2YK48HL5RJVNX,Medicinal Herbs: A Compendium,Medicinal Herbs: A Compendium,unknown,2,15.1,302.0,13,11,False,20,0.0
A2YK48HL5RJVNX,Culture Shift: Transforming Your Church from the Inside Out,Culture Shift: Transforming Your Church from the I...,unknown,3,14.85,297.0,9,6,False,20,0.0
A2YK48HL5RJVNX,The Voluntary Traveler: Adventures from the Road Best Traveled,The Voluntary Traveler: Adventures from the Road B...,unknown,4,12.9,258.0,0,-4,False,20,0.0
A2YK48HL5RJVNX,The Golden Century: Europe 1598-1715,The Golden Century: Europe 1598-1715,unknown,5,11.4,228.0,19,14,False,20,0.0
A2YK48HL5RJVNX,Steganography. The Art of Hiding Information,Steganography. The Art of Hiding Information,unknown,6,11.3,226.0,12,6,False,20,0.0
A2YK48HL5RJVNX,"The Stock Market Outsider: Becoming a Billionaire: Valuable, Practical Insight",The Stock Market Outsider: Becoming a Billionaire:...,unknown,7,10.85,217.0,2,-5,True,20,0.0
A2YK48HL5RJVNX,Bugs in Writing: A Guide to Debugging Your Prose,Bugs in Writing: A Guide to Debugging Your Prose,unknown,8,10.8,216.0,6,-2,False,20,0.0
A2YK48HL5RJVNX,Napoleon's Master: A Life of Prince Talleyrand,Napoleon's Master: A Life of Prince Talleyrand,unknown,9,10.65,213.0,8,-1,False,20,0.0
A2YK48HL5RJVNX,The Bad Wife: A Kim Reynolds Mystery,The Bad Wife: A Kim Reynolds Mystery,unknown,10,10.55,211.0,11,1,False,20,0.0
A2YK48HL5RJVNX,Daido Moriyama: Tales of Tono,Daido Moriyama: Tales of Tono,unknown,11,10.4,208.0,5,-6,False,20,0.0
A2YK48HL5RJVNX,Russian: Face to Face Workbook : Level One,Russian: Face to Face Workbook : Level One,unknown,12,10.2,204.0,1,-11,False,20,0.0
A2YK48HL5RJVNX,Shootout at Gold Creek (Blood Bond),Shootout at Gold Creek (Blood Bond),unknown,13,9.95,199.0,14,1,False,20,0.0
A2YK48HL5RJVNX,"The Crawfish: How To; Techniques, Baits, Traps and Great Recipes","The Crawfish: How To; Techniques, Baits, Traps and...",unknown,14,9.8,196.0,10,-4,False,20,0.0
A2YK48HL5RJVNX,"My Morning Manna, Volume 2-Journey Through the New Testament","My Morning Manna, Volume 2-Journey Through the New...",unknown,15,9.3,186.0,18,3,False,20,0.0
A2YK48HL5RJVNX,Christmas Fingernail Tattoos (Dover Tattoos),Christmas Fingernail Tattoos (Dover Tattoos),unknown,16,8.3,166.0,7,-9,False,20,0.0
A2YK48HL5RJVNX,Versatile Vernon Kilns Book II,Versatile Vernon Kilns Book II,unknown,17,7.65,153.0,3,-14,False,20,0.0
A2YK48HL5RJVNX,Brisingamen,Brisingamen,unknown,18,7.15,143.0,17,-1,False,20,0.0
A2YK48HL5RJVNX,"Paradise, Suzanna Style","Paradise, Suzanna Style",unknown,19,6.65,133.0,15,-4,False,20,0.0
A2YK48HL5RJVNX,The Karaoke Piano Book,The Karaoke Piano Book,unknown,20,6.05,121.0,16,-4,False,20,0.0
A3NE4KYVQA978J,Bury the Chains: Prophets and Rebels in the Fight to Free an Empire's Slaves,Bury the Chains: Prophets and Rebels in the Fight ...,unknown,1,14.25,285.0,7,6,True,20,1.0
A3NE4KYVQA978J,Lady Bird: A Biography of Mrs. Johnson,Lady Bird: A Biography of Mrs. Johnson,unknown,2,13.85,277.0,9,7,False,20,1.0
A3NE4KYVQA978J,Why Can't We Talk?: What Teens Would Share If Parents Would Listen,Why Can't We Talk?: What Teens Would Share If Pare...,unknown,3,13.7,274.0,16,13,False,20,1.0
A3NE4KYVQA978J,How to Drive Your Competition Crazy: Creating Disruption for Fun and Profit,How to Drive Your Competition Crazy: Creating Disr...,unknown,4,13.5,270.0,14,10,False,20,1.0
A3NE4KYVQA978J,MY DADDY ADORES ME: A Children's Story About Fatherhood in Dr. Seuss Style Rhyme (Meus Tales #6),MY DADDY ADORES ME: A Children's Story About Fathe...,unknown,5,13.1,262.0,12,7,False,20,1.0
A3NE4KYVQA978J,"Ask Dr K Fisher (4 book box set including: About Animals, About Dinsaurs, About Minibeastd, About Reptiles)",Ask Dr K Fisher (4 book box set including: About A...,unknown,6,12.4,248.0,11,5,False,20,1.0
A3NE4KYVQA978J,Smoke That Thunders,Smoke That Thunders,unknown,7,11.65,233.0,5,-2,False,20,1.0
A3NE4KYVQA978J,Battling the Hydra: Encounter with (mostly) wild animals,Battling the Hydra: Encounter with (mostly) wild a...,unknown,8,11.65,233.0,19,11,False,20,1.0
A3NE4KYVQA978J,"Wicked Seasons: The Journal of the New England Horror Writers, Volume II",Wicked Seasons: The Journal of the New England Hor...,unknown,9,11.55,231.0,17,8,False,20,1.0
A3NE4KYVQA978J,"Vintage L.A.: Eats, Boutiques, Decor, Landmarks, Markets & More","Vintage L.A.: Eats, Boutiques, Decor, Landmarks, M...",unknown,10,10.35,207.0,0,-10,False,20,1.0
A3NE4KYVQA978J,Woman in the Wheelhouse,Woman in the Wheelhouse,unknown,11,9.85,197.0,10,-1,False,20,1.0
A3NE4KYVQA978J,The Lady Forfeits,The Lady Forfeits,unknown,12,9.45,189.0,1,-11,False,20,1.0
A3NE4KYVQA978J,Statistics in the 21st Century (Chapman & Hall/CRC Monographs on Statistics and Applied Probability),Statistics in the 21st Century (Chapman & Hall/CRC...,unknown,13,9.35,187.0,3,-10,False,20,1.0
A3NE4KYVQA978J,Baby Touch and Feel: Puppies and Kittens,Baby Touch and Feel: Puppies and Kittens,unknown,14,8.85,177.0,13,-1,False,20,1.0
A3NE4KYVQA978J,Japanese Grammar (Quick Study Academic),Japanese Grammar (Quick Study Academic),unknown,15,8.8,176.0,15,0,False,20,1.0
A3NE4KYVQA978J,VF14 - Wilco Songbook - p/v/g,VF14 - Wilco Songbook - p/v/g,unknown,16,8.4,168.0,8,-8,False,20,1.0
A3NE4KYVQA978J,Handcrafting a Graphite Fly Rod,Handcrafting a Graphite Fly Rod,unknown,17,8.4,168.0,18,1,False,20,1.0
A3NE4KYVQA978J,Joyner's Dream,Joyner's Dream,unknown,18,8.15,163.0,6,-12,False,20,1.0
A3NE4KYVQA978J,Emmis.,Emmis.,unknown,19,7.6,152.0,2,-17,False,20,1.0
A3NE4KYVQA978J,2011 Domo Wall Calendar,2011 Domo Wall Calendar,unknown,20,5.15,103.0,4,-16,False,20,1.0
AD339DWRNEQO4,"Define ""Normal""","Define ""Normal""",unknown,1,16.55,331.0,4,3,False,20,0.0
AD339DWRNEQO4,She Left Me the Gun: My Mother's Life Before Me,She Left Me the Gun: My Mother's Life Before Me,unknown,2,15.95,319.0,0,-2,False,20,0.0
AD339DWRNEQO4,Broken Mask: My struggle to forgive,Broken Mask: My struggle to forgive,unknown,3,15.9,318.0,8,5,False,20,0.0
AD339DWRNEQO4,"Everyone Helps, Everyone Wins: How Absolutely Anyone Can Pitch In, Help Out, Give Back, and Make the World a Be tter Place","Everyone Helps, Everyone Wins: How Absolutely Anyo...",unknown,4,15.7,314.0,6,2,False,20,0.0
AD339DWRNEQO4,Devil on the Deck: A Stirring Adventure about John Newton's Discovery of Amazing Grace,Devil on the Deck: A Stirring Adventure about John...,unknown,5,15.35,307.0,9,4,False,20,0.0
AD339DWRNEQO4,Caszandra: Touchstone,Caszandra: Touchstone,unknown,6,12.95,259.0,7,1,True,20,0.0
AD339DWRNEQO4,Autumn Getaway (Seasons of Love),Autumn Getaway (Seasons of Love),unknown,7,11.75,235.0,19,12,False,20,0.0
AD339DWRNEQO4,Bulletproof Ajax,Bulletproof Ajax,unknown,8,10.25,205.0,5,-3,False,20,0.0
AD339DWRNEQO4,THE DOMINO BOYS (a psychological thriller),THE DOMINO BOYS (a psychological thriller),unknown,9,10.25,205.0,18,9,False,20,0.0
AD339DWRNEQO4,"The Ascetic Self: Subjectivity, Memory and Tradition","The Ascetic Self: Subjectivity, Memory and Traditi...",unknown,10,10.0,200.0,10,0,False,20,0.0
AD339DWRNEQO4,"The Mystery of History, Volume III: Companion Guide: Curriculum and Student Activities","The Mystery of History, Volume III: Companion Guid...",unknown,11,9.95,199.0,3,-8,False,20,0.0
AD339DWRNEQO4,"Civil War Roster of Davie County, North Carolina: Biographies of 1,147 Men Before, During and After the Conflict","Civil War Roster of Davie County, North Carolina: ...",unknown,12,9.1,182.0,2,-10,False,20,0.0
AD339DWRNEQO4,Early Families of Eastern and Southeastern Kentucky and Their Descendants,Early Families of Eastern and Southeastern Kentuck...,unknown,13,8.75,175.0,1,-12,False,20,0.0
AD339DWRNEQO4,The Way Into Torah,The Way Into Torah,unknown,14,8.0,160.0,11,-3,False,20,0.0
AD339DWRNEQO4,"Alison Balter's Mastering Access 97 Development, Premier Edition, Second Edition (2nd Edition)","Alison Balter's Mastering Access 97 Development, P...",unknown,15,7.85,157.0,15,0,False,20,0.0
AD339DWRNEQO4,"The Complete Official 948 cc & 1098 cc Sprite/Midget (Comprising the official driver's handbook, workshop manual, and special tuning manual)",The Complete Official 948 cc & 1098 cc Sprite/Midg...,unknown,16,7.35,147.0,17,1,False,20,0.0
AD339DWRNEQO4,"Marvel Masterworks Iron Fist From Marvel Premiere Nos. 15-25 and Iron Fist Nos. 1-2 (Marvel Masterworks, Volume 160)",Marvel Masterworks Iron Fist From Marvel Premiere ...,unknown,17,6.45,129.0,13,-4,False,20,0.0
AD339DWRNEQO4,"String Quartet in G Minor, Opus 27 By Edvard Grieg. For 2 Violins, Viola, Cello. Set of Parts.","String Quartet in G Minor, Opus 27 By Edvard Grieg...",unknown,18,6.1,122.0,14,-4,False,20,0.0
AD339DWRNEQO4,"La Clemenza Di Tito: German, Italian Language Edition, Vocal Score (Kalmus Edition) (German Edition)","La Clemenza Di Tito: German, Italian Language Edit...",unknown,19,6.05,121.0,16,-3,False,20,0.0
AD339DWRNEQO4,The Complete Book of Chinese Horoscopes,The Complete Book of Chinese Horoscopes,unknown,20,5.75,115.0,12,-8,False,20,0.0
A31ZL4UVRT2DHK,"Small, Strong Congregations: Creating Strengths and Health for Your Congregation","Small, Strong Congregations: Creating Strengths an...",unknown,1,15.55,311.0,8,7,False,20,0.0
A31ZL4UVRT2DHK,Willow in a Storm: A Memoir,Willow in a Storm: A Memoir,unknown,2,14.65,293.0,19,17,False,20,0.0
A31ZL4UVRT2DHK,Bijak of Kabir,Bijak of Kabir,unknown,3,14.25,285.0,2,-1,False,20,0.0
A31ZL4UVRT2DHK,A Short History of Greek Philosophy,A Short History of Greek Philosophy,unknown,4,13.75,275.0,10,6,False,20,0.0
A31ZL4UVRT2DHK,When Dreams Cross (Second Chances Series #2),When Dreams Cross (Second Chances Series #2),unknown,5,13.2,264.0,18,13,False,20,0.0
A31ZL4UVRT2DHK,Written in the Stars,Written in the Stars,unknown,6,13.1,262.0,17,11,True,20,0.0
A31ZL4UVRT2DHK,Mendelssohn: A Life in Music,Mendelssohn: A Life in Music,unknown,7,11.35,227.0,14,7,False,20,0.0
A31ZL4UVRT2DHK,"The Strip (Big Bad Wolf, 2)","The Strip (Big Bad Wolf, 2)",unknown,8,10.85,217.0,12,4,False,20,0.0
A31ZL4UVRT2DHK,A Savannah Christmas,A Savannah Christmas,unknown,9,10.8,216.0,9,0,False,20,0.0
A31ZL4UVRT2DHK,Murder in Michigan's Upper Peninsula (Murder & Mayhem),Murder in Michigan's Upper Peninsula (Murder & May...,unknown,10,10.25,205.0,5,-5,False,20,0.0
A31ZL4UVRT2DHK,Strangling the Confederacy: Coastal Operations in the American Civil War,Strangling the Confederacy: Coastal Operations in ...,unknown,11,10.1,202.0,4,-7,False,20,0.0
A31ZL4UVRT2DHK,Baha'i World Faith: Selected Writings of Baha'u'llah and 'Abdu'l-Baha,Baha'i World Faith: Selected Writings of Baha'u'll...,unknown,12,10.05,201.0,1,-11,False,20,0.0
A31ZL4UVRT2DHK,Gradebusters: How Parents Can End the Bad Grades Battle,Gradebusters: How Parents Can End the Bad Grades B...,unknown,13,9.75,195.0,7,-6,False,20,0.0
A31ZL4UVRT2DHK,The Story of Peppa Pig Picture Book (Peppa Pig),The Story of Peppa Pig Picture Book (Peppa Pig),unknown,14,9.3,186.0,3,-11,False,20,0.0
A31ZL4UVRT2DHK,Medieval People,Medieval People,unknown,15,8.6,172.0,6,-9,False,20,0.0
A31ZL4UVRT2DHK,Whatever Happened to Baby Peggy?,Whatever Happened to Baby Peggy?,unknown,16,8.45,169.0,16,0,False,20,0.0
A31ZL4UVRT2DHK,"Fodor's Washington, D.C. 2007: with Mount Vernon, Alexandria & Annapolis (Fodor's Gold Guides).","Fodor's Washington, D.C. 2007: with Mount Vernon, ...",unknown,17,7.6,152.0,15,-2,False,20,0.0
A31ZL4UVRT2DHK,We Love Harry Potter! We'Ll Tell You Why,We Love Harry Potter! We'Ll Tell You Why,unknown,18,6.95,139.0,13,-5,False,20,0.0
A31ZL4UVRT2DHK,2008 BusyBodyBook Personal & Family Organizer: Brown,2008 BusyBodyBook Personal & Family Organizer: Bro...,unknown,19,6.4,128.0,0,-19,False,20,0.0
A31ZL4UVRT2DHK,"That's a crock, Barack: President Obama’s record of saying things that are untrue, duplicitous, arrogant and delusional or Barack Obama’s lies and Why Obama should not be re-elected","That's a crock, Barack: President Obama’s record o...",unknown,20,5.05,101.0,11,-9,False,20,0.0
A1UE8WZ6UK5QZV,"Paleo Slow Cooking: Fast, Easy, and Delicious Paleo Crock Pot Recipes for Losing Weight, Feeling Great, and Satisfying Your Primal Cravings (Practical Paleo)","Paleo Slow Cooking: Fast, Easy, and Delicious Pale...",unknown,1,15.6,312.0,0,-1,False,20,0.0
A1UE8WZ6UK5QZV,The Scarlet Letter (Case Studies in Contemporary Criticism),The Scarlet Letter (Case Studies in Contemporary C...,unknown,2,13.05,261.0,2,0,False,20,0.0
A1UE8WZ6UK5QZV,Complete Book of Drills for Winning Soccer,Complete Book of Drills for Winning Soccer,unknown,3,12.7,254.0,8,5,False,20,0.0
A1UE8WZ6UK5QZV,Reading Practices With Deaf Learners,Reading Practices With Deaf Learners,unknown,4,12.45,249.0,6,2,False,20,0.0
A1UE8WZ6UK5QZV,"Integration Matters: Navigating Identity, Culture, and Resistance (Counterpoints)","Integration Matters: Navigating Identity, Culture,...",unknown,5,11.8,236.0,12,7,False,20,0.0
A1UE8WZ6UK5QZV,Gentian Hill,Gentian Hill,unknown,6,11.55,231.0,3,-3,False,20,0.0
A1UE8WZ6UK5QZV,Drawing Basics,Drawing Basics,unknown,7,11.25,225.0,11,4,False,20,0.0
A1UE8WZ6UK5QZV,The Caring Physician: The Life of Dr. Francis W. Peabody,The Caring Physician: The Life of Dr. Francis W. P...,unknown,8,10.55,211.0,9,1,False,20,0.0
A1UE8WZ6UK5QZV,"The Interlinear Bible (English, Greek and Hebrew Edition)","The Interlinear Bible (English, Greek and Hebrew E...",unknown,9,10.55,211.0,18,9,False,20,0.0
A1UE8WZ6UK5QZV,Terror at the Shore,Terror at the Shore,unknown,10,10.4,208.0,5,-5,False,20,0.0
A1UE8WZ6UK5QZV,Doctrines of the Bible: A Brief Discussion of the Teachings of God's Word,Doctrines of the Bible: A Brief Discussion of the ...,unknown,11,10.25,205.0,13,2,False,20,0.0
A1UE8WZ6UK5QZV,Teach Yourself Javascript in a Week,Teach Yourself Javascript in a Week,unknown,12,10.25,205.0,19,7,False,20,0.0
A1UE8WZ6UK5QZV,"Names, Numbers, and Network Solutions: The Monetization of the Internet","Names, Numbers, and Network Solutions: The Monetiz...",unknown,13,10.15,203.0,4,-9,False,20,0.0
A1UE8WZ6UK5QZV,The Quality Technician's Handbook (4th Edition),The Quality Technician's Handbook (4th Edition),unknown,14,9.9,198.0,15,1,False,20,0.0
A1UE8WZ6UK5QZV,Dying to Survive,Dying to Survive,unknown,15,9.65,193.0,7,-8,True,20,0.0
A1UE8WZ6UK5QZV,Mindless Selling,Mindless Selling,unknown,16,8.4,168.0,16,0,False,20,0.0
A1UE8WZ6UK5QZV,"Cecil County: A reference book of history, business and general information","Cecil County: A reference book of history, busines...",unknown,17,8.25,165.0,17,0,False,20,0.0
A1UE8WZ6UK5QZV,St. Dominic's Family: Over 300 Famous Dominicans,St. Dominic's Family: Over 300 Famous Dominicans,unknown,18,7.9,158.0,10,-8,False,20,0.0
A1UE8WZ6UK5QZV,Ez-Go: Oriental Strategy in a Nutshell,Ez-Go: Oriental Strategy in a Nutshell,unknown,19,7.7,154.0,14,-5,False,20,0.0
A1UE8WZ6UK5QZV,Dolphin Divination Cards,Dolphin Divination Cards,unknown,20,7.65,153.0,1,-19,False,20,0.0
A1WLXANZQDN4E1,Art Of Pressed Flowers,Art Of Pressed Flowers,unknown,1,15.15,303.0,0,-1,False,20,0.0
A1WLXANZQDN4E1,"Birds: A Fully Illustrated, Authoritative and Easy-to-Use Guide (A Golden Guide from St. Martin's Press)","Birds: A Fully Illustrated, Authoritative and Easy...",unknown,2,14.45,289.0,2,0,False,20,0.0
A1WLXANZQDN4E1,"The Complete Book of Unusual Names: When You Don't Want to Sound the Same, Look Here for Names Beyond Joe, Jim and Jane",The Complete Book of Unusual Names: When You Don't...,unknown,3,12.9,258.0,7,4,False,20,0.0
A1WLXANZQDN4E1,Traditional Textiles of the Andes: Life and Cloth in the Highlands,Traditional Textiles of the Andes: Life and Cloth ...,unknown,4,12.15,243.0,10,6,False,20,0.0
A1WLXANZQDN4E1,Alfred the Great: The King and His England (Phoenix Books),Alfred the Great: The King and His England (Phoeni...,unknown,5,12.05,241.0,1,-4,False,20,0.0
A1WLXANZQDN4E1,The defector,The defector,unknown,6,12.05,241.0,9,3,False,20,0.0
A1WLXANZQDN4E1,To Scotland with Love (Kilts and Quilts),To Scotland with Love (Kilts and Quilts),unknown,7,11.9,238.0,18,11,True,20,0.0
A1WLXANZQDN4E1,American Farm Tractor (Motorbooks Classic),American Farm Tractor (Motorbooks Classic),unknown,8,10.6,212.0,17,9,False,20,0.0
A1WLXANZQDN4E1,Vitamix Guide: The Ultimate Step-By-Step Guide To Using Your Vitamix For Maximum Benefits,Vitamix Guide: The Ultimate Step-By-Step Guide To ...,unknown,9,9.95,199.0,6,-3,False,20,0.0
A1WLXANZQDN4E1,Alternative Therapies For Epilepsy,Alternative Therapies For Epilepsy,unknown,10,9.85,197.0,8,-2,False,20,0.0
A1WLXANZQDN4E1,Confessions of a Would-Be Husband (Second Edition),Confessions of a Would-Be Husband (Second Edition),unknown,11,9.65,193.0,5,-6,False,20,0.0
A1WLXANZQDN4E1,Aerial Muse: The Art of Yvonne Jacquette,Aerial Muse: The Art of Yvonne Jacquette,unknown,12,9.35,187.0,13,1,False,20,0.0
A1WLXANZQDN4E1,"There's Magic in Believing (Believing in Yourself Set, Volume 5 of 5)",There's Magic in Believing (Believing in Yourself ...,unknown,13,9.35,187.0,11,-2,False,20,0.0
A1WLXANZQDN4E1,Fundamentals of Harmony,Fundamentals of Harmony,unknown,14,9.1,182.0,3,-11,False,20,0.0
A1WLXANZQDN4E1,Christmas Songs (Paperback Songs),Christmas Songs (Paperback Songs),unknown,15,9.1,182.0,14,-1,False,20,0.0
A1WLXANZQDN4E1,Brugmansia and Datura: Angel's Trumpets and Thorn Apples,Brugmansia and Datura: Angel's Trumpets and Thorn ...,unknown,16,9.05,181.0,12,-4,False,20,0.0
A1WLXANZQDN4E1,Yes Girl He Loves Me and Jesus Loves You Too!,Yes Girl He Loves Me and Jesus Loves You Too!,unknown,17,9.0,180.0,4,-13,False,20,0.0
A1WLXANZQDN4E1,Empty Rooms Lonely Countries,Empty Rooms Lonely Countries,unknown,18,8.75,175.0,16,-2,False,20,0.0
A1WLXANZQDN4E1,The Goon Volume 11: The Deformed of Body and Devious of Mind,The Goon Volume 11: The Deformed of Body and Devio...,unknown,19,8.3,166.0,19,0,False,20,0.0
A1WLXANZQDN4E1,"Doom Patrol, Book 6: Planet Love","Doom Patrol, Book 6: Planet Love",unknown,20,7.3,146.0,15,-5,False,20,0.0
AHG6YEEWILZ7L,The Dark Bride: A Novel,The Dark Bride: A Novel,unknown,1,14.65,293.0,1,0,False,20,0.0
AHG6YEEWILZ7L,Cooking the German Way: Revised and Expanded to Include New Low-Fat and Vegetarian Recipes (Easy Menu Ethnic Cookbooks),Cooking the German Way: Revised and Expanded to In...,unknown,2,14.2,284.0,18,16,False,20,0.0
AHG6YEEWILZ7L,Things That Go!,Things That Go!,unknown,3,13.1,262.0,5,2,False,20,0.0
AHG6YEEWILZ7L,Dating Fitness: A Guide to the Anatomy of Romance,Dating Fitness: A Guide to the Anatomy of Romance,unknown,4,12.9,258.0,10,6,False,20,0.0
AHG6YEEWILZ7L,Mystery animals of Britain and Ireland,Mystery animals of Britain and Ireland,unknown,5,12.8,256.0,16,11,False,20,0.0
AHG6YEEWILZ7L,"Adaptive Health Management Information Systems: Concepts, Cases, & Practical Applications: Concepts, Cases, & Practical Applications",Adaptive Health Management Information Systems: Co...,unknown,6,11.4,228.0,17,11,False,20,0.0
AHG6YEEWILZ7L,Fanny by Gaslight,Fanny by Gaslight,unknown,7,11.2,224.0,15,8,False,20,0.0
AHG6YEEWILZ7L,The Authentic Guitar Style of Mary Chapin Carpenter,The Authentic Guitar Style of Mary Chapin Carpente...,unknown,8,10.95,219.0,4,-4,False,20,0.0
AHG6YEEWILZ7L,Jazz Fly 2: The Jungle Pachanga (Jazz Fly series),Jazz Fly 2: The Jungle Pachanga (Jazz Fly series),unknown,9,10.85,217.0,19,10,False,20,0.0
AHG6YEEWILZ7L,ESV New Classic Reference Bible (Black),ESV New Classic Reference Bible (Black),unknown,10,10.4,208.0,13,3,True,20,0.0
AHG6YEEWILZ7L,Traumatized -- A Patient's Story: The Painful Truth about Filing a Medical Malpractice Lawsuit,Traumatized -- A Patient's Story: The Painful Trut...,unknown,11,10.4,208.0,7,-4,False,20,0.0
AHG6YEEWILZ7L,Teaching Information & Technology Skills : The Big6 in Elementary Schools,Teaching Information & Technology Skills : The Big...,unknown,12,10.3,206.0,12,0,False,20,0.0
AHG6YEEWILZ7L,"NLT, New Spirit-Filled Life Bible, Hardcover: Kingdom Equipping Through the Power of the Word (Signature)","NLT, New Spirit-Filled Life Bible, Hardcover: King...",unknown,13,10.15,203.0,11,-2,False,20,0.0
AHG6YEEWILZ7L,Death on the Learning Curve: The Making of a Surgeon,Death on the Learning Curve: The Making of a Surge...,unknown,14,9.55,191.0,6,-8,False,20,0.0
AHG6YEEWILZ7L,Dylan Thomas Reading His Poetry: Complete & Unabridged,Dylan Thomas Reading His Poetry: Complete & Unabri...,unknown,15,9.4,188.0,9,-6,False,20,0.0
AHG6YEEWILZ7L,A Birthday to Die For,A Birthday to Die For,unknown,16,8.5,170.0,14,-2,False,20,0.0
AHG6YEEWILZ7L,REIKI and Dr. Schuessler's amazing salts: An unbeatable team?,REIKI and Dr. Schuessler's amazing salts: An unbea...,unknown,17,8.35,167.0,3,-14,False,20,0.0
AHG6YEEWILZ7L,"Range Rover 2002-2005 MY - BMW 4.4 L Petrol V8 Engines, BMW 3.0 L Diesel Engines Workshop Manual: Part no. LRL0477",Range Rover 2002-2005 MY - BMW 4.4 L Petrol V8 Eng...,unknown,18,7.2,144.0,2,-16,False,20,0.0
AHG6YEEWILZ7L,Precalculus for Christian Schools,Precalculus for Christian Schools,unknown,19,7.05,141.0,0,-19,False,20,0.0
AHG6YEEWILZ7L,Palm Decoder: Read Your Palm and Foretell Your Future,Palm Decoder: Read Your Palm and Foretell Your Fut...,unknown,20,6.65,133.0,8,-12,False,20,0.0
A198FHNK8BE0MX,Chakras: A Beginner's Guide to Healing with Your Body's Energy Centers,Chakras: A Beginner's Guide to Healing with Your B...,unknown,1,17.85,357.0,1,0,False,20,0.38685280723454163
A198FHNK8BE0MX,A Creator's Guide to Transmedia Storytelling: How to Captivate and Engage Audiences Across Multiple Platforms,A Creator's Guide to Transmedia Storytelling: How ...,unknown,2,17.6,352.0,17,15,False,20,0.38685280723454163
A198FHNK8BE0MX,Writing for Scholars: A Practical Guide to Making Sense and Being Heard,Writing for Scholars: A Practical Guide to Making ...,unknown,3,14.45,289.0,14,11,False,20,0.38685280723454163
A198FHNK8BE0MX,"Hope Endures: Leaving Mother Teresa, Losing Faith, and Searching for Meaning","Hope Endures: Leaving Mother Teresa, Losing Faith,...",unknown,4,14.4,288.0,6,2,False,20,0.38685280723454163
A198FHNK8BE0MX,Visions for the Next Millennium: Wilderness Photography - Focus on Preservation,Visions for the Next Millennium: Wilderness Photog...,unknown,5,12.05,241.0,10,5,False,20,0.38685280723454163
A198FHNK8BE0MX,"Power Training for Combat, Mma, Boxing, Wrestling, Martial Arts, and Self-Defense: How to Develop Knockout Punching Power, Kicking Power, Grappling Po","Power Training for Combat, Mma, Boxing, Wrestling,...",unknown,6,11.9,238.0,8,2,True,20,0.38685280723454163
A198FHNK8BE0MX,Portraits: 50 Postcards,Portraits: 50 Postcards,unknown,7,11.55,231.0,3,-4,False,20,0.38685280723454163
A198FHNK8BE0MX,Memoirs of Ms. P.,Memoirs of Ms. P.,unknown,8,10.85,217.0,13,5,False,20,0.38685280723454163
A198FHNK8BE0MX,True Tales of Ghostly Encounters,True Tales of Ghostly Encounters,unknown,9,10.6,212.0,4,-5,False,20,0.38685280723454163
A198FHNK8BE0MX,Illustrated Directory of Guitars,Illustrated Directory of Guitars,unknown,10,10.25,205.0,16,6,False,20,0.38685280723454163
A198FHNK8BE0MX,I Love My Daddy - a Smithsonian I Love My Book,I Love My Daddy - a Smithsonian I Love My Book,unknown,11,9.25,185.0,7,-4,False,20,0.38685280723454163
A198FHNK8BE0MX,"Patulous, The Different Caterpillar","Patulous, The Different Caterpillar",unknown,12,8.9,178.0,0,-12,False,20,0.38685280723454163
A198FHNK8BE0MX,"Business Separation Transactions: Spin-Offs, Subsidiary IPOs and Tracking Stock (Corporate Securities Series)","Business Separation Transactions: Spin-Offs, Subsi...",unknown,13,8.85,177.0,19,6,False,20,0.38685280723454163
A198FHNK8BE0MX,Fish Sunday Thinking,Fish Sunday Thinking,unknown,14,8.65,173.0,9,-5,False,20,0.38685280723454163
A198FHNK8BE0MX,The Look of Love: The Burt Bacharach Collection,The Look of Love: The Burt Bacharach Collection,unknown,15,8.1,162.0,11,-4,False,20,0.38685280723454163
A198FHNK8BE0MX,"Maroon 5 - Overexposed Piano, Vocal and Guitar Chords","Maroon 5 - Overexposed Piano, Vocal and Guitar Cho...",unknown,16,8.05,161.0,18,2,False,20,0.38685280723454163
A198FHNK8BE0MX,Bambusa Guadua / Tropical Bamboo (Spanish Edition),Bambusa Guadua / Tropical Bamboo (Spanish Edition),unknown,17,7.6,152.0,5,-12,False,20,0.38685280723454163
A198FHNK8BE0MX,Rhode Island 101: Everything You Wanted to Know About Rhode Island and Were Going to Ask Anyway (101 Book Series),Rhode Island 101: Everything You Wanted to Know Ab...,unknown,18,7.35,147.0,12,-6,False,20,0.38685280723454163
A198FHNK8BE0MX,"Mathematics Warm-Ups for CCSS, Grade 7","Mathematics Warm-Ups for CCSS, Grade 7",unknown,19,6.65,133.0,2,-17,False,20,0.38685280723454163
A198FHNK8BE0MX,Graphic Latin Grammar (Latin Edition) (Latin and English Edition),Graphic Latin Grammar (Latin Edition) (Latin and E...,unknown,20,5.1,102.0,15,-5,False,20,0.38685280723454163
A3SO2BE5D6LYP7,Like Brothers,Like Brothers,unknown,1,15.15,303.0,19,18,False,20,0.43067655807339306
A3SO2BE5D6LYP7,Layla,Layla,unknown,2,14.6,292.0,7,5,False,20,0.43067655807339306
A3SO2BE5D6LYP7,Mariachi Murder (An Andy Veracruz Mystery),Mariachi Murder (An Andy Veracruz Mystery),unknown,3,13.8,276.0,2,-1,True,20,0.43067655807339306
A3SO2BE5D6LYP7,The Education of an American Dreamer: A Memoir,The Education of an American Dreamer: A Memoir,unknown,4,13.35,267.0,6,2,False,20,0.43067655807339306
A3SO2BE5D6LYP7,Mystery at Moorsea Manor: Nancy Drew #150,Mystery at Moorsea Manor: Nancy Drew #150,unknown,5,12.7,254.0,16,11,False,20,0.43067655807339306
A3SO2BE5D6LYP7,"With Love from Spain, Melanie Martin","With Love from Spain, Melanie Martin",unknown,6,11.1,222.0,18,12,False,20,0.43067655807339306
A3SO2BE5D6LYP7,36 Children,36 Children,unknown,7,10.95,219.0,17,10,False,20,0.43067655807339306
A3SO2BE5D6LYP7,"With a Tangled Skein (Incarnations of Immortality, Book 3)","With a Tangled Skein (Incarnations of Immortality,...",unknown,8,10.9,218.0,5,-3,False,20,0.43067655807339306
A3SO2BE5D6LYP7,Hail Orisha!: A Phenomenology of a West African Religion in the Mid-Nineteenth Century (STUDIES OF RELIGION IN AFRICA),Hail Orisha!: A Phenomenology of a West African Re...,unknown,9,10.3,206.0,9,0,False,20,0.43067655807339306
A3SO2BE5D6LYP7,"The Beauty of Horses - Horse Lover's Library, Vol. 1 (Screen-A-Day-Calendar)","The Beauty of Horses - Horse Lover's Library, Vol....",unknown,10,10.2,204.0,0,-10,False,20,0.43067655807339306
A3SO2BE5D6LYP7,The Further Adventures of Sherlock Holmes: Seance for a Vampire,The Further Adventures of Sherlock Holmes: Seance ...,unknown,11,10.15,203.0,1,-10,False,20,0.43067655807339306
A3SO2BE5D6LYP7,University of Vermont (VT) (Campus History),University of Vermont (VT) (Campus History),unknown,12,10.1,202.0,10,-2,False,20,0.43067655807339306
A3SO2BE5D6LYP7,The Spirit of a Swordsman: A Dialog on the Samurai Arts with Shihan Dana Abbott (Voices of the Masters),The Spirit of a Swordsman: A Dialog on the Samurai...,unknown,13,10.1,202.0,14,1,False,20,0.43067655807339306
A3SO2BE5D6LYP7,Naughty Ladies of the Pearly Gates,Naughty Ladies of the Pearly Gates,unknown,14,8.7,174.0,4,-10,False,20,0.43067655807339306
A3SO2BE5D6LYP7,"Japanese craft book "" Irish Crochet Lace""#7104","Japanese craft book "" Irish Crochet Lace""#7104",unknown,15,8.6,172.0,12,-3,False,20,0.43067655807339306
A3SO2BE5D6LYP7,"From Drought to Drought, An Archaeological Record of Life Patterns as Developed by the Gallina Indians of North Central New Mexico, 1050 to 1300, A.D.","From Drought to Drought, An Archaeological Record ...",unknown,16,8.55,171.0,13,-3,False,20,0.43067655807339306
A3SO2BE5D6LYP7,1811 Dictionary of the Vulgar Tongue (Large Print Edition),1811 Dictionary of the Vulgar Tongue (Large Print ...,unknown,17,8.3,166.0,8,-9,False,20,0.43067655807339306
A3SO2BE5D6LYP7,Gone to an Aunt's: Remembering Canada's Homes for Unwed Mothers,Gone to an Aunt's: Remembering Canada's Homes for ...,unknown,18,7.95,159.0,15,-3,False,20,0.43067655807339306
A3SO2BE5D6LYP7,For Everyone Bible Study Guides: Philippians,For Everyone Bible Study Guides: Philippians,unknown,19,7.4,148.0,3,-16,False,20,0.43067655807339306
A3SO2BE5D6LYP7,Opuestos: Un Libro De Señas Para Los Bebes (Spanish Edition),Opuestos: Un Libro De Señas Para Los Bebes (Spanis...,unknown,20,7.1,142.0,11,-9,False,20,0.43067655807339306
AGE0YGLF7L2ZL,Wedding Photography: A Professional Guide,Wedding Photography: A Professional Guide,unknown,1,17.65,353.0,1,0,False,20,0.0
AGE0YGLF7L2ZL,A Passion for Ice Cream: 95 Recipes for Fabulous Desserts,A Passion for Ice Cream: 95 Recipes for Fabulous D...,unknown,2,15.15,303.0,0,-2,False,20,0.0
AGE0YGLF7L2ZL,Buonissimo!: Easy Modern Recipes for Traditional Italian Cooking,Buonissimo!: Easy Modern Recipes for Traditional I...,unknown,3,15.0,300.0,11,8,False,20,0.0
AGE0YGLF7L2ZL,"Why Me, Why This, Why Now: A Guide to Answering Life's Toughest Questions","Why Me, Why This, Why Now: A Guide to Answering Li...",unknown,4,13.65,273.0,17,13,False,20,0.0
AGE0YGLF7L2ZL,Jewish Slow Cooker Recipes,Jewish Slow Cooker Recipes,unknown,5,13.25,265.0,4,-1,False,20,0.0
AGE0YGLF7L2ZL,Epic Food Fight: A Bite-Sized History of Salvation,Epic Food Fight: A Bite-Sized History of Salvation,unknown,6,10.65,213.0,14,8,False,20,0.0
AGE0YGLF7L2ZL,Know Your Rodent,Know Your Rodent,unknown,7,10.45,209.0,18,11,False,20,0.0
AGE0YGLF7L2ZL,Voyage to the Island,Voyage to the Island,unknown,8,10.15,203.0,12,4,False,20,0.0
AGE0YGLF7L2ZL,"Guide to Equine Clinics: Vol 1, Equine Medicine","Guide to Equine Clinics: Vol 1, Equine Medicine",unknown,9,9.7,194.0,16,7,False,20,0.0
AGE0YGLF7L2ZL,Senor Felipe's Alphabet Adventure: El Alfabeto Espanol,Senor Felipe's Alphabet Adventure: El Alfabeto Esp...,unknown,10,9.55,191.0,6,-4,False,20,0.0
AGE0YGLF7L2ZL,Ten Billion Days and One Hundred Billion Nights,Ten Billion Days and One Hundred Billion Nights,unknown,11,9.5,190.0,19,8,False,20,0.0
AGE0YGLF7L2ZL,"Gnostic Apostle Thomas: ""Twin"" of Jesus","Gnostic Apostle Thomas: ""Twin"" of Jesus",unknown,12,9.25,185.0,3,-9,False,20,0.0
AGE0YGLF7L2ZL,Grandma Stinks!,Grandma Stinks!,unknown,13,9.2,184.0,7,-6,True,20,0.0
AGE0YGLF7L2ZL,The Golden Moon Of Alantriock,The Golden Moon Of Alantriock,unknown,14,9.1,182.0,15,1,False,20,0.0
AGE0YGLF7L2ZL,Heavyweight Champion of Nothing,Heavyweight Champion of Nothing,unknown,15,8.6,172.0,9,-6,False,20,0.0
AGE0YGLF7L2ZL,Memories: A Husband to RememberNew Year's Daddy (Harlequin HQN),Memories: A Husband to RememberNew Year's Daddy (H...,unknown,16,8.25,165.0,10,-6,False,20,0.0
AGE0YGLF7L2ZL,Top Down Policymaking,Top Down Policymaking,unknown,17,8.2,164.0,5,-12,False,20,0.0
AGE0YGLF7L2ZL,North America Large Print Road Atlas (2013),North America Large Print Road Atlas (2013),unknown,18,7.9,158.0,2,-16,False,20,0.0
AGE0YGLF7L2ZL,Guide for the Jewish Homemaker,Guide for the Jewish Homemaker,unknown,19,7.8,156.0,8,-11,False,20,0.0
AGE0YGLF7L2ZL,The New Puppy (Turtleback School & Library Binding Edition),The New Puppy (Turtleback School & Library Binding...,unknown,20,7.0,140.0,13,-7,False,20,0.0
ASQB9U8ST91KN,Read Real Japanese: All You Need to Enjoy Eight Contemporary Writers,Read Real Japanese: All You Need to Enjoy Eight Co...,unknown,1,15.45,309.0,7,6,True,20,1.0
ASQB9U8ST91KN,"Facilities Planning for Health, Fitness, Physical Activity, Recreation and Sports: Concepts and Applications","Facilities Planning for Health, Fitness, Physical ...",unknown,2,13.65,273.0,2,0,False,20,1.0
ASQB9U8ST91KN,A Visit to Vanity Fair: Moral Essays on the Present Age,A Visit to Vanity Fair: Moral Essays on the Presen...,unknown,3,13.3,266.0,5,2,False,20,1.0
ASQB9U8ST91KN,Ethics in Sport - 2nd Edition,Ethics in Sport - 2nd Edition,unknown,4,12.5,250.0,4,0,False,20,1.0
ASQB9U8ST91KN,Another Day in Lincoln's Army: The Civil War Journals of Sgt. John T. Booth,Another Day in Lincoln's Army: The Civil War Journ...,unknown,5,11.8,236.0,15,10,False,20,1.0
ASQB9U8ST91KN,"The Good Food Soups, Stews, and Pastas","The Good Food Soups, Stews, and Pastas",unknown,6,11.35,227.0,12,6,False,20,1.0
ASQB9U8ST91KN,"After You, Marco Polo","After You, Marco Polo",unknown,7,10.85,217.0,18,11,False,20,1.0
ASQB9U8ST91KN,Little Miss HISTORY Travels to The Statue of Liberty,Little Miss HISTORY Travels to The Statue of Liber...,unknown,8,10.65,213.0,11,3,False,20,1.0
ASQB9U8ST91KN,More Than a Hero: Muhammad Ali's Life Lessons Presented Through His Daughter's Eyes,More Than a Hero: Muhammad Ali's Life Lessons Pres...,unknown,9,10.5,210.0,0,-9,False,20,1.0
ASQB9U8ST91KN,Behold the Sign,Behold the Sign,unknown,10,10.3,206.0,1,-9,False,20,1.0
ASQB9U8ST91KN,"Origins and Evolution of Life: An Astrobiological Perspective (Cambridge Astrobiology, Series Number 6)",Origins and Evolution of Life: An Astrobiological ...,unknown,11,10.2,204.0,10,-1,False,20,1.0
ASQB9U8ST91KN,A Shaman's Journey Revealed Through Poetry,A Shaman's Journey Revealed Through Poetry,unknown,12,10.05,201.0,14,2,False,20,1.0
ASQB9U8ST91KN,Humic Substances: Nature's Most Versatile Materials,Humic Substances: Nature's Most Versatile Material...,unknown,13,10.0,200.0,3,-10,False,20,1.0
ASQB9U8ST91KN,It's Always Last Summer,It's Always Last Summer,unknown,14,9.85,197.0,13,-1,False,20,1.0
ASQB9U8ST91KN,"Industry, Society, and Change: A Casebook (MCGRAW HILL SERIES IN MANAGEMENT)","Industry, Society, and Change: A Casebook (MCGRAW ...",unknown,15,9.65,193.0,16,1,False,20,1.0
ASQB9U8ST91KN,California Serendipity - The Thousand Mile Summer Revisited,California Serendipity - The Thousand Mile Summer ...,unknown,16,8.7,174.0,8,-8,False,20,1.0
ASQB9U8ST91KN,Professional Microsoft SharePoint 2007 Workflow Programming,Professional Microsoft SharePoint 2007 Workflow Pr...,unknown,17,8.7,174.0,6,-11,False,20,1.0
ASQB9U8ST91KN,"The Farwell Collection: Monographs On Archaeology And Fine Arts, V6",The Farwell Collection: Monographs On Archaeology ...,unknown,18,7.9,158.0,19,1,False,20,1.0
ASQB9U8ST91KN,Cantar de Mio Cid (Spanish Edition),Cantar de Mio Cid (Spanish Edition),unknown,19,7.5,150.0,9,-10,False,20,1.0
ASQB9U8ST91KN,The Original Daredevil Archives Volume 1: Daredevil Battles Hitler (Original Dardevil Archives),The Original Daredevil Archives Volume 1: Daredevi...,unknown,20,7.1,142.0,17,-3,False,20,1.0
A3QQLPR8R87ONM,Food Politics: How the Food Industry Influences Nutrition and Health (Volume 3) (California Studies in Food and Culture),Food Politics: How the Food Industry Influences Nu...,unknown,1,16.95,339.0,3,2,False,20,0.6309297535714575
A3QQLPR8R87ONM,Stress Test: Reflections on Financial Crises,Stress Test: Reflections on Financial Crises,unknown,2,14.65,293.0,16,14,True,20,0.6309297535714575
A3QQLPR8R87ONM,The Day the Universe Changed: How Galileo's Telescope Changed The Truth and Other Events in History That Dramatically Altered Our Understanding of the World,The Day the Universe Changed: How Galileo's Telesc...,unknown,3,14.6,292.0,7,4,False,20,0.6309297535714575
A3QQLPR8R87ONM,"Performance without Pain: A Step-by-Step Nutritional Program for Healing Pain, Inflammation and Chronic Ailments in Musicians, Athletes, Dancers. . . and Everyone Else",Performance without Pain: A Step-by-Step Nutrition...,unknown,4,13.3,266.0,2,-2,False,20,0.6309297535714575
A3QQLPR8R87ONM,Corporations (CrunchTime),Corporations (CrunchTime),unknown,5,12.15,243.0,19,14,False,20,0.6309297535714575
A3QQLPR8R87ONM,"Mike Meyers’ CompTIA Network+ Guide to Managing and Troubleshooting Networks, 3rd Edition (Exam N10-005) (CompTIA Authorized)",Mike Meyers’ CompTIA Network+ Guide to Managing an...,unknown,6,12.1,242.0,6,0,False,20,0.6309297535714575
A3QQLPR8R87ONM,Techniques in Home Winemaking: The Comprehensive Guide to Making Château-Style Wines,Techniques in Home Winemaking: The Comprehensive G...,unknown,7,11.55,231.0,5,-2,False,20,0.6309297535714575
A3QQLPR8R87ONM,Mussolini: The Rise and Fall of Il Duce,Mussolini: The Rise and Fall of Il Duce,unknown,8,11.35,227.0,8,0,False,20,0.6309297535714575
A3QQLPR8R87ONM,Singapore (Step by Step),Singapore (Step by Step),unknown,9,10.6,212.0,10,1,False,20,0.6309297535714575
A3QQLPR8R87ONM,A Handbook of Anglo-Saxon Food: Processing and Consumption,A Handbook of Anglo-Saxon Food: Processing and Con...,unknown,10,10.6,212.0,11,1,False,20,0.6309297535714575
A3QQLPR8R87ONM,Complex Variables (Dover Books on Mathematics),Complex Variables (Dover Books on Mathematics),unknown,11,10.45,209.0,13,2,False,20,0.6309297535714575
A3QQLPR8R87ONM,Pirates: Most Wanted,Pirates: Most Wanted,unknown,12,9.75,195.0,12,0,False,20,0.6309297535714575
A3QQLPR8R87ONM,"The Contest Problem Book VII: American Mathematics Competitions, 1995-2000 Contests",The Contest Problem Book VII: American Mathematics...,unknown,13,9.7,194.0,18,5,False,20,0.6309297535714575
A3QQLPR8R87ONM,Katherine Mansfield's Fiction,Katherine Mansfield's Fiction,unknown,14,9.7,194.0,17,3,False,20,0.6309297535714575
A3QQLPR8R87ONM,Wilton Manors:: From Farming Community to Urban Village (Brief History),Wilton Manors:: From Farming Community to Urban Vi...,unknown,15,9.0,180.0,0,-15,False,20,0.6309297535714575
A3QQLPR8R87ONM,The Charismatics,The Charismatics,unknown,16,8.3,166.0,14,-2,False,20,0.6309297535714575
A3QQLPR8R87ONM,Surrendering to the Alpha (Ashwood Falls),Surrendering to the Alpha (Ashwood Falls),unknown,17,7.35,147.0,4,-13,False,20,0.6309297535714575
A3QQLPR8R87ONM,MSG is Everywhere,MSG is Everywhere,unknown,18,6.85,137.0,9,-9,False,20,0.6309297535714575
A3QQLPR8R87ONM,Bob the Builder Magnet Book (Magnet Books),Bob the Builder Magnet Book (Magnet Books),unknown,19,5.65,113.0,15,-4,False,20,0.6309297535714575
A3QQLPR8R87ONM,For The Twins: Single with Twins / Did You Say Twins?! (Silhouette Spotlight S.),For The Twins: Single with Twins / Did You Say Twi...,unknown,20,5.4,108.0,1,-19,False,20,0.6309297535714575
A2Z460U0GFHMC3,"Operation Kronstadt: The True Story of Honor, Espionage, and the Rescue of Britain's Greatest Spy, the Man with a Hundred Faces","Operation Kronstadt: The True Story of Honor, Espi...",unknown,1,17.5,350.0,13,12,False,20,0.0
A2Z460U0GFHMC3,"33 Days: Touring In A Van, Sleeping On Floors, Chasing A Dream","33 Days: Touring In A Van, Sleeping On Floors, Cha...",unknown,2,15.05,301.0,10,8,False,20,0.0
A2Z460U0GFHMC3,Voices of Dragons,Voices of Dragons,unknown,3,14.0,280.0,12,9,False,20,0.0
A2Z460U0GFHMC3,The Aftermath of French Defeat in Vietnam (Aftermath of History),The Aftermath of French Defeat in Vietnam (Afterma...,unknown,4,13.05,261.0,19,15,False,20,0.0
A2Z460U0GFHMC3,Productivity in Public and Non Profit Organizations: Strategies and Techniques,Productivity in Public and Non Profit Organization...,unknown,5,12.05,241.0,0,-5,False,20,0.0
A2Z460U0GFHMC3,The Vegetarian Mother's Cookbook: Whole Foods To Nourish Pregnant And Breastfeeding Women - And Their Families,The Vegetarian Mother's Cookbook: Whole Foods To N...,unknown,6,11.75,235.0,17,11,False,20,0.0
A2Z460U0GFHMC3,Reaper's Vow (The Shadow Reapers),Reaper's Vow (The Shadow Reapers),unknown,7,11.5,230.0,16,9,False,20,0.0
A2Z460U0GFHMC3,Chinese Healing Secrets: Time Tested Ways to Help Your Body Heal Itself,Chinese Healing Secrets: Time Tested Ways to Help ...,unknown,8,11.25,225.0,5,-3,False,20,0.0
A2Z460U0GFHMC3,The Standard Bartender's Guide,The Standard Bartender's Guide,unknown,9,10.6,212.0,4,-5,False,20,0.0
A2Z460U0GFHMC3,Two-Man Air Force: Don Gentile and John Godfrey: World War II Flying Legends,Two-Man Air Force: Don Gentile and John Godfrey: W...,unknown,10,10.55,211.0,18,8,False,20,0.0
A2Z460U0GFHMC3,After Goya,After Goya,unknown,11,10.35,207.0,15,4,True,20,0.0
A2Z460U0GFHMC3,Sacred and Profane,Sacred and Profane,unknown,12,10.1,202.0,11,-1,False,20,0.0
A2Z460U0GFHMC3,So Big Yet So Small,So Big Yet So Small,unknown,13,9.45,189.0,6,-7,False,20,0.0
A2Z460U0GFHMC3,Time Out Amsterdam 6,Time Out Amsterdam 6,unknown,14,9.35,187.0,2,-12,False,20,0.0
A2Z460U0GFHMC3,Fright Time: 7 Haunting Halloween Pieces,Fright Time: 7 Haunting Halloween Pieces,unknown,15,9.1,182.0,7,-8,False,20,0.0
A2Z460U0GFHMC3,Savannah Skies Return to Tybee Island,Savannah Skies Return to Tybee Island,unknown,16,8.8,176.0,3,-13,False,20,0.0
A2Z460U0GFHMC3,Carlos Kleiber - der skrupulöse Exzentriker,Carlos Kleiber - der skrupulöse Exzentriker,unknown,17,8.4,168.0,1,-16,False,20,0.0
A2Z460U0GFHMC3,Tiptoe Joe,Tiptoe Joe,unknown,18,7.85,157.0,9,-9,False,20,0.0
A2Z460U0GFHMC3,Panhead Service Manual 1948-1957 Rigid,Panhead Service Manual 1948-1957 Rigid,unknown,19,5.2,104.0,8,-11,False,20,0.0
A2Z460U0GFHMC3,Ingles Para La Vida Diaria (Spanish Edition),Ingles Para La Vida Diaria (Spanish Edition),unknown,20,4.1,82.0,14,-6,False,20,0.0
A2WVT01MSTN1C,The Bend of the World: A Novel,The Bend of the World: A Novel,unknown,1,15.25,305.0,17,16,False,20,1.0
A2WVT01MSTN1C,Hot-Blooded: An Ohana Novel,Hot-Blooded: An Ohana Novel,unknown,2,14.7,294.0,12,10,True,20,1.0
A2WVT01MSTN1C,Forensic Speak: How to Write Realistic Crime Dramas,Forensic Speak: How to Write Realistic Crime Drama...,unknown,3,14.05,281.0,8,5,False,20,1.0
A2WVT01MSTN1C,America's Galactic Foreign Legion: Book 1: Feeling Lucky,America's Galactic Foreign Legion: Book 1: Feeling...,unknown,4,12.8,256.0,1,-3,False,20,1.0
A2WVT01MSTN1C,"The notes & commonplace book employed by the late H.P. Lovecraft: Including his suggestions for story-writing, analyses of the weird story, and a list ... & c., designed to stimulate the imagination",The notes & commonplace book employed by the late ...,unknown,5,12.1,242.0,9,4,False,20,1.0
A2WVT01MSTN1C,Ozark Trout Tales : A Fishing Guide for the White River System,Ozark Trout Tales : A Fishing Guide for the White ...,unknown,6,11.75,235.0,6,0,False,20,1.0
A2WVT01MSTN1C,Fasting As a Way of Life,Fasting As a Way of Life,unknown,7,11.55,231.0,0,-7,False,20,1.0
A2WVT01MSTN1C,"The Perils of Love (Left Behind: The Kids, No. 38)","The Perils of Love (Left Behind: The Kids, No. 38)",unknown,8,10.65,213.0,5,-3,False,20,1.0
A2WVT01MSTN1C,Drive Yourself Sane: Using the Uncommon Sense of General Semantics. Third Edition.,Drive Yourself Sane: Using the Uncommon Sense of G...,unknown,9,10.15,203.0,2,-7,False,20,1.0
A2WVT01MSTN1C,Cost Accounting: Foundations and Evolutions,Cost Accounting: Foundations and Evolutions,unknown,10,10.05,201.0,18,8,False,20,1.0
A2WVT01MSTN1C,The Language Pattern Bible: Indirect Hypnotherapy Patterns of Influence,The Language Pattern Bible: Indirect Hypnotherapy ...,unknown,11,10.0,200.0,11,0,False,20,1.0
A2WVT01MSTN1C,"The Clinician's Handbook of Natural Medicine, 2 Edition","The Clinician's Handbook of Natural Medicine, 2 Ed...",unknown,12,9.9,198.0,15,3,False,20,1.0
A2WVT01MSTN1C,"Bees and Honey, from Flower to Jar","Bees and Honey, from Flower to Jar",unknown,13,9.65,193.0,7,-6,False,20,1.0
A2WVT01MSTN1C,The I Love Lucy Cookbook (Hollywood Hotplates),The I Love Lucy Cookbook (Hollywood Hotplates),unknown,14,9.35,187.0,13,-1,False,20,1.0
A2WVT01MSTN1C,Seminole Fan Fare: Our Winnin' Recipes,Seminole Fan Fare: Our Winnin' Recipes,unknown,15,8.95,179.0,14,-1,False,20,1.0
A2WVT01MSTN1C,Consumer Mathematics student workbook,Consumer Mathematics student workbook,unknown,16,8.7,174.0,10,-6,False,20,1.0
A2WVT01MSTN1C,The Three Bully Goats,The Three Bully Goats,unknown,17,8.1,162.0,19,2,False,20,1.0
A2WVT01MSTN1C,Revelation Pure and Simple,Revelation Pure and Simple,unknown,18,7.9,158.0,3,-15,False,20,1.0
A2WVT01MSTN1C,Last's Anatomy: Regional and Applied,Last's Anatomy: Regional and Applied,unknown,19,7.5,150.0,16,-3,False,20,1.0
A2WVT01MSTN1C,"Solve Story Problems Using Pictures, Grade K","Solve Story Problems Using Pictures, Grade K",unknown,20,6.9,138.0,4,-16,False,20,1.0
A2J1D84ZDLFP72,Desert Burial: A Novel,Desert Burial: A Novel,unknown,1,15.35,307.0,6,5,False,20,0.0
A2J1D84ZDLFP72,Inside Access: Sharks,Inside Access: Sharks,unknown,2,13.65,273.0,12,10,False,20,0.0
A2J1D84ZDLFP72,Harvest Time,Harvest Time,unknown,3,13.15,263.0,10,7,False,20,0.0
A2J1D84ZDLFP72,The Chatroom: A Portal to Deceit and Murder,The Chatroom: A Portal to Deceit and Murder,unknown,4,12.75,255.0,19,15,False,20,0.0
A2J1D84ZDLFP72,To Teach: The Journey of a Teacher,To Teach: The Journey of a Teacher,unknown,5,12.7,254.0,2,-3,False,20,0.0
A2J1D84ZDLFP72,Paper Cut,Paper Cut,unknown,6,12.35,247.0,18,12,False,20,0.0
A2J1D84ZDLFP72,Tea at Fortnum & Mason,Tea at Fortnum & Mason,unknown,7,11.8,236.0,7,0,False,20,0.0
A2J1D84ZDLFP72,"Be It Ever So Humble: A dialogue at the threshold of Family, Ancestors, Culture and Home",Be It Ever So Humble: A dialogue at the threshold ...,unknown,8,11.4,228.0,15,7,False,20,0.0
A2J1D84ZDLFP72,"Genesis, Zen and Quantum Physics - A Fresh Look at the Theology and Science of Creation","Genesis, Zen and Quantum Physics - A Fresh Look at...",unknown,9,11.1,222.0,8,-1,False,20,0.0
A2J1D84ZDLFP72,Pippa Passes,Pippa Passes,unknown,10,10.45,209.0,16,6,False,20,0.0
A2J1D84ZDLFP72,Rodgers & Hammerstein's Cinderella,Rodgers & Hammerstein's Cinderella,unknown,11,10.25,205.0,9,-2,False,20,0.0
A2J1D84ZDLFP72,Escape from Memory,Escape from Memory,unknown,12,10.25,205.0,13,1,False,20,0.0
A2J1D84ZDLFP72,Kosher Sutra,Kosher Sutra,unknown,13,9.9,198.0,14,1,False,20,0.0
A2J1D84ZDLFP72,"Cuba Primitiva. Origen, Lenguas, Tradiciones e Historia de los Indios de las Antillas Mayores y las Lucayas","Cuba Primitiva. Origen, Lenguas, Tradiciones e His...",unknown,14,9.15,183.0,5,-9,False,20,0.0
A2J1D84ZDLFP72,The Final Quest,The Final Quest,unknown,15,8.85,177.0,0,-15,True,20,0.0
A2J1D84ZDLFP72,The Men in Blue: Conversations with Umpires,The Men in Blue: Conversations with Umpires,unknown,16,7.85,157.0,4,-12,False,20,0.0
A2J1D84ZDLFP72,I Shop With My Daddy (level 1) (Hello Reader),I Shop With My Daddy (level 1) (Hello Reader),unknown,17,7.6,152.0,1,-16,False,20,0.0
A2J1D84ZDLFP72,Advanced Fighting Fantasy RPG,Advanced Fighting Fantasy RPG,unknown,18,7.6,152.0,17,-1,False,20,0.0
A2J1D84ZDLFP72,Laws of the State of Utah (Classic Reprint),Laws of the State of Utah (Classic Reprint),unknown,19,7.0,140.0,11,-8,False,20,0.0
A2J1D84ZDLFP72,Train Shed Cyclopedia No. 23: Steam Locomotives & Tenders from the 1938 Locomotive Cyclopedia (Part 2),Train Shed Cyclopedia No. 23: Steam Locomotives & ...,unknown,20,6.85,137.0,3,-17,False,20,0.0
A1MZ2HEQ8OD974,Warrior Soul: The Memoir of a Navy Seal,Warrior Soul: The Memoir of a Navy Seal,unknown,1,17.85,357.0,6,5,False,20,0.6309297535714575
A1MZ2HEQ8OD974,Last Op: Navy SEAL Grant Stevens - Black Ops 5,Last Op: Navy SEAL Grant Stevens - Black Ops 5,unknown,2,17.65,353.0,4,2,True,20,0.6309297535714575
A1MZ2HEQ8OD974,More AbraVocabara: The Amazingly Sensible Approach to Teaching Vocabulary (Abravocabra),More AbraVocabara: The Amazingly Sensible Approach...,unknown,3,12.45,249.0,0,-3,False,20,0.6309297535714575
A1MZ2HEQ8OD974,Relative Strangers: Short Stories,Relative Strangers: Short Stories,unknown,4,12.2,244.0,8,4,False,20,0.6309297535714575
A1MZ2HEQ8OD974,Trumpet on the wing,Trumpet on the wing,unknown,5,11.55,231.0,17,12,False,20,0.6309297535714575
A1MZ2HEQ8OD974,The Polish Officer: A Novel,The Polish Officer: A Novel,unknown,6,11.3,226.0,7,1,False,20,0.6309297535714575
A1MZ2HEQ8OD974,Requiem At Dawn,Requiem At Dawn,unknown,7,10.85,217.0,5,-2,False,20,0.6309297535714575
A1MZ2HEQ8OD974,The Wrong Season,The Wrong Season,unknown,8,10.6,212.0,2,-6,False,20,0.6309297535714575
A1MZ2HEQ8OD974,"The Green Gardener: Working with Nature, Not Against It","The Green Gardener: Working with Nature, Not Again...",unknown,9,10.4,208.0,1,-8,False,20,0.6309297535714575
A1MZ2HEQ8OD974,Florida Lawn Guide: Attaining and Maintaining the Lawn You Want (Guide to Midwest and Southern Lawns),Florida Lawn Guide: Attaining and Maintaining the ...,unknown,10,9.9,198.0,9,-1,False,20,0.6309297535714575
A1MZ2HEQ8OD974,Safe in His Embrace (Kimani Romance),Safe in His Embrace (Kimani Romance),unknown,11,9.65,193.0,11,0,False,20,0.6309297535714575
A1MZ2HEQ8OD974,Zanzibar and his Zany Crew of Sentence Constructors,Zanzibar and his Zany Crew of Sentence Constructor...,unknown,12,9.5,190.0,19,7,False,20,0.6309297535714575
A1MZ2HEQ8OD974,Arena: Revenge (Part Four of the Roman Arena Series),Arena: Revenge (Part Four of the Roman Arena Serie...,unknown,13,9.5,190.0,18,5,False,20,0.6309297535714575
A1MZ2HEQ8OD974,"Casualties of Credit: The English Financial Revolution, 1620–1720",Casualties of Credit: The English Financial Revolu...,unknown,14,9.0,180.0,3,-11,False,20,0.6309297535714575
A1MZ2HEQ8OD974,SAT Math Prep 800: Challenge Yourself to a Perfect Score,SAT Math Prep 800: Challenge Yourself to a Perfect...,unknown,15,8.85,177.0,10,-5,False,20,0.6309297535714575
A1MZ2HEQ8OD974,Mobile Notary Public Business,Mobile Notary Public Business,unknown,16,8.35,167.0,14,-2,False,20,0.6309297535714575
A1MZ2HEQ8OD974,Advanced Lip Flexibilities for Trumpet (Complete Volumes 1-3),Advanced Lip Flexibilities for Trumpet (Complete V...,unknown,17,8.3,166.0,15,-2,False,20,0.6309297535714575
A1MZ2HEQ8OD974,Beautiful People with Beautiful Feelings,Beautiful People with Beautiful Feelings,unknown,18,8.2,164.0,12,-6,False,20,0.6309297535714575
A1MZ2HEQ8OD974,The Proof of The Apostolic Preaching,The Proof of The Apostolic Preaching,unknown,19,6.95,139.0,16,-3,False,20,0.6309297535714575
A1MZ2HEQ8OD974,Banking on the Future: The Fall and Rise of Central Banking,Banking on the Future: The Fall and Rise of Centra...,unknown,20,6.95,139.0,13,-7,False,20,0.6309297535714575
A2OSLYR8HVIK4V,Amazing But True Golf Facts,Amazing But True Golf Facts,unknown,1,13.4,268.0,15,14,False,20,0.0
A2OSLYR8HVIK4V,The Book Store Rule (Urban Books),The Book Store Rule (Urban Books),unknown,2,12.95,259.0,4,2,False,20,0.0
A2OSLYR8HVIK4V,"The Beach Book: Eleuthera, Bahamas Edition","The Beach Book: Eleuthera, Bahamas Edition",unknown,3,12.1,242.0,9,6,False,20,0.0
A2OSLYR8HVIK4V,The Israeli Air Force story: The struggle for Middle East aircraft supremacy since 1948,The Israeli Air Force story: The struggle for Midd...,unknown,4,12.0,240.0,13,9,False,20,0.0
A2OSLYR8HVIK4V,Regret: A Possession Story,Regret: A Possession Story,unknown,5,11.95,239.0,2,-3,False,20,0.0
A2OSLYR8HVIK4V,Bloom's How to Write about F. Scott Fitzgerald (Bloom's How to Write about Literature),Bloom's How to Write about F. Scott Fitzgerald (Bl...,unknown,6,11.45,229.0,3,-3,False,20,0.0
A2OSLYR8HVIK4V,Abadeha: The Philippine Cinderella,Abadeha: The Philippine Cinderella,unknown,7,11.3,226.0,11,4,False,20,0.0
A2OSLYR8HVIK4V,"Ugly Duckling's Love Revolution, Vol. 3 (Ugly Duckling's Love Revolution, 3)","Ugly Duckling's Love Revolution, Vol. 3 (Ugly Duck...",unknown,8,11.1,222.0,17,9,False,20,0.0
A2OSLYR8HVIK4V,"Vengeance in Old San Antonio: The Ruthless Killings of Ben Thompson and John King Fisher, a Novel",Vengeance in Old San Antonio: The Ruthless Killing...,unknown,9,10.95,219.0,1,-8,False,20,0.0
A2OSLYR8HVIK4V,New Beginnings Carpe Diem,New Beginnings Carpe Diem,unknown,10,10.65,213.0,7,-3,False,20,0.0
A2OSLYR8HVIK4V,Effective Adult Learning,Effective Adult Learning,unknown,11,10.65,213.0,8,-3,False,20,0.0
A2OSLYR8HVIK4V,Cem Dias Entre Ceu E Mar,Cem Dias Entre Ceu E Mar,unknown,12,10.55,211.0,12,0,False,20,0.0
A2OSLYR8HVIK4V,The Big Smoke,The Big Smoke,unknown,13,10.2,204.0,16,3,False,20,0.0
A2OSLYR8HVIK4V,All About Turkeys,All About Turkeys,unknown,14,9.65,193.0,19,5,False,20,0.0
A2OSLYR8HVIK4V,FBI Ghosts: Church of the Fallen: Church of the Fallen,FBI Ghosts: Church of the Fallen: Church of the Fa...,unknown,15,9.6,192.0,14,-1,False,20,0.0
A2OSLYR8HVIK4V,Anticancer : Prévenir et lutter grâce à nos défenses naturelles,Anticancer : Prévenir et lutter grâce à nos défens...,unknown,16,9.5,190.0,6,-10,False,20,0.0
A2OSLYR8HVIK4V,Filosofia Del Futbol,Filosofia Del Futbol,unknown,17,9.3,186.0,5,-12,False,20,0.0
A2OSLYR8HVIK4V,A Redlight Woman Who Knows How to Sing the Blues: My Life in White Institutions,A Redlight Woman Who Knows How to Sing the Blues: ...,unknown,18,8.7,174.0,10,-8,False,20,0.0
A2OSLYR8HVIK4V,Shredded: Death by Publishing,Shredded: Death by Publishing,unknown,19,7.75,155.0,0,-19,False,20,0.0
A2OSLYR8HVIK4V,Bi-Curious Volume 2,Bi-Curious Volume 2,unknown,20,6.25,125.0,18,-2,True,20,0.0
A185NJ3ERSKDZB,Schaum's Outline of Physics for Engineering and Science: 788 Solved Problems + 25 Videos (Schaum's Outlines),Schaum's Outline of Physics for Engineering and Sc...,unknown,1,14.45,289.0,16,15,False,20,0.38685280723454163
A185NJ3ERSKDZB,Going Paleo on a Budget: 21 Days to Primal Living Without Breaking the Bank,Going Paleo on a Budget: 21 Days to Primal Living ...,unknown,2,14.45,289.0,14,12,False,20,0.38685280723454163
A185NJ3ERSKDZB,"The Ring of McAllister: A Score-Raising Mystery Featuring 1,000 Must-Know SAT Vocabulary Words",The Ring of McAllister: A Score-Raising Mystery Fe...,unknown,3,13.8,276.0,7,4,False,20,0.38685280723454163
A185NJ3ERSKDZB,Intimate Connections: The New and Clinically Tested Program for Overcoming Loneliness Developed at the Presbyterian-University of Pennsylvania Medica,Intimate Connections: The New and Clinically Teste...,unknown,4,13.75,275.0,1,-3,False,20,0.38685280723454163
A185NJ3ERSKDZB,Driven,Driven,unknown,5,12.85,257.0,11,6,True,20,0.38685280723454163
A185NJ3ERSKDZB,Feminist Theories for Dramatic Criticism,Feminist Theories for Dramatic Criticism,unknown,6,12.3,246.0,6,0,False,20,0.38685280723454163
A185NJ3ERSKDZB,The Strategic Grant-seeker: A Guide To Conceptualizing Fundable Research in the Brain and Behavioral Sciences,The Strategic Grant-seeker: A Guide To Conceptuali...,unknown,7,11.3,226.0,4,-3,False,20,0.38685280723454163
A185NJ3ERSKDZB,I See Only Your Perfection: Turning Away from Ego,I See Only Your Perfection: Turning Away from Ego,unknown,8,10.65,213.0,9,1,False,20,0.38685280723454163
A185NJ3ERSKDZB,"Autumn of the Moguls: My Misadventures With the Titans, Poseurs, and Money Guys Who Mastered and Messed Up Big Media",Autumn of the Moguls: My Misadventures With the Ti...,unknown,9,10.55,211.0,3,-6,False,20,0.38685280723454163
A185NJ3ERSKDZB,Penguin Post,Penguin Post,unknown,10,10.25,205.0,17,7,False,20,0.38685280723454163
A185NJ3ERSKDZB,Altered State of Being: A True Story Based on an Earth Bound Spirit,Altered State of Being: A True Story Based on an E...,unknown,11,10.25,205.0,10,-1,False,20,0.38685280723454163
A185NJ3ERSKDZB,"Later, Gator","Later, Gator",unknown,12,9.85,197.0,0,-12,False,20,0.38685280723454163
A185NJ3ERSKDZB,The Lincoln Murder Conspiracies,The Lincoln Murder Conspiracies,unknown,13,9.6,192.0,12,-1,False,20,0.38685280723454163
A185NJ3ERSKDZB,Into Deepest Yellowstone,Into Deepest Yellowstone,unknown,14,9.5,190.0,15,1,False,20,0.38685280723454163
A185NJ3ERSKDZB,Superstitious? Here's Why!,Superstitious? Here's Why!,unknown,15,8.75,175.0,13,-2,False,20,0.38685280723454163
A185NJ3ERSKDZB,McGraw-Hill's EMT Flashcards,McGraw-Hill's EMT Flashcards,unknown,16,8.35,167.0,2,-14,False,20,0.38685280723454163
A185NJ3ERSKDZB,Chinese Planetary Herbal Diagnosis: A Primer,Chinese Planetary Herbal Diagnosis: A Primer,unknown,17,7.8,156.0,18,1,False,20,0.38685280723454163
A185NJ3ERSKDZB,The World's Worst Weapons (From Exploding Guns to Malfunctioning Missiles),The World's Worst Weapons (From Exploding Guns to ...,unknown,18,7.65,153.0,5,-13,False,20,0.38685280723454163
A185NJ3ERSKDZB,Paths of Life: Seven Scenarios,Paths of Life: Seven Scenarios,unknown,19,7.3,146.0,8,-11,False,20,0.38685280723454163
A185NJ3ERSKDZB,L'art d'Océanie,L'art d'Océanie,unknown,20,6.6,132.0,19,-1,False,20,0.38685280723454163
AGM3UK6UR81H8,The Martian: A Novel,The Martian: A Novel,unknown,1,18.35,367.0,17,16,True,20,1.0
AGM3UK6UR81H8,No Such Thing as the Real World: Stories About Growing Up and Getting a Life,No Such Thing as the Real World: Stories About Gro...,unknown,2,13.0,260.0,1,-1,False,20,1.0
AGM3UK6UR81H8,"Our Vampires, Ourselves","Our Vampires, Ourselves",unknown,3,12.95,259.0,4,1,False,20,1.0
AGM3UK6UR81H8,Climates: A Novel,Climates: A Novel,unknown,4,12.55,251.0,2,-2,False,20,1.0
AGM3UK6UR81H8,The Arthritic's Cookbook,The Arthritic's Cookbook,unknown,5,11.25,225.0,19,14,False,20,1.0
AGM3UK6UR81H8,Washed by the Ocean: A Crimson Tears Novel,Washed by the Ocean: A Crimson Tears Novel,unknown,6,11.1,222.0,3,-3,False,20,1.0
AGM3UK6UR81H8,I'm a Bad Man: African American Vernacular Culture and the Making of Muhammad Ali,I'm a Bad Man: African American Vernacular Culture...,unknown,7,11.05,221.0,15,8,False,20,1.0
AGM3UK6UR81H8,"Ash Ketchum, Pokemon Detective (Pokemon The Johto Journeys #18)","Ash Ketchum, Pokemon Detective (Pokemon The Johto ...",unknown,8,10.9,218.0,0,-8,False,20,1.0
AGM3UK6UR81H8,The Place Where the Light Enters,The Place Where the Light Enters,unknown,9,10.75,215.0,7,-2,False,20,1.0
AGM3UK6UR81H8,"""Roll Sound!"": A Practical Guide for Location Audio","""Roll Sound!"": A Practical Guide for Location Audi...",unknown,10,10.7,214.0,10,0,False,20,1.0
AGM3UK6UR81H8,Supportive Cancer Care with Chinese Medicine,Supportive Cancer Care with Chinese Medicine,unknown,11,10.1,202.0,14,3,False,20,1.0
AGM3UK6UR81H8,"Best Digital Brushes for Photoshop: A Unique Directory of Over 4,000 Digital Brush Effects, and How to Achieve Them",Best Digital Brushes for Photoshop: A Unique Direc...,unknown,12,9.85,197.0,18,6,False,20,1.0
AGM3UK6UR81H8,Russian Doctor,Russian Doctor,unknown,13,9.5,190.0,8,-5,False,20,1.0
AGM3UK6UR81H8,The Open Circle: The Theater Environment of Peter Brook,The Open Circle: The Theater Environment of Peter ...,unknown,14,9.45,189.0,11,-3,False,20,1.0
AGM3UK6UR81H8,Warwick: The Man Behind The Wars of the Roses,Warwick: The Man Behind The Wars of the Roses,unknown,15,8.9,178.0,6,-9,False,20,1.0
AGM3UK6UR81H8,The American Courts: A Procedural Approach: A Procedural Approach,The American Courts: A Procedural Approach: A Proc...,unknown,16,8.9,178.0,16,0,False,20,1.0
AGM3UK6UR81H8,Board Stiff TEE: Transesophageal Echocardiography,Board Stiff TEE: Transesophageal Echocardiography,unknown,17,8.85,177.0,9,-8,False,20,1.0
AGM3UK6UR81H8,Choosing the Right College 2010-11: The Whole Truth about America's Top Schools,Choosing the Right College 2010-11: The Whole Trut...,unknown,18,7.65,153.0,13,-5,False,20,1.0
AGM3UK6UR81H8,Slovakia: The Bradt Travel Guide,Slovakia: The Bradt Travel Guide,unknown,19,7.55,151.0,12,-7,False,20,1.0
AGM3UK6UR81H8,Daughter of the Yellow River: Special Edition (color photo insert),Daughter of the Yellow River: Special Edition (col...,unknown,20,6.65,133.0,5,-15,False,20,1.0
A3T847509CQ4US,"Adriana's Spice Caravan: Cooking with Spices, Rubs, and Blends from Around the World","Adriana's Spice Caravan: Cooking with Spices, Rubs...",unknown,1,16.05,321.0,15,14,False,20,0.0
A3T847509CQ4US,Capturing Time & Motion: The Dynamic Language of Digital Photography (A Lark Photography Book),Capturing Time & Motion: The Dynamic Language of D...,unknown,2,14.2,284.0,6,4,False,20,0.0
A3T847509CQ4US,From the Garden: A Counting Book About Growing Food (Know Your Numbers),From the Garden: A Counting Book About Growing Foo...,unknown,3,13.5,270.0,13,10,False,20,0.0
A3T847509CQ4US,The Brick Bible: A New Spin on the Old Testament (Brick Bible Presents),The Brick Bible: A New Spin on the Old Testament (...,unknown,4,12.65,253.0,11,7,True,20,0.0
A3T847509CQ4US,A Complete Guide to Teaching Art to Those with Autism: Utilizing the Elements and Principles of Design and Life Skills,A Complete Guide to Teaching Art to Those with Aut...,unknown,5,12.65,253.0,16,11,False,20,0.0
A3T847509CQ4US,When love is not enough: A tragic and cautionary tale of an adoption that went terribly wrong.,When love is not enough: A tragic and cautionary t...,unknown,6,12.45,249.0,2,-4,False,20,0.0
A3T847509CQ4US,The Screech Owls' Northern Adventure (Screech Owls Series #3),The Screech Owls' Northern Adventure (Screech Owls...,unknown,7,11.3,226.0,4,-3,False,20,0.0
A3T847509CQ4US,A Traveler's History of Scotland,A Traveler's History of Scotland,unknown,8,10.75,215.0,7,-1,False,20,0.0
A3T847509CQ4US,Chair Caning and Seat Weaving: Storey Country Wisdom Bulletin A-16,Chair Caning and Seat Weaving: Storey Country Wisd...,unknown,9,10.6,212.0,17,8,False,20,0.0
A3T847509CQ4US,William Grant Still and the Fusion of Cultures in American Music,William Grant Still and the Fusion of Cultures in ...,unknown,10,10.1,202.0,3,-7,False,20,0.0
A3T847509CQ4US,A Likeness,A Likeness,unknown,11,9.8,196.0,0,-11,False,20,0.0
A3T847509CQ4US,"Secrets, Fact or Fiction?","Secrets, Fact or Fiction?",unknown,12,9.7,194.0,10,-2,False,20,0.0
A3T847509CQ4US,Naming the Spirits,Naming the Spirits,unknown,13,9.65,193.0,8,-5,False,20,0.0
A3T847509CQ4US,The Senior Dog,The Senior Dog,unknown,14,9.5,190.0,1,-13,False,20,0.0
A3T847509CQ4US,Running A.M.O.K.: Random Musings for the Creative Hands of the Body of Christ,Running A.M.O.K.: Random Musings for the Creative ...,unknown,15,8.9,178.0,5,-10,False,20,0.0
A3T847509CQ4US,"The Rules According to JWOWW: Shore-Tested Secrets on Landing a Mint Guy, Staying Fresh to Death, and Kicking the Competition to the Curb",The Rules According to JWOWW: Shore-Tested Secrets...,unknown,16,8.65,173.0,14,-2,False,20,0.0
A3T847509CQ4US,"Alice in the Country of Hearts: My Fanatic Rabbit, Vol. 2","Alice in the Country of Hearts: My Fanatic Rabbit,...",unknown,17,8.15,163.0,12,-5,False,20,0.0
A3T847509CQ4US,Alexander Orlov: The FBI's KGB General,Alexander Orlov: The FBI's KGB General,unknown,18,8.05,161.0,9,-9,False,20,0.0
A3T847509CQ4US,Lieutenant Fire Department(Passbooks) (Career Examination Series),Lieutenant Fire Department(Passbooks) (Career Exam...,unknown,19,7.25,145.0,19,0,False,20,0.0
A3T847509CQ4US,Deadly Dairy Deception,Deadly Dairy Deception,unknown,20,6.1,122.0,18,-2,False,20,0.0
A3A6YR8Z8Q2N0D,"Stillwater Strategies: 7 Practical Lessons for Catching More Fish in Lakes, Reservoirs, & Ponds",Stillwater Strategies: 7 Practical Lessons for Cat...,unknown,1,15.65,313.0,16,15,False,20,0.0
A3A6YR8Z8Q2N0D,101 Thoughts About Kindness: A compilation of thoughtful quotes to enhance your life.,101 Thoughts About Kindness: A compilation of thou...,unknown,2,14.2,284.0,0,-2,False,20,0.0
A3A6YR8Z8Q2N0D,"Mel Bay Guitar Setup, Maintenance & Repair","Mel Bay Guitar Setup, Maintenance & Repair",unknown,3,14.1,282.0,10,7,False,20,0.0
A3A6YR8Z8Q2N0D,"Hiking Alaska, 2nd: A Guide to Alaska's Greatest Hiking Adventures (State Hiking Guides Series)","Hiking Alaska, 2nd: A Guide to Alaska's Greatest H...",unknown,4,14.0,280.0,9,5,False,20,0.0
A3A6YR8Z8Q2N0D,Crack of the Bat: The Louisville Slugger Story,Crack of the Bat: The Louisville Slugger Story,unknown,5,12.6,252.0,19,14,False,20,0.0
A3A6YR8Z8Q2N0D,Bathe Seven Times : A Contemplative Look at the Seven Capital Sins,Bathe Seven Times : A Contemplative Look at the Se...,unknown,6,12.1,242.0,18,12,False,20,0.0
A3A6YR8Z8Q2N0D,Blessings of the Cosmos: Benedictions from the Aramaic Words of Jesus (Book & CD),Blessings of the Cosmos: Benedictions from the Ara...,unknown,7,11.95,239.0,17,10,False,20,0.0
A3A6YR8Z8Q2N0D,Loveliness of Christ,Loveliness of Christ,unknown,8,11.0,220.0,15,7,True,20,0.0
A3A6YR8Z8Q2N0D,Advantage Books: Human Resource Management: Essential Perspectives,Advantage Books: Human Resource Management: Essent...,unknown,9,11.0,220.0,12,3,False,20,0.0
A3A6YR8Z8Q2N0D,Under a Wild and Darkening Sky (Flying Horse Books),Under a Wild and Darkening Sky (Flying Horse Books...,unknown,10,10.45,209.0,5,-5,False,20,0.0
A3A6YR8Z8Q2N0D,Angels Advent Calendar,Angels Advent Calendar,unknown,11,10.25,205.0,3,-8,False,20,0.0
A3A6YR8Z8Q2N0D,More Rapid Math Tricks and Tips: 30 Days to Number Mastery,More Rapid Math Tricks and Tips: 30 Days to Number...,unknown,12,9.95,199.0,13,1,False,20,0.0
A3A6YR8Z8Q2N0D,Motion Forces and Energy/Student Text,Motion Forces and Energy/Student Text,unknown,13,9.95,199.0,8,-5,False,20,0.0
A3A6YR8Z8Q2N0D,Supergirl: Candor,Supergirl: Candor,unknown,14,8.1,162.0,11,-3,False,20,0.0
A3A6YR8Z8Q2N0D,Shakespeare v Lovecraft A Horror Comedy Mash-Up featuring Shakespeare's Characters and Lovecraft's Creatures,Shakespeare v Lovecraft A Horror Comedy Mash-Up fe...,unknown,15,7.85,157.0,14,-1,False,20,0.0
A3A6YR8Z8Q2N0D,The Rock 'n' Roll Drummer,The Rock 'n' Roll Drummer,unknown,16,7.8,156.0,6,-10,False,20,0.0
A3A6YR8Z8Q2N0D,The Ransom of Red Chief (Creative Classic Series),The Ransom of Red Chief (Creative Classic Series),unknown,17,7.65,153.0,2,-15,False,20,0.0
A3A6YR8Z8Q2N0D,Power for Living,Power for Living,unknown,18,7.35,147.0,4,-14,False,20,0.0
A3A6YR8Z8Q2N0D,Revenge of the Titan (5) (Cheer!),Revenge of the Titan (5) (Cheer!),unknown,19,7.2,144.0,7,-12,False,20,0.0
A3A6YR8Z8Q2N0D,The War-Workers,The War-Workers,unknown,20,6.85,137.0,1,-19,False,20,0.0
A2FIZWTSTAG2WO,Coffee Lunch Coffee: A Practical Field Guide for Master Networking,Coffee Lunch Coffee: A Practical Field Guide for M...,unknown,1,17.85,357.0,16,15,True,20,1.0
A2FIZWTSTAG2WO,"Making Autism a Gift: Inspiring Children to Believe in Themselves and Lead Happy, Fulfilling Lives",Making Autism a Gift: Inspiring Children to Believ...,unknown,2,14.95,299.0,9,7,False,20,1.0
A2FIZWTSTAG2WO,Backstage Pass: Today's Hottest Stars: Today's Hottest Stars,Backstage Pass: Today's Hottest Stars: Today's Hot...,unknown,3,12.6,252.0,2,-1,False,20,1.0
A2FIZWTSTAG2WO,Combat Survival-Life Stories from a Purple Heart,Combat Survival-Life Stories from a Purple Heart,unknown,4,12.5,250.0,4,0,False,20,1.0
A2FIZWTSTAG2WO,New York Cult Recipes,New York Cult Recipes,unknown,5,11.85,237.0,0,-5,False,20,1.0
A2FIZWTSTAG2WO,The Fate of the Maine,The Fate of the Maine,unknown,6,11.55,231.0,15,9,False,20,1.0
A2FIZWTSTAG2WO,Little Sew & Sew: Over 30 Delightfully Simple Sewing and Embroidery Projects,Little Sew & Sew: Over 30 Delightfully Simple Sewi...,unknown,7,11.05,221.0,19,12,False,20,1.0
A2FIZWTSTAG2WO,"International Management of Tuna, Porpoise, and Billfish: Biological, Legal, and Political Aspects","International Management of Tuna, Porpoise, and Bi...",unknown,8,11.05,221.0,5,-3,False,20,1.0
A2FIZWTSTAG2WO,Groaning Shadows,Groaning Shadows,unknown,9,10.7,214.0,11,2,False,20,1.0
A2FIZWTSTAG2WO,No Enemy But Time: A Novel of the South,No Enemy But Time: A Novel of the South,unknown,10,10.35,207.0,10,0,False,20,1.0
A2FIZWTSTAG2WO,Student's Gluten-Free Cookbook For Dummies,Student's Gluten-Free Cookbook For Dummies,unknown,11,9.6,192.0,18,7,False,20,1.0
A2FIZWTSTAG2WO,Jenny's Sleigh,Jenny's Sleigh,unknown,12,9.55,191.0,1,-11,False,20,1.0
A2FIZWTSTAG2WO,Ferrari: Men from Maranello: The biographical A-Z of all significant Ferrari racing people,Ferrari: Men from Maranello: The biographical A-Z ...,unknown,13,9.1,182.0,12,-1,False,20,1.0
A2FIZWTSTAG2WO,The Brute,The Brute,unknown,14,8.85,177.0,7,-7,False,20,1.0
A2FIZWTSTAG2WO,Seven Tails,Seven Tails,unknown,15,8.8,176.0,17,2,False,20,1.0
A2FIZWTSTAG2WO,One-Trick Pony,One-Trick Pony,unknown,16,8.75,175.0,14,-2,False,20,1.0
A2FIZWTSTAG2WO,The Great Gathering of the Gods,The Great Gathering of the Gods,unknown,17,8.55,171.0,13,-4,False,20,1.0
A2FIZWTSTAG2WO,"Mystical Canyons of Water, Light and Stone (Worldwide)","Mystical Canyons of Water, Light and Stone (Worldw...",unknown,18,8.5,170.0,6,-12,False,20,1.0
A2FIZWTSTAG2WO,Last of the Duanes,Last of the Duanes,unknown,19,7.9,158.0,3,-16,False,20,1.0
A2FIZWTSTAG2WO,Bundle Delmar’s Fundamentals of Anatomy & Physiology with WebTutor on WebCT,Bundle Delmar’s Fundamentals of Anatomy & Physiolo...,unknown,20,5.95,119.0,8,-12,False,20,1.0
A3E11WHSG52T0M,Lady Liberty: The Untold Story of The Statue of Liberty,Lady Liberty: The Untold Story of The Statue of Li...,unknown,1,15.55,311.0,1,0,False,20,0.0
A3E11WHSG52T0M,Once Upon A Christmas: The Most Wonderful Time Of The Year/'Twas The Week Before Christmas (Steeple Hill Christmas 2-in-1),Once Upon A Christmas: The Most Wonderful Time Of ...,unknown,2,13.8,276.0,18,16,False,20,0.0
A3E11WHSG52T0M,In the Moon: A Memoir of a 1930s Childhood in France,In the Moon: A Memoir of a 1930s Childhood in Fran...,unknown,3,13.7,274.0,5,2,False,20,0.0
A3E11WHSG52T0M,Claimed by a Demon King: Eternal Mates Romance Series (Eternal Mates Paranormal Romance Series),Claimed by a Demon King: Eternal Mates Romance Ser...,unknown,4,13.35,267.0,2,-2,False,20,0.0
A3E11WHSG52T0M,Shoes of Giants,Shoes of Giants,unknown,5,12.95,259.0,10,5,False,20,0.0
A3E11WHSG52T0M,Stories Done: Writings on the 1960s and Its Discontents,Stories Done: Writings on the 1960s and Its Discon...,unknown,6,11.7,234.0,17,11,False,20,0.0
A3E11WHSG52T0M,Everybody's Outdoor Survival Guide: The Green Beret's Guide to Outdoor Survival,Everybody's Outdoor Survival Guide: The Green Bere...,unknown,7,11.3,226.0,3,-4,False,20,0.0
A3E11WHSG52T0M,Lonely Planet Best of Athens (Lonely Planet Best of Athens),Lonely Planet Best of Athens (Lonely Planet Best o...,unknown,8,10.8,216.0,7,-1,False,20,0.0
A3E11WHSG52T0M,A Handy Guide to Record-searching in the Larger Cities of the United States Including a Guide to their Vital Records and Some Maps with Street Indexes with Other Information of Genealogical Value,A Handy Guide to Record-searching in the Larger Ci...,unknown,9,10.5,210.0,8,-1,False,20,0.0
A3E11WHSG52T0M,Stats: Data and Models,Stats: Data and Models,unknown,10,10.45,209.0,13,3,False,20,0.0
A3E11WHSG52T0M,Jews and Power (Jewish Encounters Series),Jews and Power (Jewish Encounters Series),unknown,11,10.4,208.0,4,-7,False,20,0.0
A3E11WHSG52T0M,Why We Give Gifts at Christmas Time,Why We Give Gifts at Christmas Time,unknown,12,9.85,197.0,6,-6,False,20,0.0
A3E11WHSG52T0M,I Was a Teenage Professional Wrestler,I Was a Teenage Professional Wrestler,unknown,13,9.7,194.0,15,2,False,20,0.0
A3E11WHSG52T0M,Wallpaper* City Guide Athens 2012,Wallpaper* City Guide Athens 2012,unknown,14,9.4,188.0,9,-5,False,20,0.0
A3E11WHSG52T0M,The Skies and Lights Imbued,The Skies and Lights Imbued,unknown,15,8.9,178.0,11,-4,False,20,0.0
A3E11WHSG52T0M,Special Edition Using Java 1.1,Special Edition Using Java 1.1,unknown,16,8.85,177.0,14,-2,False,20,0.0
A3E11WHSG52T0M,Airlines of Asia - Since 1920,Airlines of Asia - Since 1920,unknown,17,8.7,174.0,16,-1,False,20,0.0
A3E11WHSG52T0M,Publishing Fundamentals: Unstructured FrameMaker 11,Publishing Fundamentals: Unstructured FrameMaker 1...,unknown,18,7.15,143.0,19,1,True,20,0.0
A3E11WHSG52T0M,The Intimate Hour: Love and Sex in Psychotherapy,The Intimate Hour: Love and Sex in Psychotherapy,unknown,19,6.85,137.0,0,-19,False,20,0.0
A3E11WHSG52T0M,"Lincoln Coupes and Sedans, 1988-00 (Haynes Repair Manuals)","Lincoln Coupes and Sedans, 1988-00 (Haynes Repair ...",unknown,20,6.1,122.0,12,-8,False,20,0.0
A36IT4XWOHDBBR,Lillian Too & Jennifer Too Fortune & Feng Shui 2014 Rabbit,Lillian Too & Jennifer Too Fortune & Feng Shui 201...,unknown,1,14.4,288.0,2,1,True,20,1.0
A36IT4XWOHDBBR,Spotlight on Neutrals: Quilts and More for Any Decor,Spotlight on Neutrals: Quilts and More for Any Dec...,unknown,2,12.95,259.0,5,3,False,20,1.0
A36IT4XWOHDBBR,"On Life after Death, revised","On Life after Death, revised",unknown,3,12.5,250.0,19,16,False,20,1.0
A36IT4XWOHDBBR,Heavy Equipment: Up Close,Heavy Equipment: Up Close,unknown,4,11.25,225.0,7,3,False,20,1.0
A36IT4XWOHDBBR,Politics for a New Generation: The Progressive Moment,Politics for a New Generation: The Progressive Mom...,unknown,5,11.0,220.0,14,9,False,20,1.0
A36IT4XWOHDBBR,A Muslim's Guide to Publishing And Marketing,A Muslim's Guide to Publishing And Marketing,unknown,6,11.0,220.0,18,12,False,20,1.0
A36IT4XWOHDBBR,Orthodontic Pearls: A Selection of Practical Tips and Clinical Expertise,Orthodontic Pearls: A Selection of Practical Tips ...,unknown,7,10.9,218.0,11,4,False,20,1.0
A36IT4XWOHDBBR,Solitaire Spirit: Three times around the world single-handed,Solitaire Spirit: Three times around the world sin...,unknown,8,10.9,218.0,9,1,False,20,1.0
A36IT4XWOHDBBR,The Gunfighter's Apprentice,The Gunfighter's Apprentice,unknown,9,10.6,212.0,4,-5,False,20,1.0
A36IT4XWOHDBBR,Fly-Fishing's Final Frontier: Specialty Fly Patterns and Fishing Techniques for North America's Alternate Species,Fly-Fishing's Final Frontier: Specialty Fly Patter...,unknown,10,10.5,210.0,13,3,False,20,1.0
A36IT4XWOHDBBR,Russell and the Lost Treasure,Russell and the Lost Treasure,unknown,11,10.5,210.0,15,4,False,20,1.0
A36IT4XWOHDBBR,Crash!,Crash!,unknown,12,10.2,204.0,6,-6,False,20,1.0
A36IT4XWOHDBBR,Bart Ehrman and the Quest of the Historical Jesus of Nazareth: An Evaluation of Ehrman s Did Jesus Exist?,Bart Ehrman and the Quest of the Historical Jesus ...,unknown,13,10.15,203.0,16,3,False,20,1.0
A36IT4XWOHDBBR,"Playlunch: Five Short New Zealand Plays (Otago Studies in English, No. 4)",Playlunch: Five Short New Zealand Plays (Otago Stu...,unknown,14,9.95,199.0,3,-11,False,20,1.0
A36IT4XWOHDBBR,"The Magical Cat Ghee, Vol. 2: A Village Divided","The Magical Cat Ghee, Vol. 2: A Village Divided",unknown,15,9.75,195.0,0,-15,False,20,1.0
A36IT4XWOHDBBR,Faraway,Faraway,unknown,16,9.65,193.0,12,-4,False,20,1.0
A36IT4XWOHDBBR,Yo vendo unos ojos negros,Yo vendo unos ojos negros,unknown,17,9.2,184.0,1,-16,False,20,1.0
A36IT4XWOHDBBR,Running the Roman Home,Running the Roman Home,unknown,18,9.2,184.0,8,-10,False,20,1.0
A36IT4XWOHDBBR,Sisters of Charity Halifax Nova Scotai 1849-1949,Sisters of Charity Halifax Nova Scotai 1849-1949,unknown,19,8.0,160.0,10,-9,False,20,1.0
A36IT4XWOHDBBR,Eagles Greatest Hits Volume 2,Eagles Greatest Hits Volume 2,unknown,20,7.4,148.0,17,-3,False,20,1.0
AFU19X9X4HW2,Drift: A Novel of Suspense,Drift: A Novel of Suspense,unknown,1,15.5,310.0,10,9,False,20,0.6309297535714575
AFU19X9X4HW2,Death Comes to Pemberley,Death Comes to Pemberley,unknown,2,15.3,306.0,1,-1,True,20,0.6309297535714575
AFU19X9X4HW2,Discovering the Bible: A Daily Reading Schedule With Accompanying Notes To Read Through the Bible in One Year,Discovering the Bible: A Daily Reading Schedule Wi...,unknown,3,12.6,252.0,6,3,False,20,0.6309297535714575
AFU19X9X4HW2,Dirty Diggers: Tales from the Archaeological Trenches,Dirty Diggers: Tales from the Archaeological Trenc...,unknown,4,12.3,246.0,8,4,False,20,0.6309297535714575
AFU19X9X4HW2,Fit as a Fiddle: The Musician's Guide to Playing Healthy,Fit as a Fiddle: The Musician's Guide to Playing H...,unknown,5,12.15,243.0,0,-5,False,20,0.6309297535714575
AFU19X9X4HW2,Starman Jones,Starman Jones,unknown,6,10.9,218.0,13,7,False,20,0.6309297535714575
AFU19X9X4HW2,My Play a Tune Book: 12 Favorite American Songs,My Play a Tune Book: 12 Favorite American Songs,unknown,7,10.65,213.0,17,10,False,20,0.6309297535714575
AFU19X9X4HW2,The New York I Know,The New York I Know,unknown,8,10.5,210.0,2,-6,False,20,0.6309297535714575
AFU19X9X4HW2,"Malignant Medical Myths: Why Medical Treatment Causes 200,000 Deaths in the Usa Each Year.",Malignant Medical Myths: Why Medical Treatment Cau...,unknown,9,10.45,209.0,16,7,False,20,0.6309297535714575
AFU19X9X4HW2,Robert F. Kennedy (Up Close),Robert F. Kennedy (Up Close),unknown,10,10.45,209.0,3,-7,False,20,0.6309297535714575
AFU19X9X4HW2,All Is Change: The Two-Thousand-Year Journey of Buddhism to the West,All Is Change: The Two-Thousand-Year Journey of Bu...,unknown,11,10.25,205.0,14,3,False,20,0.6309297535714575
AFU19X9X4HW2,Revelation: Chapter-by-Chapter,Revelation: Chapter-by-Chapter,unknown,12,10.1,202.0,12,0,False,20,0.6309297535714575
AFU19X9X4HW2,"Murdered by Mumia: A Life Sentence of Loss, Pain, and Injustice","Murdered by Mumia: A Life Sentence of Loss, Pain, ...",unknown,13,10.0,200.0,4,-9,False,20,0.6309297535714575
AFU19X9X4HW2,Spoken from within,Spoken from within,unknown,14,9.75,195.0,9,-5,False,20,0.6309297535714575
AFU19X9X4HW2,Delights of a dilettante,Delights of a dilettante,unknown,15,9.25,185.0,15,0,False,20,0.6309297535714575
AFU19X9X4HW2,Designs for a Greek,Designs for a Greek,unknown,16,9.15,183.0,11,-5,False,20,0.6309297535714575
AFU19X9X4HW2,Anahola: Kauai's Mystic Hawaiian Village,Anahola: Kauai's Mystic Hawaiian Village,unknown,17,8.55,171.0,18,1,False,20,0.6309297535714575
AFU19X9X4HW2,Counting from Creation,Counting from Creation,unknown,18,8.4,168.0,5,-13,False,20,0.6309297535714575
AFU19X9X4HW2,The Quick and Easy Guide to Compass Correction,The Quick and Easy Guide to Compass Correction,unknown,19,8.1,162.0,7,-12,False,20,0.6309297535714575
AFU19X9X4HW2,"Pioneer Newtons of southwest Texas, and genealogies","Pioneer Newtons of southwest Texas, and genealogie...",unknown,20,5.65,113.0,19,-1,False,20,0.6309297535714575
A3XOPLE45YCHJ,Finding Your Way through Faith,Finding Your Way through Faith,unknown,1,15.35,307.0,14,13,False,20,0.6309297535714575
A3XOPLE45YCHJ,A Violent Grace: Meeting Christ at the Cross,A Violent Grace: Meeting Christ at the Cross,unknown,2,13.45,269.0,19,17,True,20,0.6309297535714575
A3XOPLE45YCHJ,Julia Margaret Cameron: Her life and photographic work,Julia Margaret Cameron: Her life and photographic ...,unknown,3,12.95,259.0,15,12,False,20,0.6309297535714575
A3XOPLE45YCHJ,Ornamental Gardening in Acadiana and the Gulf States,Ornamental Gardening in Acadiana and the Gulf Stat...,unknown,4,12.35,247.0,12,8,False,20,0.6309297535714575
A3XOPLE45YCHJ,"Traditions: Complete Book of Prayers, Rituals, and Blessings for Every Jewish Home","Traditions: Complete Book of Prayers, Rituals, and...",unknown,5,12.2,244.0,11,6,False,20,0.6309297535714575
A3XOPLE45YCHJ,"Mercenaries for the Crimea: The German, Swiss, and Italian Legions in British Service, 1854-1856","Mercenaries for the Crimea: The German, Swiss, and...",unknown,6,11.85,237.0,3,-3,False,20,0.6309297535714575
A3XOPLE45YCHJ,Practical Guide to the Care of the Psychiatric Patient: Practical Guide Series,Practical Guide to the Care of the Psychiatric Pat...,unknown,7,11.65,233.0,4,-3,False,20,0.6309297535714575
A3XOPLE45YCHJ,British Columbia (Canada Series),British Columbia (Canada Series),unknown,8,11.1,222.0,13,5,False,20,0.6309297535714575
A3XOPLE45YCHJ,Mountain Spirit: The Sheep Eater Indians of Yellowstone,Mountain Spirit: The Sheep Eater Indians of Yellow...,unknown,9,10.6,212.0,16,7,False,20,0.6309297535714575
A3XOPLE45YCHJ,Miscarriages of Justice: Famous London Cases,Miscarriages of Justice: Famous London Cases,unknown,10,10.55,211.0,0,-10,False,20,0.6309297535714575
A3XOPLE45YCHJ,Iris and Walter and Baby Rose (Green Light Readers Level 3),Iris and Walter and Baby Rose (Green Light Readers...,unknown,11,10.15,203.0,2,-9,False,20,0.6309297535714575
A3XOPLE45YCHJ,An Introduction to Language,An Introduction to Language,unknown,12,10.1,202.0,6,-6,False,20,0.6309297535714575
A3XOPLE45YCHJ,"Holy Bible: The New Open Bible, Study Edition, New American Standard Bible","Holy Bible: The New Open Bible, Study Edition, New...",unknown,13,9.85,197.0,10,-3,False,20,0.6309297535714575
A3XOPLE45YCHJ,Chasing Churchill: The Travels of Winston Churchill,Chasing Churchill: The Travels of Winston Churchil...,unknown,14,9.6,192.0,9,-5,False,20,0.6309297535714575
A3XOPLE45YCHJ,The Humanist Controversy and Other Texts,The Humanist Controversy and Other Texts,unknown,15,9.0,180.0,8,-7,False,20,0.6309297535714575
A3XOPLE45YCHJ,Emily-Rose's Day at the Farm,Emily-Rose's Day at the Farm,unknown,16,8.85,177.0,7,-9,False,20,0.6309297535714575
A3XOPLE45YCHJ,Enterprise Application Integration: A Wiley Tech Brief,Enterprise Application Integration: A Wiley Tech B...,unknown,17,7.85,157.0,17,0,False,20,0.6309297535714575
A3XOPLE45YCHJ,Little House Friends (Little House Chapter Book),Little House Friends (Little House Chapter Book),unknown,18,7.55,151.0,18,0,False,20,0.6309297535714575
A3XOPLE45YCHJ,Billboard Sheet Music Hits 2000-2010: Piano/Vocal/Guitar (Billboard Magazine),Billboard Sheet Music Hits 2000-2010: Piano/Vocal/...,unknown,19,7.5,150.0,1,-18,False,20,0.6309297535714575
A3XOPLE45YCHJ,"CHRISTMAS STORY, THE, As Told By St. Luke and St. Matthew (Douay version)","CHRISTMAS STORY, THE, As Told By St. Luke and St. ...",unknown,20,7.5,150.0,5,-15,False,20,0.6309297535714575
A37EIJ3IRVIBUK,A Life of Gratitude: 21 Days to Overcoming Self-Pity and Negativity,A Life of Gratitude: 21 Days to Overcoming Self-Pi...,unknown,1,15.1,302.0,18,17,False,20,0.6309297535714575
A37EIJ3IRVIBUK,Easy Garden Mosaics,Easy Garden Mosaics,unknown,2,13.8,276.0,9,7,True,20,0.6309297535714575
A37EIJ3IRVIBUK,Patton's Third Army in World War II: A Photographic History,Patton's Third Army in World War II: A Photographi...,unknown,3,13.4,268.0,5,2,False,20,0.6309297535714575
A37EIJ3IRVIBUK,"The Third Crusade 1191: Richard the Lionheart, Saladin and the struggle for Jerusalem (Campaign)","The Third Crusade 1191: Richard the Lionheart, Sal...",unknown,4,12.55,251.0,17,13,False,20,0.6309297535714575
A37EIJ3IRVIBUK,Scrumptious,Scrumptious,unknown,5,11.05,221.0,11,6,False,20,0.6309297535714575
A37EIJ3IRVIBUK,Living the Message: Daily Help For Living the God-Centered Life,Living the Message: Daily Help For Living the God-...,unknown,6,11.05,221.0,7,1,False,20,0.6309297535714575
A37EIJ3IRVIBUK,Katrina's Secrets: Storms After The Storm,Katrina's Secrets: Storms After The Storm,unknown,7,11.0,220.0,2,-5,False,20,0.6309297535714575
A37EIJ3IRVIBUK,Multiple Streams of Coaching Income,Multiple Streams of Coaching Income,unknown,8,10.9,218.0,16,8,False,20,0.6309297535714575
A37EIJ3IRVIBUK,The Annuity Advisor,The Annuity Advisor,unknown,9,10.75,215.0,3,-6,False,20,0.6309297535714575
A37EIJ3IRVIBUK,A Boy at War: A Novel of Pearl Harbor,A Boy at War: A Novel of Pearl Harbor,unknown,10,10.65,213.0,6,-4,False,20,0.6309297535714575
A37EIJ3IRVIBUK,The Operation and Management of a Software Company: An Entrepreneurial Guide to Creating and Maintaining a Software Development Company,The Operation and Management of a Software Company...,unknown,11,10.35,207.0,8,-3,False,20,0.6309297535714575
A37EIJ3IRVIBUK,A Love That Multiplies: An Up-Close View of How They Make It Work,A Love That Multiplies: An Up-Close View of How Th...,unknown,12,10.25,205.0,15,3,False,20,0.6309297535714575
A37EIJ3IRVIBUK,The Year of Liberty : History of the Great Irish Rebellion of 1798,The Year of Liberty : History of the Great Irish R...,unknown,13,10.25,205.0,12,-1,False,20,0.6309297535714575
A37EIJ3IRVIBUK,The Blue Salon and Other Follies: A Jewish Boyhood in 1930s' Rural Germany,The Blue Salon and Other Follies: A Jewish Boyhood...,unknown,14,10.2,204.0,0,-14,False,20,0.6309297535714575
A37EIJ3IRVIBUK,Collectible Barbie Dolls: 1977-1979,Collectible Barbie Dolls: 1977-1979,unknown,15,8.85,177.0,13,-2,False,20,0.6309297535714575
A37EIJ3IRVIBUK,Melville (A Venture book),Melville (A Venture book),unknown,16,8.5,170.0,4,-12,False,20,0.6309297535714575
A37EIJ3IRVIBUK,Beading Bead-a-Day: 2008 Day-to-Day Calendar,Beading Bead-a-Day: 2008 Day-to-Day Calendar,unknown,17,8.3,166.0,10,-7,False,20,0.6309297535714575
A37EIJ3IRVIBUK,Mount Rainier: The Story Behind the Scenery,Mount Rainier: The Story Behind the Scenery,unknown,18,7.85,157.0,14,-4,False,20,0.6309297535714575
A37EIJ3IRVIBUK,"DEFEND YOURSELF! Ketsugo: Complete Self-Defense. Containing The Combined Unbeatable Fighting Arts of Aikido, Yawara, Ate-Waza, Karate, Judo, Savate and Jiu Jitsu.",DEFEND YOURSELF! Ketsugo: Complete Self-Defense. C...,unknown,19,7.65,153.0,1,-18,False,20,0.6309297535714575
A37EIJ3IRVIBUK,Cross the Space,Cross the Space,unknown,20,7.55,151.0,19,-1,False,20,0.6309297535714575
AQ4CDA0H603IK,"John Cassian: The Conferences (Ancient Christian Writers Series, No. 57)",John Cassian: The Conferences (Ancient Christian W...,unknown,1,16.0,320.0,18,17,True,20,1.0
AQ4CDA0H603IK,Victory Over Trial and Trouble,Victory Over Trial and Trouble,unknown,2,14.05,281.0,14,12,False,20,1.0
AQ4CDA0H603IK,Almost Meatless: Recipes That Are Better for Your Health and the Planet,Almost Meatless: Recipes That Are Better for Your ...,unknown,3,13.05,261.0,16,13,False,20,1.0
AQ4CDA0H603IK,Reporting from the Bridge,Reporting from the Bridge,unknown,4,12.9,258.0,17,13,False,20,1.0
AQ4CDA0H603IK,Galatians (9) (Zondervan Exegetical Commentary on the New Testament),Galatians (9) (Zondervan Exegetical Commentary on ...,unknown,5,12.35,247.0,0,-5,False,20,1.0
AQ4CDA0H603IK,The Final Exodus,The Final Exodus,unknown,6,11.35,227.0,10,4,False,20,1.0
AQ4CDA0H603IK,1960--LBJ vs. JFK vs. Nixon: The Epic Campaign That Forged Three Presidencies,1960--LBJ vs. JFK vs. Nixon: The Epic Campaign Tha...,unknown,7,11.05,221.0,8,1,False,20,1.0
AQ4CDA0H603IK,Alba,Alba,unknown,8,10.75,215.0,11,3,False,20,1.0
AQ4CDA0H603IK,The Art Of Me,The Art Of Me,unknown,9,10.5,210.0,3,-6,False,20,1.0
AQ4CDA0H603IK,Giant Book of Bread Machine Recipes,Giant Book of Bread Machine Recipes,unknown,10,10.35,207.0,13,3,False,20,1.0
AQ4CDA0H603IK,Hard Sell: Now a Major Motion Picture LOVE and OTHER DRUGS,Hard Sell: Now a Major Motion Picture LOVE and OTH...,unknown,11,10.0,200.0,4,-7,False,20,1.0
AQ4CDA0H603IK,On Heidegger (A Volume in the Wadsworth Philosophers Series),On Heidegger (A Volume in the Wadsworth Philosophe...,unknown,12,9.35,187.0,9,-3,False,20,1.0
AQ4CDA0H603IK,"Psittacine Aviculture: Perspectives, Techniques and Research","Psittacine Aviculture: Perspectives, Techniques an...",unknown,13,9.3,186.0,12,-1,False,20,1.0
AQ4CDA0H603IK,"The Queen of Wolves: The Vampyricon, Book III","The Queen of Wolves: The Vampyricon, Book III",unknown,14,9.2,184.0,19,5,False,20,1.0
AQ4CDA0H603IK,Desert Triangle: Anything Can Happen in Las Vegas,Desert Triangle: Anything Can Happen in Las Vegas,unknown,15,9.1,182.0,1,-14,False,20,1.0
AQ4CDA0H603IK,Psychic Mission,Psychic Mission,unknown,16,9.05,181.0,7,-9,False,20,1.0
AQ4CDA0H603IK,Garfield Treasury,Garfield Treasury,unknown,17,8.95,179.0,5,-12,False,20,1.0
AQ4CDA0H603IK,Skin Deep: Exchanges,Skin Deep: Exchanges,unknown,18,8.9,178.0,15,-3,False,20,1.0
AQ4CDA0H603IK,Understanding Human Anatomy and Physiology- softcover,Understanding Human Anatomy and Physiology- softco...,unknown,19,8.45,169.0,6,-13,False,20,1.0
AQ4CDA0H603IK,NNNNN: A Novel,NNNNN: A Novel,unknown,20,5.35,107.0,2,-18,False,20,1.0
A3M1EHAHO4ARFJ,Dragonfly in Amber (Outlander),Dragonfly in Amber (Outlander),unknown,1,15.75,315.0,12,11,True,20,1.0
A3M1EHAHO4ARFJ,"Philadelphia Architecture: A Guide to the City, Third Edition","Philadelphia Architecture: A Guide to the City, Th...",unknown,2,13.85,277.0,18,16,False,20,1.0
A3M1EHAHO4ARFJ,The Juicing Book: A Complete Guide to the Juicing of Fruits and Vegetables for Maximum Health,The Juicing Book: A Complete Guide to the Juicing ...,unknown,3,13.2,264.0,6,3,False,20,1.0
A3M1EHAHO4ARFJ,Laughed 'Til He Died: A Death on Demand Mystery (Death on Demand Mysteries),Laughed 'Til He Died: A Death on Demand Mystery (D...,unknown,4,11.85,237.0,0,-4,False,20,1.0
A3M1EHAHO4ARFJ,A Quiver of Cobras: Beginnings,A Quiver of Cobras: Beginnings,unknown,5,11.8,236.0,16,11,False,20,1.0
A3M1EHAHO4ARFJ,Bukowski Never Did This: A Year in the Life of an Underground Writer & His Family,Bukowski Never Did This: A Year in the Life of an ...,unknown,6,11.65,233.0,2,-4,False,20,1.0
A3M1EHAHO4ARFJ,A Little Irish Cookbook (Little Books),A Little Irish Cookbook (Little Books),unknown,7,11.4,228.0,13,6,False,20,1.0
A3M1EHAHO4ARFJ,"Peppers: The Domesticated Capsicums, New Edition","Peppers: The Domesticated Capsicums, New Edition",unknown,8,11.25,225.0,4,-4,False,20,1.0
A3M1EHAHO4ARFJ,Bitter Sweet,Bitter Sweet,unknown,9,10.65,213.0,3,-6,False,20,1.0
A3M1EHAHO4ARFJ,"Solar Cells: Operating Principles, Technology, and System Applications","Solar Cells: Operating Principles, Technology, and...",unknown,10,10.3,206.0,11,1,False,20,1.0
A3M1EHAHO4ARFJ,"The Active, Creative Child: Parenting In Perpetual Motion","The Active, Creative Child: Parenting In Perpetual...",unknown,11,10.05,201.0,14,3,False,20,1.0
A3M1EHAHO4ARFJ,The House of the Prophet,The House of the Prophet,unknown,12,10.0,200.0,19,7,False,20,1.0
A3M1EHAHO4ARFJ,Deja Review Family Medicine,Deja Review Family Medicine,unknown,13,9.7,194.0,9,-4,False,20,1.0
A3M1EHAHO4ARFJ,Your Greater Self or The Inner Consciousness,Your Greater Self or The Inner Consciousness,unknown,14,9.45,189.0,10,-4,False,20,1.0
A3M1EHAHO4ARFJ,Handbook of Organization Development,Handbook of Organization Development,unknown,15,9.3,186.0,7,-8,False,20,1.0
A3M1EHAHO4ARFJ,Historic Homes in and Around Arcadia,Historic Homes in and Around Arcadia,unknown,16,9.25,185.0,8,-8,False,20,1.0
A3M1EHAHO4ARFJ,I Live in Tokyo,I Live in Tokyo,unknown,17,8.55,171.0,17,0,False,20,1.0
A3M1EHAHO4ARFJ,"3 Books in 1: Silly Snacks, Classroom Treats, Cookie Dough Fun (Spiral Bound)","3 Books in 1: Silly Snacks, Classroom Treats, Cook...",unknown,18,7.7,154.0,1,-17,False,20,1.0
A3M1EHAHO4ARFJ,"Ugartsthal, September 1, 1939: My life as lived through World War II","Ugartsthal, September 1, 1939: My life as lived th...",unknown,19,7.65,153.0,15,-4,False,20,1.0
A3M1EHAHO4ARFJ,Songs I Learned in Sunday School - Volume 1: Arranged for the Beginning Pianist,Songs I Learned in Sunday School - Volume 1: Arran...,unknown,20,6.65,133.0,5,-15,False,20,1.0
A1XLMPRMCAZBHP,Shepherd Leadership: Wisdom for Leaders from Psalm 23,Shepherd Leadership: Wisdom for Leaders from Psalm...,unknown,1,13.7,274.0,12,11,False,20,0.6309297535714575
A1XLMPRMCAZBHP,"Swords Around the Cross: The Nine Years War: Ireland's Defense of Faith and Fatherland, 1594-1603",Swords Around the Cross: The Nine Years War: Irela...,unknown,2,13.45,269.0,4,2,False,20,0.6309297535714575
A1XLMPRMCAZBHP,A Thousand Sisters: My Journey into the Worst Place on Earth to Be a Woman,A Thousand Sisters: My Journey into the Worst Plac...,unknown,3,13.25,265.0,18,15,True,20,0.6309297535714575
A1XLMPRMCAZBHP,"Dubuque on the Mississippi, 1788-1988","Dubuque on the Mississippi, 1788-1988",unknown,4,12.2,244.0,17,13,False,20,0.6309297535714575
A1XLMPRMCAZBHP,"Dead Man's Hand (Diamondback, No.5)","Dead Man's Hand (Diamondback, No.5)",unknown,5,12.1,242.0,19,14,False,20,0.6309297535714575
A1XLMPRMCAZBHP,Allie and the Ocean Blues,Allie and the Ocean Blues,unknown,6,11.7,234.0,8,2,False,20,0.6309297535714575
A1XLMPRMCAZBHP,"Color Inspirations: More than 3,000 Innovative Palettes from the Colourlovers.Com Community","Color Inspirations: More than 3,000 Innovative Pal...",unknown,7,11.45,229.0,5,-2,False,20,0.6309297535714575
A1XLMPRMCAZBHP,"Knights of the Order; St.John, Jerusalem, Rhodes, Malta","Knights of the Order; St.John, Jerusalem, Rhodes, ...",unknown,8,10.8,216.0,3,-5,False,20,0.6309297535714575
A1XLMPRMCAZBHP,Roatan Magic Hidden Jewel of the Western Caribbean,Roatan Magic Hidden Jewel of the Western Caribbean,unknown,9,10.75,215.0,0,-9,False,20,0.6309297535714575
A1XLMPRMCAZBHP,The White Hunter (The House of Winslow #22),The White Hunter (The House of Winslow #22),unknown,10,10.65,213.0,7,-3,False,20,0.6309297535714575
A1XLMPRMCAZBHP,The Big Jump,The Big Jump,unknown,11,10.55,211.0,15,4,False,20,0.6309297535714575
A1XLMPRMCAZBHP,"The Irish Militia, 1793-1802: Ireland's Forgotten Army","The Irish Militia, 1793-1802: Ireland's Forgotten ...",unknown,12,10.55,211.0,6,-6,False,20,0.6309297535714575
A1XLMPRMCAZBHP,"A Good, Good Morning","A Good, Good Morning",unknown,13,10.2,204.0,14,1,False,20,0.6309297535714575
A1XLMPRMCAZBHP,Piero Sraffa: The Man and the Scholar: Exploring His Unpublished Papers,Piero Sraffa: The Man and the Scholar: Exploring H...,unknown,14,10.1,202.0,16,2,False,20,0.6309297535714575
A1XLMPRMCAZBHP,Oppositional Defiant Disorder: A Mother's Survival,Oppositional Defiant Disorder: A Mother's Survival,unknown,15,8.95,179.0,11,-4,False,20,0.6309297535714575
A1XLMPRMCAZBHP,Craps Underground: The Inside Story of How Dice Controllers are Winning Millions from the Casinos!,Craps Underground: The Inside Story of How Dice Co...,unknown,16,8.85,177.0,13,-3,False,20,0.6309297535714575
A1XLMPRMCAZBHP,Magento 1.4 Theming Cookbook,Magento 1.4 Theming Cookbook,unknown,17,8.7,174.0,10,-7,False,20,0.6309297535714575
A1XLMPRMCAZBHP,Drop Dead Monstrous: A Sweatdrop Anthology That Goes Bump in the Night,Drop Dead Monstrous: A Sweatdrop Anthology That Go...,unknown,18,8.55,171.0,9,-9,False,20,0.6309297535714575
A1XLMPRMCAZBHP,BASEBALL AMERICAS 1999 DIRECTORY,BASEBALL AMERICAS 1999 DIRECTORY,unknown,19,7.5,150.0,2,-17,False,20,0.6309297535714575
A1XLMPRMCAZBHP,DSST Technical Writing DANTES Study Guide (Perfect Bound),DSST Technical Writing DANTES Study Guide (Perfect...,unknown,20,6.0,120.0,1,-19,False,20,0.6309297535714575
A52TGA42ZUMSP,Get Rich With Options: Four Winning Strategies Straight from the Exchange Floor,Get Rich With Options: Four Winning Strategies Str...,unknown,1,16.05,321.0,16,15,False,20,0.5
A52TGA42ZUMSP,Survival Guide to Edible Insects,Survival Guide to Edible Insects,unknown,2,15.8,316.0,10,8,False,20,0.5
A52TGA42ZUMSP,The Genius of Dogs: How Dogs Are Smarter Than You Think,The Genius of Dogs: How Dogs Are Smarter Than You ...,unknown,3,15.1,302.0,15,12,True,20,0.5
A52TGA42ZUMSP,Le Marche: an insider's guide,Le Marche: an insider's guide,unknown,4,11.95,239.0,8,4,False,20,0.5
A52TGA42ZUMSP,Modern Power System Analysis,Modern Power System Analysis,unknown,5,11.2,224.0,12,7,False,20,0.5
A52TGA42ZUMSP,Classical Music Top 40: Learn How To Listen To And Appreciate The 40 Most Popular And Important Pieces I,Classical Music Top 40: Learn How To Listen To And...,unknown,6,11.1,222.0,19,13,False,20,0.5
A52TGA42ZUMSP,Understanding the Future: A Survivor's Guide to Riding the Cosmic Wave*The Major Astrological Predictions from Now to 2020 and How They Will Shape Our World,Understanding the Future: A Survivor's Guide to Ri...,unknown,7,10.85,217.0,2,-5,False,20,0.5
A52TGA42ZUMSP,"The Bon Landscape of Dolpo: Pilgrimages, Monasteries, Biographies and the Emergence of Bon (Welten Süd- und Zentralasiens / Worlds of South and Inner ... de l'Asie du Sud et de l'Asie centrale)","The Bon Landscape of Dolpo: Pilgrimages, Monasteri...",unknown,8,10.75,215.0,1,-7,False,20,0.5
A52TGA42ZUMSP,Mastering Windows SharePoint Services 3.0,Mastering Windows SharePoint Services 3.0,unknown,9,10.7,214.0,4,-5,False,20,0.5
A52TGA42ZUMSP,Everybody's Grandpa: Fifty Years Behind the Mike,Everybody's Grandpa: Fifty Years Behind the Mike,unknown,10,10.6,212.0,14,4,False,20,0.5
A52TGA42ZUMSP,Understanding Labor Law,Understanding Labor Law,unknown,11,10.3,206.0,13,2,False,20,0.5
A52TGA42ZUMSP,The Polyphony of Saint Martial and Santiago de Compostela (2 Volumes),The Polyphony of Saint Martial and Santiago de Com...,unknown,12,10.2,204.0,18,6,False,20,0.5
A52TGA42ZUMSP,Pilgrennon's Beacon,Pilgrennon's Beacon,unknown,13,10.2,204.0,11,-2,False,20,0.5
A52TGA42ZUMSP,Castle: Richard Castle's Unholy Storm,Castle: Richard Castle's Unholy Storm,unknown,14,9.95,199.0,3,-11,False,20,0.5
A52TGA42ZUMSP,They Lied to Us,They Lied to Us,unknown,15,9.35,187.0,9,-6,False,20,0.5
A52TGA42ZUMSP,"Deep Secrets (A Summer of Love Trilogy #3) (The Nancy Drew Files, Case 50)",Deep Secrets (A Summer of Love Trilogy #3) (The Na...,unknown,16,8.5,170.0,5,-11,False,20,0.5
A52TGA42ZUMSP,Rodgers and Hart (Easy Piano),Rodgers and Hart (Easy Piano),unknown,17,8.4,168.0,17,0,False,20,0.5
A52TGA42ZUMSP,Michigan Criminal Law & Procedure: A Manual for Michigan Police Officers,Michigan Criminal Law & Procedure: A Manual for Mi...,unknown,18,7.2,144.0,7,-11,False,20,0.5
A52TGA42ZUMSP,Mosby's PDQ for LPN,Mosby's PDQ for LPN,unknown,19,6.25,125.0,6,-13,False,20,0.5
A52TGA42ZUMSP,Ben Thang Cuoc I - Giai Phong (Vietnamese Edition),Ben Thang Cuoc I - Giai Phong (Vietnamese Edition),unknown,20,5.55,111.0,0,-20,False,20,0.5
A2POQIEEIRR1FF,Solving Stonehenge: The New Key to an Ancient Enigma,Solving Stonehenge: The New Key to an Ancient Enig...,unknown,1,17.55,351.0,9,8,False,20,0.0
A2POQIEEIRR1FF,"Adventurers Wanted, Book 3: Albrek's Tomb (Adventurers Wanted, 3)","Adventurers Wanted, Book 3: Albrek's Tomb (Adventu...",unknown,2,16.0,320.0,15,13,False,20,0.0
A2POQIEEIRR1FF,The Palmistry Workbook: A Step-by-Step Guide to the Art of Palm Reading (Divination and Energy Workbooks),The Palmistry Workbook: A Step-by-Step Guide to th...,unknown,3,13.1,262.0,1,-2,False,20,0.0
A2POQIEEIRR1FF,Reclaiming Judaism as a Spiritual Practice: Holy Days and Shabbat,Reclaiming Judaism as a Spiritual Practice: Holy D...,unknown,4,12.85,257.0,16,12,False,20,0.0
A2POQIEEIRR1FF,Ready for Revolution: The Life and Struggles of Stokely Carmichael (Kwame Ture),Ready for Revolution: The Life and Struggles of St...,unknown,5,12.7,254.0,17,12,False,20,0.0
A2POQIEEIRR1FF,The Lost Civilizations of the Stone Age,The Lost Civilizations of the Stone Age,unknown,6,11.45,229.0,18,12,False,20,0.0
A2POQIEEIRR1FF,Drawn to Golf,Drawn to Golf,unknown,7,11.05,221.0,14,7,False,20,0.0
A2POQIEEIRR1FF,The Owl Keeper,The Owl Keeper,unknown,8,11.05,221.0,10,2,True,20,0.0
A2POQIEEIRR1FF,"Divided in Two: The Road to Civil War, 1861 (Civil War (Minneapolis, Minn.).)","Divided in Two: The Road to Civil War, 1861 (Civil...",unknown,9,10.65,213.0,5,-4,False,20,0.0
A2POQIEEIRR1FF,Women in High Def: Boldly Living Your Purposes with Vibrant Clarity,Women in High Def: Boldly Living Your Purposes wit...,unknown,10,10.6,212.0,12,2,False,20,0.0
A2POQIEEIRR1FF,"Wind, Water, Work: Ancient And Medieval Milling Technology (Technology and Change in History)","Wind, Water, Work: Ancient And Medieval Milling Te...",unknown,11,10.35,207.0,6,-5,False,20,0.0
A2POQIEEIRR1FF,The Young Widow (Phillip Bethancourt and Jack Gibbons Mysteries),The Young Widow (Phillip Bethancourt and Jack Gibb...,unknown,12,10.25,205.0,19,7,False,20,0.0
A2POQIEEIRR1FF,The Inner Nature of Music and the Experience of Tone: Selected Lectures from the Work of Rudolf Steiner (CW 283),The Inner Nature of Music and the Experience of To...,unknown,13,10.2,204.0,3,-10,False,20,0.0
A2POQIEEIRR1FF,At the Altar,At the Altar,unknown,14,9.8,196.0,7,-7,False,20,0.0
A2POQIEEIRR1FF,The Suns of Caresh (Doctor Who),The Suns of Caresh (Doctor Who),unknown,15,9.15,183.0,4,-11,False,20,0.0
A2POQIEEIRR1FF,"The Destroyer: Created, The Destroyer #1","The Destroyer: Created, The Destroyer #1",unknown,16,7.9,158.0,8,-8,False,20,0.0
A2POQIEEIRR1FF,The Two Sillies,The Two Sillies,unknown,17,7.8,156.0,13,-4,False,20,0.0
A2POQIEEIRR1FF,Utah Hit (Black Horse Westerns),Utah Hit (Black Horse Westerns),unknown,18,7.1,142.0,0,-18,False,20,0.0
A2POQIEEIRR1FF,Ford Super Duty Pick-up & Excursion for Ford Super Duty F-250 & F-350 Pick-ups & Excursion 999-10) Haynes Repair Manual: Includes Gasoline and Diesel Engines,Ford Super Duty Pick-up & Excursion for Ford Super...,unknown,19,5.7,114.0,2,-17,False,20,0.0
A2POQIEEIRR1FF,Spanish & Mexican Cooking.,Spanish & Mexican Cooking.,unknown,20,4.75,95.0,11,-9,False,20,0.0
A3VCHEPDZSPJZY,How to Live with Your Parents Without Losing Your Mind!,How to Live with Your Parents Without Losing Your ...,unknown,1,14.95,299.0,16,15,False,20,0.0
A3VCHEPDZSPJZY,Amy Butler's Sew-It Kit: 15 Simple and Stylish Projects for the Home,Amy Butler's Sew-It Kit: 15 Simple and Stylish Pro...,unknown,2,14.7,294.0,2,0,False,20,0.0
A3VCHEPDZSPJZY,Penelope Hobhouse on Gardening,Penelope Hobhouse on Gardening,unknown,3,13.5,270.0,1,-2,False,20,0.0
A3VCHEPDZSPJZY,Pilgrimage: A Chronicle of Christianity Through the Churches of Rome,Pilgrimage: A Chronicle of Christianity Through th...,unknown,4,12.9,258.0,18,14,False,20,0.0
A3VCHEPDZSPJZY,"Lost Kingdom: Hawaii's Last Queen, the Sugar Kings and America's First Imperial Adventure","Lost Kingdom: Hawaii's Last Queen, the Sugar Kings...",unknown,5,12.3,246.0,7,2,False,20,0.0
A3VCHEPDZSPJZY,"The Apple Cookbook: More Than Sixty Easy, Imaginative Recipes (Basic Ingredients)","The Apple Cookbook: More Than Sixty Easy, Imaginat...",unknown,6,11.7,234.0,6,0,False,20,0.0
A3VCHEPDZSPJZY,NPR Road Trips: Fairs and Festivals: Stories That Take You Away . . .,NPR Road Trips: Fairs and Festivals: Stories That ...,unknown,7,11.45,229.0,17,10,False,20,0.0
A3VCHEPDZSPJZY,How to Work for a Jerk: Your Success is the Best Revenge,How to Work for a Jerk: Your Success is the Best R...,unknown,8,11.25,225.0,4,-4,True,20,0.0
A3VCHEPDZSPJZY,In The Shadow of Sherlock Holmes,In The Shadow of Sherlock Holmes,unknown,9,11.2,224.0,11,2,False,20,0.0
A3VCHEPDZSPJZY,"Famous First Facts: A Record of First Happenings, Discoveries, and Inventions in American History","Famous First Facts: A Record of First Happenings, ...",unknown,10,10.65,213.0,14,4,False,20,0.0
A3VCHEPDZSPJZY,Quick Little Quilts,Quick Little Quilts,unknown,11,10.6,212.0,10,-1,False,20,0.0
A3VCHEPDZSPJZY,"Cracking the AP Physics B & C Exam, 2004-2005 Edition (College Test Prep)","Cracking the AP Physics B & C Exam, 2004-2005 Edit...",unknown,12,9.85,197.0,13,1,False,20,0.0
A3VCHEPDZSPJZY,"Swedish Lessons: a memoir of sects, love and indentured servitude. Sort of.","Swedish Lessons: a memoir of sects, love and inden...",unknown,13,9.5,190.0,12,-1,False,20,0.0
A3VCHEPDZSPJZY,The Most Dangerous Man in America: The Making of Douglas MacArthur,The Most Dangerous Man in America: The Making of D...,unknown,14,9.4,188.0,0,-14,False,20,0.0
A3VCHEPDZSPJZY,Down In The Valley: More Great Singing Games for Children Book/CD Combo,Down In The Valley: More Great Singing Games for C...,unknown,15,9.25,185.0,15,0,False,20,0.0
A3VCHEPDZSPJZY,Tofu! Tofu! Tofu! - Chinese Style,Tofu! Tofu! Tofu! - Chinese Style,unknown,16,8.15,163.0,19,3,False,20,0.0
A3VCHEPDZSPJZY,The Practice of Magical Evocation,The Practice of Magical Evocation,unknown,17,8.0,160.0,9,-8,False,20,0.0
A3VCHEPDZSPJZY,"Introduction to Pattern Recognition : Statistical, Structural, Neural and Fuzzy Logic Approaches (Series in Machine Perception and Artificial Intelligence)","Introduction to Pattern Recognition : Statistical,...",unknown,18,8.0,160.0,8,-10,False,20,0.0
A3VCHEPDZSPJZY,Absenteeism in the Workplace,Absenteeism in the Workplace,unknown,19,7.05,141.0,5,-14,False,20,0.0
A3VCHEPDZSPJZY,The Great and Abominable Church of the Devil,The Great and Abominable Church of the Devil,unknown,20,5.6,112.0,3,-17,False,20,0.0
A27H8CWPIT2Q2X,God in the Yard: Spiritual practice for the rest of us,God in the Yard: Spiritual practice for the rest o...,unknown,1,15.1,302.0,0,-1,False,20,0.43067655807339306
A27H8CWPIT2Q2X,Thunder In The Night (Crimson Romance),Thunder In The Night (Crimson Romance),unknown,2,12.75,255.0,7,5,False,20,0.43067655807339306
A27H8CWPIT2Q2X,Sanctuary: Global Oases of Innocence,Sanctuary: Global Oases of Innocence,unknown,3,12.4,248.0,5,2,False,20,0.43067655807339306
A27H8CWPIT2Q2X,Black Widow: A Novel (Nikki Turner Original),Black Widow: A Novel (Nikki Turner Original),unknown,4,12.2,244.0,10,6,True,20,0.43067655807339306
A27H8CWPIT2Q2X,Forgotten Firebrand: James Redpath and the Making of Nineteenth-Century America,Forgotten Firebrand: James Redpath and the Making ...,unknown,5,11.9,238.0,4,-1,False,20,0.43067655807339306
A27H8CWPIT2Q2X,Apostolic Guidelines to Release the Prophetic: Increasing the Prophetic to the Next Level,Apostolic Guidelines to Release the Prophetic: Inc...,unknown,6,11.35,227.0,18,12,False,20,0.43067655807339306
A27H8CWPIT2Q2X,The Miracle of Real Forgiveness: Freeing Us To Love,The Miracle of Real Forgiveness: Freeing Us To Lov...,unknown,7,11.35,227.0,14,7,False,20,0.43067655807339306
A27H8CWPIT2Q2X,Infancy and History: On the Destruction of Experience (Radical Thinkers),Infancy and History: On the Destruction of Experie...,unknown,8,11.1,222.0,15,7,False,20,0.43067655807339306
A27H8CWPIT2Q2X,OPUS: 25 Years of His Sunday Best,OPUS: 25 Years of His Sunday Best,unknown,9,10.55,211.0,3,-6,False,20,0.43067655807339306
A27H8CWPIT2Q2X,The Kamo Horse (Akitada Stories Book 8),The Kamo Horse (Akitada Stories Book 8),unknown,10,10.3,206.0,13,3,False,20,0.43067655807339306
A27H8CWPIT2Q2X,Guitar for Dummies,Guitar for Dummies,unknown,11,10.2,204.0,1,-10,False,20,0.43067655807339306
A27H8CWPIT2Q2X,Sarah Leah Chase's Year Around Cookbook,Sarah Leah Chase's Year Around Cookbook,unknown,12,9.9,198.0,16,4,False,20,0.43067655807339306
A27H8CWPIT2Q2X,At the Wire: Horse Racing's Greatest Moments,At the Wire: Horse Racing's Greatest Moments,unknown,13,9.6,192.0,8,-5,False,20,0.43067655807339306
A27H8CWPIT2Q2X,"Colorful File Folder Games, Grade 3 (Colorful Game Book Series)","Colorful File Folder Games, Grade 3 (Colorful Game...",unknown,14,9.45,189.0,11,-3,False,20,0.43067655807339306
A27H8CWPIT2Q2X,Let's Go to the United States Coast Guard Academy.,Let's Go to the United States Coast Guard Academy.,unknown,15,9.4,188.0,17,2,False,20,0.43067655807339306
A27H8CWPIT2Q2X,"Donne, Jonson and the Finality of Print","Donne, Jonson and the Finality of Print",unknown,16,9.0,180.0,19,3,False,20,0.43067655807339306
A27H8CWPIT2Q2X,1000 Best Job Hunting Secrets,1000 Best Job Hunting Secrets,unknown,17,8.8,176.0,6,-11,False,20,0.43067655807339306
A27H8CWPIT2Q2X,Chiang Kai-Shek,Chiang Kai-Shek,unknown,18,8.55,171.0,9,-9,False,20,0.43067655807339306
A27H8CWPIT2Q2X,Cold-Moulded and Strip-Planked Wood Boat Building (1st Edition),Cold-Moulded and Strip-Planked Wood Boat Building ...,unknown,19,8.25,165.0,2,-17,False,20,0.43067655807339306
A27H8CWPIT2Q2X,"The Adventures of Sissy Van Dyke: It's Not Just a Name, It's a Lifestyle",The Adventures of Sissy Van Dyke: It's Not Just a ...,unknown,20,7.85,157.0,12,-8,False,20,0.43067655807339306
A1IH801KSB2TAA,Activating Your Ambition: A Guide to Coaching the Best Out of Yourself and Others,Activating Your Ambition: A Guide to Coaching the ...,unknown,1,15.75,315.0,19,18,False,20,1.0
A1IH801KSB2TAA,Kindred (Black Women Writers Series),Kindred (Black Women Writers Series),unknown,2,15.65,313.0,17,15,True,20,1.0
A1IH801KSB2TAA,The Power of Maps,The Power of Maps,unknown,3,13.75,275.0,5,2,False,20,1.0
A1IH801KSB2TAA,3 Minutes to a Pain-Free Life: The Groundbreaking Program for Total Body Pain Prevention and Rapid Relief,3 Minutes to a Pain-Free Life: The Groundbreaking ...,unknown,4,13.2,264.0,2,-2,False,20,1.0
A1IH801KSB2TAA,The Cone Sisters of Baltimore: Collecting at Full Tilt,The Cone Sisters of Baltimore: Collecting at Full ...,unknown,5,12.95,259.0,6,1,False,20,1.0
A1IH801KSB2TAA,Concise Encyclopedia of Languages of the World (Concise Encyclopedias of Language and Linguistics),Concise Encyclopedia of Languages of the World (Co...,unknown,6,12.35,247.0,7,1,False,20,1.0
A1IH801KSB2TAA,Hats Gloves Scarves: Easy Designer Knits for Family and Friends,Hats Gloves Scarves: Easy Designer Knits for Famil...,unknown,7,11.35,227.0,9,2,False,20,1.0
A1IH801KSB2TAA,Project Management for Small Projects,Project Management for Small Projects,unknown,8,10.65,213.0,4,-4,False,20,1.0
A1IH801KSB2TAA,501 Word Analogy Questions,501 Word Analogy Questions,unknown,9,10.6,212.0,11,2,False,20,1.0
A1IH801KSB2TAA,Monochromatic Dan,Monochromatic Dan,unknown,10,10.5,210.0,16,6,False,20,1.0
A1IH801KSB2TAA,Holt Earth Science: Regents Review Guide With Practice Exams Grades 9-12,Holt Earth Science: Regents Review Guide With Prac...,unknown,11,10.3,206.0,3,-8,False,20,1.0
A1IH801KSB2TAA,The SECRET FAMILY: TWENTY-FOUR HOURS INSIDE THE MYSTERIOUS WORLD OF OUR MINDS AND BODIES,The SECRET FAMILY: TWENTY-FOUR HOURS INSIDE THE MY...,unknown,12,9.8,196.0,18,6,False,20,1.0
A1IH801KSB2TAA,"Fat Cat of Underwhere (Underwhere, 4)","Fat Cat of Underwhere (Underwhere, 4)",unknown,13,8.95,179.0,14,1,False,20,1.0
A1IH801KSB2TAA,"""The Morgesons"" and Other Writings, Published and Unpublished","""The Morgesons"" and Other Writings, Published and ...",unknown,14,8.65,173.0,10,-4,False,20,1.0
A1IH801KSB2TAA,Circle Way,Circle Way,unknown,15,8.1,162.0,12,-3,False,20,1.0
A1IH801KSB2TAA,CLEP® U.S. History I & II Flashcards w/CD (CLEP Test Preparation),CLEP® U.S. History I & II Flashcards w/CD (CLEP Te...,unknown,16,8.05,161.0,13,-3,False,20,1.0
A1IH801KSB2TAA,Canary Islands Travel Pack,Canary Islands Travel Pack,unknown,17,7.8,156.0,8,-9,False,20,1.0
A1IH801KSB2TAA,"Happy Haunting, Amelia Bedelia (I Can Read Level 2)","Happy Haunting, Amelia Bedelia (I Can Read Level 2...",unknown,18,7.25,145.0,0,-18,False,20,1.0
A1IH801KSB2TAA,Helmet of Flesh,Helmet of Flesh,unknown,19,7.2,144.0,1,-18,False,20,1.0
A1IH801KSB2TAA,Mikhail Bakhtin,Mikhail Bakhtin,unknown,20,7.15,143.0,15,-5,False,20,1.0
A5NJIOL18DF9X,JFK and the Unspeakable: Why He Died and Why It Matters,JFK and the Unspeakable: Why He Died and Why It Ma...,unknown,1,18.05,361.0,17,16,True,20,1.0
A5NJIOL18DF9X,Speaking of Radio: Chuck Schaden's Conversations with the Stars of the Golden Age of Radio,Speaking of Radio: Chuck Schaden's Conversations w...,unknown,2,13.75,275.0,3,1,False,20,1.0
A5NJIOL18DF9X,When Art Became Fashion: Kosode in Edo-Period Japan,When Art Became Fashion: Kosode in Edo-Period Japa...,unknown,3,11.95,239.0,8,5,False,20,1.0
A5NJIOL18DF9X,Black Sheep: 2,Black Sheep: 2,unknown,4,11.7,234.0,5,1,False,20,1.0
A5NJIOL18DF9X,"Where Sea Meets Sky (Star Trek: The Captain's Table, Book 6)",Where Sea Meets Sky (Star Trek: The Captain's Tabl...,unknown,5,11.15,223.0,14,9,False,20,1.0
A5NJIOL18DF9X,Not-Two Is Peace: The Ordinary People's Way of Global Cooperative Order,Not-Two Is Peace: The Ordinary People's Way of Glo...,unknown,6,11.1,222.0,12,6,False,20,1.0
A5NJIOL18DF9X,The Best Baskets in the World - The Fine Art of Panama's Wounaan and Embera Indians,The Best Baskets in the World - The Fine Art of Pa...,unknown,7,11.0,220.0,16,9,False,20,1.0
A5NJIOL18DF9X,The Naruto Saga: The Unofficial Guide (Mysteries And Secrets Revealed),The Naruto Saga: The Unofficial Guide (Mysteries A...,unknown,8,10.4,208.0,1,-7,False,20,1.0
A5NJIOL18DF9X,The Littlest Volunteers,The Littlest Volunteers,unknown,9,10.2,204.0,2,-7,False,20,1.0
A5NJIOL18DF9X,Why the Japanese Lost,Why the Japanese Lost,unknown,10,10.15,203.0,4,-6,False,20,1.0
A5NJIOL18DF9X,Perfect Fling (Serendipity's Finest),Perfect Fling (Serendipity's Finest),unknown,11,10.1,202.0,9,-2,False,20,1.0
A5NJIOL18DF9X,"The History of Sexuality, Volume 3: The Care of the Self","The History of Sexuality, Volume 3: The Care of th...",unknown,12,9.75,195.0,15,3,False,20,1.0
A5NJIOL18DF9X,Jazz/1955-1959-61,Jazz/1955-1959-61,unknown,13,9.55,191.0,10,-3,False,20,1.0
A5NJIOL18DF9X,You Are Here,You Are Here,unknown,14,9.4,188.0,6,-8,False,20,1.0
A5NJIOL18DF9X,An African Expedition: Cairo to Cape Town-1947-1949,An African Expedition: Cairo to Cape Town-1947-194...,unknown,15,9.2,184.0,11,-4,False,20,1.0
A5NJIOL18DF9X,The New Complete Bull Terrier,The New Complete Bull Terrier,unknown,16,9.15,183.0,0,-16,False,20,1.0
A5NJIOL18DF9X,Paradise Overdose,Paradise Overdose,unknown,17,9.15,183.0,19,2,False,20,1.0
A5NJIOL18DF9X,THE GREAT INTERNATIONAL PAPER AIRPLANE BOOK,THE GREAT INTERNATIONAL PAPER AIRPLANE BOOK,unknown,18,9.1,182.0,13,-5,False,20,1.0
A5NJIOL18DF9X,Getting Started With Pics: A Collection Of 2006 Nuts & Volts Magazine Articles,Getting Started With Pics: A Collection Of 2006 Nu...,unknown,19,8.15,163.0,18,-1,False,20,1.0
A5NJIOL18DF9X,Thing-Thing,Thing-Thing,unknown,20,7.0,140.0,7,-13,False,20,1.0
AJLXD5EU7EYQI,Can't Stop Won't Stop : A History of the Hip Hop Generation,Can't Stop Won't Stop : A History of the Hip Hop G...,unknown,1,17.15,343.0,6,5,False,20,0.6309297535714575
AJLXD5EU7EYQI,Sex and Rockets: The Occult World of Jack Parsons,Sex and Rockets: The Occult World of Jack Parsons,unknown,2,15.85,317.0,10,8,True,20,0.6309297535714575
AJLXD5EU7EYQI,Fifty Animals that Changed the Course of History (Fifty Things That Changed the Course of History),Fifty Animals that Changed the Course of History (...,unknown,3,15.15,303.0,12,9,False,20,0.6309297535714575
AJLXD5EU7EYQI,Stories from the Inkslingers,Stories from the Inkslingers,unknown,4,13.6,272.0,9,5,False,20,0.6309297535714575
AJLXD5EU7EYQI,Bernie's Journey: A Life in Poems,Bernie's Journey: A Life in Poems,unknown,5,12.8,256.0,15,10,False,20,0.6309297535714575
AJLXD5EU7EYQI,"A River of Life, Book 1: Travels in the North (A River of Life: Travels through Modern India)","A River of Life, Book 1: Travels in the North (A R...",unknown,6,11.8,236.0,14,8,False,20,0.6309297535714575
AJLXD5EU7EYQI,Doctor Morrison's Miracle Guide to Pain-Free Health and Longevity,Doctor Morrison's Miracle Guide to Pain-Free Healt...,unknown,7,11.65,233.0,8,1,False,20,0.6309297535714575
AJLXD5EU7EYQI,Superspan,Superspan,unknown,8,11.05,221.0,0,-8,False,20,0.6309297535714575
AJLXD5EU7EYQI,The Spiritual Lives of Great Composers,The Spiritual Lives of Great Composers,unknown,9,10.85,217.0,3,-6,False,20,0.6309297535714575
AJLXD5EU7EYQI,Seed to Elegance,Seed to Elegance,unknown,10,9.6,192.0,5,-5,False,20,0.6309297535714575
AJLXD5EU7EYQI,What Time Is It?,What Time Is It?,unknown,11,9.35,187.0,4,-7,False,20,0.6309297535714575
AJLXD5EU7EYQI,Design and Aesthetics in Wood,Design and Aesthetics in Wood,unknown,12,8.8,176.0,17,5,False,20,0.6309297535714575
AJLXD5EU7EYQI,365 Things Every Woman Should Know,365 Things Every Woman Should Know,unknown,13,8.8,176.0,18,5,False,20,0.6309297535714575
AJLXD5EU7EYQI,"Naval Operations and Planning SMARTbook Guide to Designing, Planning and Conducting Maritime Operations",Naval Operations and Planning SMARTbook Guide to D...,unknown,14,8.6,172.0,1,-13,False,20,0.6309297535714575
AJLXD5EU7EYQI,Betrayal (Blood Haze: Book Three) A Paranormal Romance,Betrayal (Blood Haze: Book Three) A Paranormal Rom...,unknown,15,8.4,168.0,13,-2,False,20,0.6309297535714575
AJLXD5EU7EYQI,Desert Olive Oil Cultivation: Advanced Bio Technologies,Desert Olive Oil Cultivation: Advanced Bio Technol...,unknown,16,8.15,163.0,7,-9,False,20,0.6309297535714575
AJLXD5EU7EYQI,Santa Claus Doesn't Mop Floors (Bailey School Kids #3),Santa Claus Doesn't Mop Floors (Bailey School Kids...,unknown,17,7.55,151.0,16,-1,False,20,0.6309297535714575
AJLXD5EU7EYQI,"Superman: The Dailies VOL 02, 1940-1941","Superman: The Dailies VOL 02, 1940-1941",unknown,18,7.35,147.0,2,-16,False,20,0.6309297535714575
AJLXD5EU7EYQI,History: The Human Gamble,History: The Human Gamble,unknown,19,7.0,140.0,19,0,False,20,0.6309297535714575
AJLXD5EU7EYQI,World History for Christian Schools,World History for Christian Schools,unknown,20,6.5,130.0,11,-9,False,20,0.6309297535714575
A2ES79GO1TSCQV,Social Creatures: A Human and Animal Studies Reader,Social Creatures: A Human and Animal Studies Reade...,unknown,1,15.65,313.0,2,1,False,20,0.6309297535714575
A2ES79GO1TSCQV,"Wild New York: A Guide to the Wildlife, Wild Places and Natural Phenomena of New York City","Wild New York: A Guide to the Wildlife, Wild Place...",unknown,2,14.4,288.0,14,12,False,20,0.6309297535714575
A2ES79GO1TSCQV,The Teen Vogue Handbook: An Insider's Guide to Careers in Fashion,The Teen Vogue Handbook: An Insider's Guide to Car...,unknown,3,14.3,286.0,6,3,True,20,0.6309297535714575
A2ES79GO1TSCQV,"Day Hikes on Maui, 3rd","Day Hikes on Maui, 3rd",unknown,4,12.95,259.0,15,11,False,20,0.6309297535714575
A2ES79GO1TSCQV,"Let's Go Pacific Northwest Adventure Guide, 1st Edition","Let's Go Pacific Northwest Adventure Guide, 1st Ed...",unknown,5,12.85,257.0,9,4,False,20,0.6309297535714575
A2ES79GO1TSCQV,Virginia Celebrates: Recipes and Ideas for Entertaining,Virginia Celebrates: Recipes and Ideas for Enterta...,unknown,6,12.45,249.0,16,10,False,20,0.6309297535714575
A2ES79GO1TSCQV,"Daily Life in the Age of Sail: (The Greenwood Press ""Daily Life Through History"" Series)",Daily Life in the Age of Sail: (The Greenwood Pres...,unknown,7,12.15,243.0,8,1,False,20,0.6309297535714575
A2ES79GO1TSCQV,Three Men in a Boat / Three Men on the Bummel (Oxford World's Classics),Three Men in a Boat / Three Men on the Bummel (Oxf...,unknown,8,11.8,236.0,0,-8,False,20,0.6309297535714575
A2ES79GO1TSCQV,Green Smoothie Revolution: The Radical Leap Towards Natural Health,Green Smoothie Revolution: The Radical Leap Toward...,unknown,9,11.75,235.0,17,8,False,20,0.6309297535714575
A2ES79GO1TSCQV,The French and Indian War (Greenwood Guides to Historic Events 1500-1900),The French and Indian War (Greenwood Guides to His...,unknown,10,10.5,210.0,18,8,False,20,0.6309297535714575
A2ES79GO1TSCQV,Big Tree,Big Tree,unknown,11,10.4,208.0,1,-10,False,20,0.6309297535714575
A2ES79GO1TSCQV,Emmanuel Levinas: Basic Philosophical Writings (Studies in Continental Thought),Emmanuel Levinas: Basic Philosophical Writings (St...,unknown,12,10.2,204.0,5,-7,False,20,0.6309297535714575
A2ES79GO1TSCQV,Electric Don Quixote: The Definitive Story Of Frank Zappa,Electric Don Quixote: The Definitive Story Of Fran...,unknown,13,9.25,185.0,13,0,False,20,0.6309297535714575
A2ES79GO1TSCQV,Jalisco Condo Law in English,Jalisco Condo Law in English,unknown,14,8.05,161.0,12,-2,False,20,0.6309297535714575
A2ES79GO1TSCQV,Tortillas for the Daltons (Lucky Luke),Tortillas for the Daltons (Lucky Luke),unknown,15,7.85,157.0,4,-11,False,20,0.6309297535714575
A2ES79GO1TSCQV,Managing E-Business Projects,Managing E-Business Projects,unknown,16,7.65,153.0,10,-6,False,20,0.6309297535714575
A2ES79GO1TSCQV,Any Way You Want It,Any Way You Want It,unknown,17,7.25,145.0,7,-10,False,20,0.6309297535714575
A2ES79GO1TSCQV,I'll Never Find Another You,I'll Never Find Another You,unknown,18,7.2,144.0,3,-15,False,20,0.6309297535714575
A2ES79GO1TSCQV,Frey,Frey,unknown,19,7.05,141.0,11,-8,False,20,0.6309297535714575
A2ES79GO1TSCQV,How to Make a Church Fail,How to Make a Church Fail,unknown,20,6.3,126.0,19,-1,False,20,0.6309297535714575
A3M2035DU2ZZFI,Gracianna,Gracianna,unknown,1,17.55,351.0,6,5,True,20,1.0
A3M2035DU2ZZFI,Discoveries: Ramessess II: Greatest of the Pharaohs (Discoveries Series),Discoveries: Ramessess II: Greatest of the Pharaoh...,unknown,2,14.95,299.0,14,12,False,20,1.0
A3M2035DU2ZZFI,The Haunting of a Soldier's Soul: Reunion of Father and Sons After 60 Years,The Haunting of a Soldier's Soul: Reunion of Fathe...,unknown,3,14.7,294.0,9,6,False,20,1.0
A3M2035DU2ZZFI,Governor Tom Kean: From the New Jersey Statehouse to the 911 Commission,Governor Tom Kean: From the New Jersey Statehouse ...,unknown,4,13.35,267.0,5,1,False,20,1.0
A3M2035DU2ZZFI,L Is for Last Frontier: An Alaska Alphabet (Discover America State by State),L Is for Last Frontier: An Alaska Alphabet (Discov...,unknown,5,12.5,250.0,2,-3,False,20,1.0
A3M2035DU2ZZFI,The Goose Creek Bridge: Gateway to Sacred Places,The Goose Creek Bridge: Gateway to Sacred Places,unknown,6,12.2,244.0,11,5,False,20,1.0
A3M2035DU2ZZFI,The Gun That Wasn't There,The Gun That Wasn't There,unknown,7,11.4,228.0,12,5,False,20,1.0
A3M2035DU2ZZFI,"Irish: A Dictionary of Phrases, Terms and Epithets","Irish: A Dictionary of Phrases, Terms and Epithets",unknown,8,10.8,216.0,13,5,False,20,1.0
A3M2035DU2ZZFI,Painting Watercolour Trees the Easy Way,Painting Watercolour Trees the Easy Way,unknown,9,10.7,214.0,3,-6,False,20,1.0
A3M2035DU2ZZFI,Caylee's Confessions,Caylee's Confessions,unknown,10,10.25,205.0,15,5,False,20,1.0
A3M2035DU2ZZFI,Explaining and Understanding International Relations (Clarendon Paperbacks),Explaining and Understanding International Relatio...,unknown,11,10.2,204.0,0,-11,False,20,1.0
A3M2035DU2ZZFI,"Wu Style Taichichuan : Forms, Concepts and Application of the Original Style","Wu Style Taichichuan : Forms, Concepts and Applica...",unknown,12,10.0,200.0,19,7,False,20,1.0
A3M2035DU2ZZFI,CLEP Natural Sciences Study Guide (Perfect Bound),CLEP Natural Sciences Study Guide (Perfect Bound),unknown,13,9.6,192.0,10,-3,False,20,1.0
A3M2035DU2ZZFI,The Anatomy of an Horse: A Faithful Reproduction of the 1683 Edition,The Anatomy of an Horse: A Faithful Reproduction o...,unknown,14,8.9,178.0,8,-6,False,20,1.0
A3M2035DU2ZZFI,Daniel and the Revelation. The Response of History to the Voice of Prophecy,Daniel and the Revelation. The Response of History...,unknown,15,8.75,175.0,4,-11,False,20,1.0
A3M2035DU2ZZFI,Mad Jesus: The Final Testament of a Huichol Messiah from Northwest Mexico,Mad Jesus: The Final Testament of a Huichol Messia...,unknown,16,8.05,161.0,7,-9,False,20,1.0
A3M2035DU2ZZFI,Augusta Pfeuffer #3 c.1915 - Filet Crochet & How to Use It,Augusta Pfeuffer #3 c.1915 - Filet Crochet & How t...,unknown,17,7.35,147.0,17,0,False,20,1.0
A3M2035DU2ZZFI,Ukrainian Easter Egg Design Book 4 by Natalie Perchyshyn (2002) Perfect Paperback,Ukrainian Easter Egg Design Book 4 by Natalie Perc...,unknown,18,7.2,144.0,18,0,False,20,1.0
A3M2035DU2ZZFI,Hers: 30 Erotic Tales Written Just for Her,Hers: 30 Erotic Tales Written Just for Her,unknown,19,6.45,129.0,1,-18,False,20,1.0
A3M2035DU2ZZFI,"Absolute Boyfriend, Vol. 4","Absolute Boyfriend, Vol. 4",unknown,20,5.1,102.0,16,-4,False,20,1.0
A2SAW09FJ1FX37,"Deception, A Jake Stone Thriller (Book Two) (The Jake Stone Thrillers 2)","Deception, A Jake Stone Thriller (Book Two) (The J...",unknown,1,17.8,356.0,17,16,False,20,0.6309297535714575
A2SAW09FJ1FX37,The Pleasure of Pain 3,The Pleasure of Pain 3,unknown,2,15.3,306.0,14,12,True,20,0.6309297535714575
A2SAW09FJ1FX37,Creating the Customer-Driven Library: Building on the Bookstore Model,Creating the Customer-Driven Library: Building on ...,unknown,3,13.6,272.0,5,2,False,20,0.6309297535714575
A2SAW09FJ1FX37,The Beach Street Knitting Society and Yarn Club,The Beach Street Knitting Society and Yarn Club,unknown,4,12.9,258.0,18,14,False,20,0.6309297535714575
A2SAW09FJ1FX37,The Taming of the Shrew (Shakespeare Made Easy Series),The Taming of the Shrew (Shakespeare Made Easy Ser...,unknown,5,12.3,246.0,13,8,False,20,0.6309297535714575
A2SAW09FJ1FX37,The Saving Seed: Growing a Financially Healthy Family Tree,The Saving Seed: Growing a Financially Healthy Fam...,unknown,6,11.9,238.0,2,-4,False,20,0.6309297535714575
A2SAW09FJ1FX37,Blushing Pink,Blushing Pink,unknown,7,10.7,214.0,7,0,False,20,0.6309297535714575
A2SAW09FJ1FX37,Matt Helm - The Removers,Matt Helm - The Removers,unknown,8,10.35,207.0,3,-5,False,20,0.6309297535714575
A2SAW09FJ1FX37,The New York Times Easy Crossword Puzzles Volume 6: 50 Solvable Puzzles from the Pages of The New York Times,The New York Times Easy Crossword Puzzles Volume 6...,unknown,9,10.35,207.0,4,-5,False,20,0.6309297535714575
A2SAW09FJ1FX37,Perspective for Painters,Perspective for Painters,unknown,10,10.0,200.0,6,-4,False,20,0.6309297535714575
A2SAW09FJ1FX37,The Terminal Beach,The Terminal Beach,unknown,11,9.6,192.0,9,-2,False,20,0.6309297535714575
A2SAW09FJ1FX37,The Universal Brotherhood: Unleash Your Inner Abilities!/Missing Blood (Shadowrun),The Universal Brotherhood: Unleash Your Inner Abil...,unknown,12,9.3,186.0,11,-1,False,20,0.6309297535714575
A2SAW09FJ1FX37,"His Desert Rose (Harlequin Romance, No. 3618)","His Desert Rose (Harlequin Romance, No. 3618)",unknown,13,9.2,184.0,1,-12,False,20,0.6309297535714575
A2SAW09FJ1FX37,Nutrition in Essence,Nutrition in Essence,unknown,14,8.85,177.0,15,1,False,20,0.6309297535714575
A2SAW09FJ1FX37,Sweaters from the Maine Islands,Sweaters from the Maine Islands,unknown,15,8.8,176.0,8,-7,False,20,0.6309297535714575
A2SAW09FJ1FX37,Curious Poems - Dark Poems - Dark Poetry,Curious Poems - Dark Poems - Dark Poetry,unknown,16,8.4,168.0,0,-16,False,20,0.6309297535714575
A2SAW09FJ1FX37,The Letters Of A Portuguese Nun,The Letters Of A Portuguese Nun,unknown,17,8.3,166.0,16,-1,False,20,0.6309297535714575
A2SAW09FJ1FX37,Blowin' in the Wind,Blowin' in the Wind,unknown,18,7.85,157.0,12,-6,False,20,0.6309297535714575
A2SAW09FJ1FX37,Great Mitzvah Fair,Great Mitzvah Fair,unknown,19,7.75,155.0,19,0,False,20,0.6309297535714575
A2SAW09FJ1FX37,Travel Pocket Pads,Travel Pocket Pads,unknown,20,6.75,135.0,10,-10,False,20,0.6309297535714575
A4OWVRDJ40GEE,Make Your Job a Calling: How the Psychology of Vocation Can Change Your Life at Work,Make Your Job a Calling: How the Psychology of Voc...,unknown,1,14.9,298.0,18,17,False,20,0.43067655807339306
A4OWVRDJ40GEE,"The Animal Book: A Collection of the Fastest, Fiercest, Toughest, Cleverest, Shyest―and Most Surprising―Animals on Earth","The Animal Book: A Collection of the Fastest, Fier...",unknown,2,14.8,296.0,1,-1,False,20,0.43067655807339306
A4OWVRDJ40GEE,From the Classroom to the Kitchen Table: The Many Rich Blessings of Homeschooling,From the Classroom to the Kitchen Table: The Many ...,unknown,3,13.0,260.0,12,9,False,20,0.43067655807339306
A4OWVRDJ40GEE,Grant,Grant,unknown,4,12.75,255.0,17,13,True,20,0.43067655807339306
A4OWVRDJ40GEE,"Guide to Minerals, Rocks and Fossils (Firefly Pocket series)","Guide to Minerals, Rocks and Fossils (Firefly Pock...",unknown,5,12.1,242.0,2,-3,False,20,0.43067655807339306
A4OWVRDJ40GEE,"The Smoothie Recipe Book for Beginners: Essential Smoothies to Get Healthy, Lose Weight, and Feel Great",The Smoothie Recipe Book for Beginners: Essential ...,unknown,6,12.05,241.0,4,-2,False,20,0.43067655807339306
A4OWVRDJ40GEE,The Best Advice I Ever Got on Parenting: Incredible Insights from Well Known Moms & Dads,The Best Advice I Ever Got on Parenting: Incredibl...,unknown,7,11.95,239.0,19,12,False,20,0.43067655807339306
A4OWVRDJ40GEE,Precious Knit Blankies for Baby-16 Fast and Fabulous Designs by Jean Adel,Precious Knit Blankies for Baby-16 Fast and Fabulo...,unknown,8,11.8,236.0,8,0,False,20,0.43067655807339306
A4OWVRDJ40GEE,The Watercolor Artist's Paper Directory: Discover the Best Paper for Your Art!,The Watercolor Artist's Paper Directory: Discover ...,unknown,9,11.65,233.0,15,6,False,20,0.43067655807339306
A4OWVRDJ40GEE,"Vermont Wild, Adventures of Vermont Fish & Game Wardens, Vol. 1","Vermont Wild, Adventures of Vermont Fish & Game Wa...",unknown,10,11.55,231.0,7,-3,False,20,0.43067655807339306
A4OWVRDJ40GEE,Coping With Grieving and Loss,Coping With Grieving and Loss,unknown,11,11.15,223.0,14,3,False,20,0.43067655807339306
A4OWVRDJ40GEE,Through the Looking Glass: Collections in Miniature,Through the Looking Glass: Collections in Miniatur...,unknown,12,10.9,218.0,13,1,False,20,0.43067655807339306
A4OWVRDJ40GEE,The Book of Mormon: Selections Annotated & Explained (SkyLight Illuminations),The Book of Mormon: Selections Annotated & Explain...,unknown,13,10.35,207.0,10,-3,False,20,0.43067655807339306
A4OWVRDJ40GEE,Dublin 4,Dublin 4,unknown,14,8.95,179.0,16,2,False,20,0.43067655807339306
A4OWVRDJ40GEE,The Ford Cortina (Shire Library),The Ford Cortina (Shire Library),unknown,15,8.05,161.0,9,-6,False,20,0.43067655807339306
A4OWVRDJ40GEE,The Stone Of Sorrow: The Revealer Of Wonders (FATE OF THE STONE),The Stone Of Sorrow: The Revealer Of Wonders (FATE...,unknown,16,7.9,158.0,6,-10,False,20,0.43067655807339306
A4OWVRDJ40GEE,Our useless fears,Our useless fears,unknown,17,7.5,150.0,0,-17,False,20,0.43067655807339306
A4OWVRDJ40GEE,Tiny Trumpet Plays Hide and Seek (Practical Parenting),Tiny Trumpet Plays Hide and Seek (Practical Parent...,unknown,18,6.45,129.0,5,-13,False,20,0.43067655807339306
A4OWVRDJ40GEE,Trolls (Schiffer Military History),Trolls (Schiffer Military History),unknown,19,6.4,128.0,3,-16,False,20,0.43067655807339306
A4OWVRDJ40GEE,BIAFRA STORY: The Making of an African Legend,BIAFRA STORY: The Making of an African Legend,unknown,20,5.8,116.0,11,-9,False,20,0.43067655807339306
A2T31C7XHEHQ34,"Point of No Return (Kathleen Turner, 5)","Point of No Return (Kathleen Turner, 5)",unknown,1,14.9,298.0,5,4,True,20,1.0
A2T31C7XHEHQ34,"Secrets of Professional Tournament Poker, Vol. 2: Stages of the Tournament (Volume 2)","Secrets of Professional Tournament Poker, Vol. 2: ...",unknown,2,14.5,290.0,19,17,False,20,1.0
A2T31C7XHEHQ34,Love Begins in Winter: Five Stories,Love Begins in Winter: Five Stories,unknown,3,13.85,277.0,11,8,False,20,1.0
A2T31C7XHEHQ34,"Food Lovers' Guide to® San Diego: The Best Restaurants, Markets & Local Culinary Offerings (Food Lovers' Series)",Food Lovers' Guide to® San Diego: The Best Restaur...,unknown,4,13.8,276.0,12,8,False,20,1.0
A2T31C7XHEHQ34,"Wingbeats and Heartbeats: Essays on Game Birds, Gun Dogs, and Days Afield","Wingbeats and Heartbeats: Essays on Game Birds, Gu...",unknown,5,13.4,268.0,3,-2,False,20,1.0
A2T31C7XHEHQ34,Cry Baby,Cry Baby,unknown,6,13.35,267.0,18,12,False,20,1.0
A2T31C7XHEHQ34,Material Matters: New Materials in Design,Material Matters: New Materials in Design,unknown,7,11.6,232.0,16,9,False,20,1.0
A2T31C7XHEHQ34,"Hidden Mysteries: ETs, Ancient Mystery Schools and Ascension (The Easy-to-Read Encyclodedia of the Spiritual Path, Volume IV)","Hidden Mysteries: ETs, Ancient Mystery Schools and...",unknown,8,11.3,226.0,4,-4,False,20,1.0
A2T31C7XHEHQ34,How to Start a Home-Based Personal Trainer Business: *Turn Your Fitness Passion To Profit *Get Trained And Certified *Set Your Own Schedule *Establish ... Everybody Wants! (Home-Based Business Series),How to Start a Home-Based Personal Trainer Busines...,unknown,9,11.25,225.0,2,-7,False,20,1.0
A2T31C7XHEHQ34,The Lost Boy,The Lost Boy,unknown,10,10.5,210.0,17,7,False,20,1.0
A2T31C7XHEHQ34,The Sacred Valley of the Incas: Myths and Symbols,The Sacred Valley of the Incas: Myths and Symbols,unknown,11,9.55,191.0,7,-4,False,20,1.0
A2T31C7XHEHQ34,Once and Always (Women of Character),Once and Always (Women of Character),unknown,12,9.4,188.0,1,-11,False,20,1.0
A2T31C7XHEHQ34,Stone Rabbit #8: Robot Frenzy,Stone Rabbit #8: Robot Frenzy,unknown,13,9.2,184.0,10,-3,False,20,1.0
A2T31C7XHEHQ34,"Revelation Speaks, Messages of Hope for a World in Turmoil","Revelation Speaks, Messages of Hope for a World in...",unknown,14,8.65,173.0,15,1,False,20,1.0
A2T31C7XHEHQ34,Brigham's Boys,Brigham's Boys,unknown,15,8.55,171.0,0,-15,False,20,1.0
A2T31C7XHEHQ34,Holman New Testament Commentary - Romans (Volume 6),Holman New Testament Commentary - Romans (Volume 6...,unknown,16,7.95,159.0,8,-8,False,20,1.0
A2T31C7XHEHQ34,"Common Core Assessments and Online Workbooks: Grade 7 Language Arts and Literacy, PARCC Edition: Common Core State Standards Aligned",Common Core Assessments and Online Workbooks: Grad...,unknown,17,7.85,157.0,14,-3,False,20,1.0
A2T31C7XHEHQ34,Mud Pies and Other Recipes: A Cookbook for Dolls,Mud Pies and Other Recipes: A Cookbook for Dolls,unknown,18,7.4,148.0,9,-9,False,20,1.0
A2T31C7XHEHQ34,Monet 2007 Pocket Calendar,Monet 2007 Pocket Calendar,unknown,19,6.55,131.0,13,-6,False,20,1.0
A2T31C7XHEHQ34,Diaries of Theodor Herzl,Diaries of Theodor Herzl,unknown,20,6.45,129.0,6,-14,False,20,1.0
A3TPI1HU4751EJ,"Wicked Beat (Sinners on Tour, 4)","Wicked Beat (Sinners on Tour, 4)",unknown,1,17.2,344.0,18,17,True,20,1.0
A3TPI1HU4751EJ,The Jaguar's Shadow: Searching for a Mythic Cat,The Jaguar's Shadow: Searching for a Mythic Cat,unknown,2,15.05,301.0,9,7,False,20,1.0
A3TPI1HU4751EJ,"Never Deal with a Dragon (Shadownrun, Vol. 1)","Never Deal with a Dragon (Shadownrun, Vol. 1)",unknown,3,15.0,300.0,5,2,False,20,1.0
A3TPI1HU4751EJ,One Foot in the Grave: Secrets of a Cemetery Sexton,One Foot in the Grave: Secrets of a Cemetery Sexto...,unknown,4,14.65,293.0,10,6,False,20,1.0
A3TPI1HU4751EJ,"Around the World in 80 Dates: What if Mr. Right Isn't Mr. Right Here, A True Story",Around the World in 80 Dates: What if Mr. Right Is...,unknown,5,13.4,268.0,8,3,False,20,1.0
A3TPI1HU4751EJ,The Pit in the Woods: A Mercy Falls Mythos,The Pit in the Woods: A Mercy Falls Mythos,unknown,6,11.1,222.0,4,-2,False,20,1.0
A3TPI1HU4751EJ,Clash Of Empires,Clash Of Empires,unknown,7,11.0,220.0,0,-7,False,20,1.0
A3TPI1HU4751EJ,Midnight and Magnolias (An Avon Romantic Treasure),Midnight and Magnolias (An Avon Romantic Treasure),unknown,8,10.8,216.0,14,6,False,20,1.0
A3TPI1HU4751EJ,Seaweed Under Water (Touchwood Mystery),Seaweed Under Water (Touchwood Mystery),unknown,9,10.5,210.0,6,-3,False,20,1.0
A3TPI1HU4751EJ,"Contemporary Japan: History, Politics, and Social Change Since the 1980s (Blackwell History of the Contemporary World)","Contemporary Japan: History, Politics, and Social ...",unknown,10,9.95,199.0,19,9,False,20,1.0
A3TPI1HU4751EJ,Levels of Power: The Senator,Levels of Power: The Senator,unknown,11,9.5,190.0,11,0,False,20,1.0
A3TPI1HU4751EJ,The Sweeper,The Sweeper,unknown,12,9.3,186.0,15,3,False,20,1.0
A3TPI1HU4751EJ,Penguin Modern Poets 13,Penguin Modern Poets 13,unknown,13,8.95,179.0,7,-6,False,20,1.0
A3TPI1HU4751EJ,Under the Sword: Life Lessons to Awaken the Zen Warrior in You,Under the Sword: Life Lessons to Awaken the Zen Wa...,unknown,14,8.7,174.0,16,2,False,20,1.0
A3TPI1HU4751EJ,Berklee Instant Drum Set: Play Right Now!,Berklee Instant Drum Set: Play Right Now!,unknown,15,8.45,169.0,13,-2,False,20,1.0
A3TPI1HU4751EJ,Ice Fishing! The Coolest Sport on Earth (Adventures with Jonny),Ice Fishing! The Coolest Sport on Earth (Adventure...,unknown,16,8.1,162.0,17,1,False,20,1.0
A3TPI1HU4751EJ,Crosley and Crosley Specials Limited Edition: Road Test Book,Crosley and Crosley Specials Limited Edition: Road...,unknown,17,8.1,162.0,3,-14,False,20,1.0
A3TPI1HU4751EJ,"Mark Twain - Confusing Science Terms, Grades 5 - 8","Mark Twain - Confusing Science Terms, Grades 5 - 8",unknown,18,7.6,152.0,2,-16,False,20,1.0
A3TPI1HU4751EJ,The false prophet: Rabbi Meir Kahane : from FBI informant to Knesset member,The false prophet: Rabbi Meir Kahane : from FBI in...,unknown,19,7.5,150.0,1,-18,False,20,1.0
A3TPI1HU4751EJ,Shoes: 2011 Mini Wall Calendar,Shoes: 2011 Mini Wall Calendar,unknown,20,5.15,103.0,12,-8,False,20,1.0
A6CGGUVTJKD5P,"The Lion, the Witch, and the Wardrobe (Chronicles of Narnia)","The Lion, the Witch, and the Wardrobe (Chronicles ...",unknown,1,16.75,335.0,8,7,True,20,1.0
A6CGGUVTJKD5P,Milo & Roger: A Magical Life,Milo & Roger: A Magical Life,unknown,2,13.25,265.0,1,-1,False,20,1.0
A6CGGUVTJKD5P,By Prayer and Petition: A Faith Journey Through Anxiety,By Prayer and Petition: A Faith Journey Through An...,unknown,3,12.2,244.0,9,6,False,20,1.0
A6CGGUVTJKD5P,Ethiopia (Enchantment of the World. Second Series),Ethiopia (Enchantment of the World. Second Series),unknown,4,12.15,243.0,17,13,False,20,1.0
A6CGGUVTJKD5P,Modern Trout Fishing: Advanced Tactics And Strategies For Today's Fly Fisher,Modern Trout Fishing: Advanced Tactics And Strateg...,unknown,5,11.35,227.0,13,8,False,20,1.0
A6CGGUVTJKD5P,American Hazardscapes: The Regionalization of Hazards and Disasters (Natural Hazards and Disasters: Reducing Loss and Building Su),American Hazardscapes: The Regionalization of Haza...,unknown,6,11.15,223.0,11,5,False,20,1.0
A6CGGUVTJKD5P,Haven (Tranquilli Bloodline),Haven (Tranquilli Bloodline),unknown,7,11.1,222.0,7,0,False,20,1.0
A6CGGUVTJKD5P,Down the Bayou: A Collection of Favorite Cajun Recipes,Down the Bayou: A Collection of Favorite Cajun Rec...,unknown,8,11.1,222.0,6,-2,False,20,1.0
A6CGGUVTJKD5P,The Winning Edge: Show Ring Secrets,The Winning Edge: Show Ring Secrets,unknown,9,10.8,216.0,18,9,False,20,1.0
A6CGGUVTJKD5P,"Lon Chaney, Jr.: Horror Film Star, 1906-1973","Lon Chaney, Jr.: Horror Film Star, 1906-1973",unknown,10,10.6,212.0,10,0,False,20,1.0
A6CGGUVTJKD5P,Dark Wings,Dark Wings,unknown,11,10.5,210.0,12,1,False,20,1.0
A6CGGUVTJKD5P,Mary Gostelow's Embroidery Book,Mary Gostelow's Embroidery Book,unknown,12,10.2,204.0,16,4,False,20,1.0
A6CGGUVTJKD5P,Junia: The First Woman Apostle,Junia: The First Woman Apostle,unknown,13,9.9,198.0,2,-11,False,20,1.0
A6CGGUVTJKD5P,Teach Me French Spiritual Songs (Paperback and CD) (English and French Edition),Teach Me French Spiritual Songs (Paperback and CD)...,unknown,14,9.15,183.0,5,-9,False,20,1.0
A6CGGUVTJKD5P,Complete Idiot's Guide to C++,Complete Idiot's Guide to C++,unknown,15,8.85,177.0,4,-11,False,20,1.0
A6CGGUVTJKD5P,"Meg Parker Mysteries Set 2: Mystery at the Red Barn, the Hospital Mystery, the Road Sign Mystery, the Attic Mystery, the Planetarium Mystery",Meg Parker Mysteries Set 2: Mystery at the Red Bar...,unknown,16,8.75,175.0,14,-2,False,20,1.0
A6CGGUVTJKD5P,BALANCHINE'S TCHAIKOVSKY,BALANCHINE'S TCHAIKOVSKY,unknown,17,8.75,175.0,3,-14,False,20,1.0
A6CGGUVTJKD5P,Stupendous SCRABBLE  Sudoku,Stupendous SCRABBLE  Sudoku,unknown,18,8.4,168.0,19,1,False,20,1.0
A6CGGUVTJKD5P,The Butcher of Bear Creek (Sidewinders),The Butcher of Bear Creek (Sidewinders),unknown,19,7.95,159.0,15,-4,False,20,1.0
A6CGGUVTJKD5P,Fokker D.VII in Action - Aircraft No. 166,Fokker D.VII in Action - Aircraft No. 166,unknown,20,7.1,142.0,0,-20,False,20,1.0
A427557OBB3TI,Barefoot,Barefoot,unknown,1,14.85,297.0,5,4,False,20,0.0
A427557OBB3TI,Celestial Passions - Brianna,Celestial Passions - Brianna,unknown,2,13.5,270.0,14,12,False,20,0.0
A427557OBB3TI,Photography Within the Humanities,Photography Within the Humanities,unknown,3,13.15,263.0,4,1,False,20,0.0
A427557OBB3TI,"Uninhibited, Robust, and Wide-Open: A Free Press for a New Century (Inalienable Rights)","Uninhibited, Robust, and Wide-Open: A Free Press f...",unknown,4,13.05,261.0,18,14,False,20,0.0
A427557OBB3TI,The land of a million elephants,The land of a million elephants,unknown,5,12.55,251.0,6,1,False,20,0.0
A427557OBB3TI,Sample the Seasons in Cross Stitch-6 Holiday Samplers for Great Gifts and Home Décor!,Sample the Seasons in Cross Stitch-6 Holiday Sampl...,unknown,6,11.95,239.0,10,4,False,20,0.0
A427557OBB3TI,Yoga: The Greater Tradition,Yoga: The Greater Tradition,unknown,7,11.7,234.0,13,6,False,20,0.0
A427557OBB3TI,Climatology: An Atmospheric Science (3rd Edition),Climatology: An Atmospheric Science (3rd Edition),unknown,8,11.55,231.0,16,8,False,20,0.0
A427557OBB3TI,Tempted By Innocence,Tempted By Innocence,unknown,9,11.3,226.0,7,-2,False,20,0.0
A427557OBB3TI,Tigers Of Heaven (Outlanders),Tigers Of Heaven (Outlanders),unknown,10,11.3,226.0,11,1,False,20,0.0
A427557OBB3TI,How I Learned,How I Learned,unknown,11,10.45,209.0,3,-8,False,20,0.0
A427557OBB3TI,Supernatural Love: Poems 1976-1992,Supernatural Love: Poems 1976-1992,unknown,12,10.15,203.0,12,0,False,20,0.0
A427557OBB3TI,Why Me?,Why Me?,unknown,13,9.85,197.0,2,-11,True,20,0.0
A427557OBB3TI,Nana Banana,Nana Banana,unknown,14,9.3,186.0,17,3,False,20,0.0
A427557OBB3TI,My Glitter Castle,My Glitter Castle,unknown,15,8.55,171.0,19,4,False,20,0.0
A427557OBB3TI,McDougal Littell Algebra 1: Concepts and Skills- Practice Workbook with Examples,McDougal Littell Algebra 1: Concepts and Skills- P...,unknown,16,8.2,164.0,1,-15,False,20,0.0
A427557OBB3TI,The New Combined Bible Dictionary and Concordance,The New Combined Bible Dictionary and Concordance,unknown,17,7.65,153.0,15,-2,False,20,0.0
A427557OBB3TI,TIME Annual 2010,TIME Annual 2010,unknown,18,7.5,150.0,9,-9,False,20,0.0
A427557OBB3TI,Drive Time French: Beginner Level,Drive Time French: Beginner Level,unknown,19,7.15,143.0,8,-11,False,20,0.0
A427557OBB3TI,Washington State vs Washington '37 Vintage Football Poster,Washington State vs Washington '37 Vintage Footbal...,unknown,20,6.3,126.0,0,-20,False,20,0.0
A2DRZO68FE3GBA,Pushed Too Far: A Thriller (Val Ryker Thrillers),Pushed Too Far: A Thriller (Val Ryker Thrillers),unknown,1,16.55,331.0,9,8,True,20,1.0
A2DRZO68FE3GBA,The Confidence Makeover,The Confidence Makeover,unknown,2,13.15,263.0,2,0,False,20,1.0
A2DRZO68FE3GBA,Warsaw,Warsaw,unknown,3,12.35,247.0,11,8,False,20,1.0
A2DRZO68FE3GBA,Grief Odyssey,Grief Odyssey,unknown,4,12.3,246.0,8,4,False,20,1.0
A2DRZO68FE3GBA,Can You Tell Me Where to Find Jesus?,Can You Tell Me Where to Find Jesus?,unknown,5,11.95,239.0,13,8,False,20,1.0
A2DRZO68FE3GBA,Twelve Steps to a Compassionate Life,Twelve Steps to a Compassionate Life,unknown,6,11.75,235.0,3,-3,False,20,1.0
A2DRZO68FE3GBA,My Evolution as an Entrepreneur: The Story behind Blackwell Consulting,My Evolution as an Entrepreneur: The Story behind ...,unknown,7,11.7,234.0,16,9,False,20,1.0
A2DRZO68FE3GBA,Your Children Are Not Your Children: The Story of Headfort,Your Children Are Not Your Children: The Story of ...,unknown,8,11.25,225.0,1,-7,False,20,1.0
A2DRZO68FE3GBA,"Help, Lord I Blew It Again","Help, Lord I Blew It Again",unknown,9,11.2,224.0,4,-5,False,20,1.0
A2DRZO68FE3GBA,Reflections of a Billionaire CEO: How To See You In the Image,Reflections of a Billionaire CEO: How To See You I...,unknown,10,11.0,220.0,14,4,False,20,1.0
A2DRZO68FE3GBA,The Cariboo Trail A Chronicle of the Gold-fields of British Columbia,The Cariboo Trail A Chronicle of the Gold-fields o...,unknown,11,10.1,202.0,15,4,False,20,1.0
A2DRZO68FE3GBA,"Orphaned, Fostered and Adopted: A True Story","Orphaned, Fostered and Adopted: A True Story",unknown,12,9.7,194.0,12,0,False,20,1.0
A2DRZO68FE3GBA,Cognate,Cognate,unknown,13,9.25,185.0,0,-13,False,20,1.0
A2DRZO68FE3GBA,"Buffalo Tree, The","Buffalo Tree, The",unknown,14,9.15,183.0,7,-7,False,20,1.0
A2DRZO68FE3GBA,Guide to Indian Rock Carvings of the Pacific Northwest Coast,Guide to Indian Rock Carvings of the Pacific North...,unknown,15,9.1,182.0,10,-5,False,20,1.0
A2DRZO68FE3GBA,Motion,Motion,unknown,16,8.75,175.0,6,-10,False,20,1.0
A2DRZO68FE3GBA,King's X: Common Law and the Death of Sir Harry Oakes,King's X: Common Law and the Death of Sir Harry Oa...,unknown,17,8.0,160.0,18,1,False,20,1.0
A2DRZO68FE3GBA,Popular Classical Piano,Popular Classical Piano,unknown,18,7.9,158.0,5,-13,False,20,1.0
A2DRZO68FE3GBA,Batman Begins: The Visual Guide,Batman Begins: The Visual Guide,unknown,19,7.65,153.0,19,0,False,20,1.0
A2DRZO68FE3GBA,Greek Cookbook Mallos,Greek Cookbook Mallos,unknown,20,7.2,144.0,17,-3,False,20,1.0
A237ZSSKQY6BRT,"Meteorology Today: An Introduction to Weather, Climate, and the Environment, 9th Edition","Meteorology Today: An Introduction to Weather, Cli...",unknown,1,15.35,307.0,12,11,False,20,0.0
A237ZSSKQY6BRT,Rendezvous at Kamakura Inn: A Thriller (Thomas Dunne Books),Rendezvous at Kamakura Inn: A Thriller (Thomas Dun...,unknown,2,13.8,276.0,6,4,False,20,0.0
A237ZSSKQY6BRT,Florida Keys Paddling Guide: From Key Largo to Key West,Florida Keys Paddling Guide: From Key Largo to Key...,unknown,3,12.75,255.0,14,11,False,20,0.0
A237ZSSKQY6BRT,"Talon, Come Fly with Me","Talon, Come Fly with Me",unknown,4,12.75,255.0,3,-1,False,20,0.0
A237ZSSKQY6BRT,The March of Chess Ideas: How the Century's Greatest Players Have Waged the War Over Chess Strategy,The March of Chess Ideas: How the Century's Greate...,unknown,5,12.3,246.0,2,-3,False,20,0.0
A237ZSSKQY6BRT,Science Fairs Plus: Reinventing an Old Favorite K-8,Science Fairs Plus: Reinventing an Old Favorite K-...,unknown,6,11.8,236.0,8,2,False,20,0.0
A237ZSSKQY6BRT,Father Figure (Jaxon Jennings),Father Figure (Jaxon Jennings),unknown,7,11.8,236.0,9,2,False,20,0.0
A237ZSSKQY6BRT,National Geographic Guide to America's Public Gardens,National Geographic Guide to America's Public Gard...,unknown,8,11.55,231.0,7,-1,False,20,0.0
A237ZSSKQY6BRT,Hellboy: Odd Jobs,Hellboy: Odd Jobs,unknown,9,11.3,226.0,5,-4,False,20,0.0
A237ZSSKQY6BRT,Wayfarer's Dawn: Book I of The Cataclysm Saga,Wayfarer's Dawn: Book I of The Cataclysm Saga,unknown,10,10.6,212.0,15,5,False,20,0.0
A237ZSSKQY6BRT,Neil Leifer: Guts and Glory: the Golden Age of American Football 1958-1978,Neil Leifer: Guts and Glory: the Golden Age of Ame...,unknown,11,10.25,205.0,18,7,False,20,0.0
A237ZSSKQY6BRT,Child of Galina,Child of Galina,unknown,12,9.95,199.0,1,-11,False,20,0.0
A237ZSSKQY6BRT,Bridge Across the Abyss: Medical Myths and Misconceptions,Bridge Across the Abyss: Medical Myths and Misconc...,unknown,13,9.35,187.0,13,0,False,20,0.0
A237ZSSKQY6BRT,"The Fox-North Coalition: Crisis of the Constitution, 1782-4",The Fox-North Coalition: Crisis of the Constitutio...,unknown,14,9.25,185.0,17,3,False,20,0.0
A237ZSSKQY6BRT,"Fear, The (An Enemy Novel) (An Enemy Novel, 3)","Fear, The (An Enemy Novel) (An Enemy Novel, 3)",unknown,15,9.05,181.0,0,-15,False,20,0.0
A237ZSSKQY6BRT,The Martial Arts Instructor's Toolbox,The Martial Arts Instructor's Toolbox,unknown,16,8.8,176.0,4,-12,False,20,0.0
A237ZSSKQY6BRT,Restraint and Revolution: The Art of Adare,Restraint and Revolution: The Art of Adare,unknown,17,8.5,170.0,11,-6,True,20,0.0
A237ZSSKQY6BRT,The End of All Things: A Defense of the Future,The End of All Things: A Defense of the Future,unknown,18,7.85,157.0,10,-8,False,20,0.0
A237ZSSKQY6BRT,Terri: Women of Valley View #2,Terri: Women of Valley View #2,unknown,19,7.75,155.0,16,-3,False,20,0.0
A237ZSSKQY6BRT,Alice in Wonderland.,Alice in Wonderland.,unknown,20,5.25,105.0,19,-1,False,20,0.0
AWV5DM44CFWO4,Dreamland: America at the Dawn of the Twentieth Century,Dreamland: America at the Dawn of the Twentieth Ce...,unknown,1,15.15,303.0,11,10,False,20,0.6309297535714575
AWV5DM44CFWO4,"One Summer: America, 1927","One Summer: America, 1927",unknown,2,14.9,298.0,16,14,True,20,0.6309297535714575
AWV5DM44CFWO4,"The Everything Cooking For Baby And Toddler Book: 300 Delicious, Easy Recipes to Get Your Child Off to a Healthy Start",The Everything Cooking For Baby And Toddler Book: ...,unknown,3,14.15,283.0,9,6,False,20,0.6309297535714575
AWV5DM44CFWO4,Secret of Lost Mountain: A Tale for Imaginations of All Ages,Secret of Lost Mountain: A Tale for Imaginations o...,unknown,4,12.75,255.0,2,-2,False,20,0.6309297535714575
AWV5DM44CFWO4,"William Steinitz, Chess Champion: A Biography of the Bohemian Caesar","William Steinitz, Chess Champion: A Biography of t...",unknown,5,12.5,250.0,13,8,False,20,0.6309297535714575
AWV5DM44CFWO4,Building Wealth Through Investment Property,Building Wealth Through Investment Property,unknown,6,11.8,236.0,10,4,False,20,0.6309297535714575
AWV5DM44CFWO4,Japanese Beadwork with Sonoko Nozue: 25 Jewelry Designs from a Master Artist (Beadweaving Master Class Series),Japanese Beadwork with Sonoko Nozue: 25 Jewelry De...,unknown,7,11.75,235.0,1,-6,False,20,0.6309297535714575
AWV5DM44CFWO4,The Environmental Revolution: A Guide for the New Masters of the World (Pelican),The Environmental Revolution: A Guide for the New ...,unknown,8,11.65,233.0,12,4,False,20,0.6309297535714575
AWV5DM44CFWO4,NPR Sunday Puzzles,NPR Sunday Puzzles,unknown,9,11.55,231.0,6,-3,False,20,0.6309297535714575
AWV5DM44CFWO4,Bluewing (The Frost Chronicles),Bluewing (The Frost Chronicles),unknown,10,11.0,220.0,14,4,False,20,0.6309297535714575
AWV5DM44CFWO4,The Trader's Book of Volume: The Definitive Guide to Volume Trading: The Definitive Guide to Volume Trading,The Trader's Book of Volume: The Definitive Guide ...,unknown,11,10.75,215.0,5,-6,False,20,0.6309297535714575
AWV5DM44CFWO4,"Hilda Boswell's Treasury: Stories, Poetry and Nursery Rhymes","Hilda Boswell's Treasury: Stories, Poetry and Nurs...",unknown,12,9.6,192.0,7,-5,False,20,0.6309297535714575
AWV5DM44CFWO4,The Cost Disease: Why Computers Get Cheaper and Health Care Doesn't,The Cost Disease: Why Computers Get Cheaper and He...,unknown,13,9.45,189.0,3,-10,False,20,0.6309297535714575
AWV5DM44CFWO4,"Modelling the P-40: Hawk 81, Tomahawk, Warhawk and Kittyhawk (Osprey Modelling)","Modelling the P-40: Hawk 81, Tomahawk, Warhawk and...",unknown,14,8.95,179.0,19,5,False,20,0.6309297535714575
AWV5DM44CFWO4,Play Day with Daddy,Play Day with Daddy,unknown,15,8.8,176.0,18,3,False,20,0.6309297535714575
AWV5DM44CFWO4,How to Say Your Rosary with St. Louis de Montfort,How to Say Your Rosary with St. Louis de Montfort,unknown,16,7.9,158.0,15,-1,False,20,0.6309297535714575
AWV5DM44CFWO4,"G1025CD - Everybody's Guitar Method, Book 1 Book/CD","G1025CD - Everybody's Guitar Method, Book 1 Book/C...",unknown,17,7.75,155.0,0,-17,False,20,0.6309297535714575
AWV5DM44CFWO4,Novena in Time of War: Soul-Searching Prayers and Meditations,Novena in Time of War: Soul-Searching Prayers and ...,unknown,18,7.15,143.0,17,-1,False,20,0.6309297535714575
AWV5DM44CFWO4,The Solar Corona,The Solar Corona,unknown,19,7.1,142.0,8,-11,False,20,0.6309297535714575
AWV5DM44CFWO4,Bob and Judy By Grace Storm (Guidance In Reading Series),Bob and Judy By Grace Storm (Guidance In Reading S...,unknown,20,5.35,107.0,4,-16,False,20,0.6309297535714575
A2BFTCG54H2I6I,Clan of the Cave Bear (Earth's Children),Clan of the Cave Bear (Earth's Children),unknown,1,15.7,314.0,4,3,True,20,1.0
A2BFTCG54H2I6I,Sister Wendy's Bible Treasury: Stories and Wisdom through the Eyes of Great Painters,Sister Wendy's Bible Treasury: Stories and Wisdom ...,unknown,2,14.95,299.0,18,16,False,20,1.0
A2BFTCG54H2I6I,Musical Story Hours: Using Music With Storytelling and Puppetry,Musical Story Hours: Using Music With Storytelling...,unknown,3,14.5,290.0,2,-1,False,20,1.0
A2BFTCG54H2I6I,My Father's Gift,My Father's Gift,unknown,4,12.5,250.0,19,15,False,20,1.0
A2BFTCG54H2I6I,Any Day a Beautiful Change: A Story of Faith and Family (The Young Clergy Women Project),Any Day a Beautiful Change: A Story of Faith and F...,unknown,5,12.4,248.0,16,11,False,20,1.0
A2BFTCG54H2I6I,Traditional Woodworking Handtools: A Manual for the Woodworker,Traditional Woodworking Handtools: A Manual for th...,unknown,6,12.35,247.0,11,5,False,20,1.0
A2BFTCG54H2I6I,Maine Butterflies & Moths: An Introduction to Familiar Species (State Nature Guides),Maine Butterflies & Moths: An Introduction to Fami...,unknown,7,12.2,244.0,8,1,False,20,1.0
A2BFTCG54H2I6I,Dancing the Body of Light,Dancing the Body of Light,unknown,8,11.3,226.0,7,-1,False,20,1.0
A2BFTCG54H2I6I,Introduction to Birds of the Southern California Coast (Volume 84) (California Natural History Guides),Introduction to Birds of the Southern California C...,unknown,9,10.1,202.0,17,8,False,20,1.0
A2BFTCG54H2I6I,Samurai of Gold Hill,Samurai of Gold Hill,unknown,10,10.0,200.0,0,-10,False,20,1.0
A2BFTCG54H2I6I,"Heck on Heels: Still Balancing on Shoes, Love, and Chocolate!","Heck on Heels: Still Balancing on Shoes, Love, and...",unknown,11,9.7,194.0,3,-8,False,20,1.0
A2BFTCG54H2I6I,"Chomps, Flea, and Gray Cat (That's Me!)","Chomps, Flea, and Gray Cat (That's Me!)",unknown,12,9.55,191.0,13,1,False,20,1.0
A2BFTCG54H2I6I,Crime and Everyday Life,Crime and Everyday Life,unknown,13,9.25,185.0,15,2,False,20,1.0
A2BFTCG54H2I6I,Cats (Supercubes),Cats (Supercubes),unknown,14,8.9,178.0,6,-8,False,20,1.0
A2BFTCG54H2I6I,"Kurt And Courtney: ""Talking""","Kurt And Courtney: ""Talking""",unknown,15,8.85,177.0,14,-1,False,20,1.0
A2BFTCG54H2I6I,Ancient Semitic Civilizations.,Ancient Semitic Civilizations.,unknown,16,8.55,171.0,9,-7,False,20,1.0
A2BFTCG54H2I6I,Psychology: Modules for Active Learning (with Concept Modules with Note-Taking and Practice Exams Booklet),Psychology: Modules for Active Learning (with Conc...,unknown,17,8.4,168.0,12,-5,False,20,1.0
A2BFTCG54H2I6I,Lerza's Lives,Lerza's Lives,unknown,18,7.6,152.0,1,-17,False,20,1.0
A2BFTCG54H2I6I,Massacre at Point of Rocks,Massacre at Point of Rocks,unknown,19,7.55,151.0,10,-9,False,20,1.0
A2BFTCG54H2I6I,Die Larve,Die Larve,unknown,20,5.65,113.0,5,-15,False,20,1.0
A2AN7OFB8YJW4U,Coyote Steals Fire: A Shoshone Tale,Coyote Steals Fire: A Shoshone Tale,unknown,1,16.2,324.0,0,-1,False,20,0.0
A2AN7OFB8YJW4U,Faith Styles: Ways People Believe (Spiritual Directors International Books),Faith Styles: Ways People Believe (Spiritual Direc...,unknown,2,15.05,301.0,12,10,False,20,0.0
A2AN7OFB8YJW4U,Easy Beaded Crochet: Fun and Fashionable Embellished Designs for the Novice Stitcher,Easy Beaded Crochet: Fun and Fashionable Embellish...,unknown,3,13.65,273.0,1,-2,False,20,0.0
A2AN7OFB8YJW4U,How Come We No Fall Off? - Tutoring Refugee Children in an American School,How Come We No Fall Off? - Tutoring Refugee Childr...,unknown,4,12.95,259.0,2,-2,False,20,0.0
A2AN7OFB8YJW4U,Codependency Sucks,Codependency Sucks,unknown,5,11.45,229.0,5,0,False,20,0.0
A2AN7OFB8YJW4U,Farm Electrification,Farm Electrification,unknown,6,11.15,223.0,7,1,False,20,0.0
A2AN7OFB8YJW4U,The Lives of Ingolf Dahl,The Lives of Ingolf Dahl,unknown,7,10.95,219.0,16,9,False,20,0.0
A2AN7OFB8YJW4U,Applied Multivariate Statistical Analysis,Applied Multivariate Statistical Analysis,unknown,8,10.8,216.0,8,0,False,20,0.0
A2AN7OFB8YJW4U,Catalogue of the Henry Huddleston Rogers Collection of Ship Models,Catalogue of the Henry Huddleston Rogers Collectio...,unknown,9,10.7,214.0,9,0,False,20,0.0
A2AN7OFB8YJW4U,The Quest for Catholicity: A Study in Anglicanism,The Quest for Catholicity: A Study in Anglicanism,unknown,10,10.65,213.0,14,4,False,20,0.0
A2AN7OFB8YJW4U,Oxford Handbook of Urology (Oxford Handbooks Series),Oxford Handbook of Urology (Oxford Handbooks Serie...,unknown,11,10.6,212.0,6,-5,False,20,0.0
A2AN7OFB8YJW4U,California Mexican-Spanish Cookbook 1914 Reprint: Selected Mexican And Spanish Recipes,California Mexican-Spanish Cookbook 1914 Reprint: ...,unknown,12,10.6,212.0,15,3,False,20,0.0
A2AN7OFB8YJW4U,The Sammy Miller Museum Collection: Racing and Sporting Machines,The Sammy Miller Museum Collection: Racing and Spo...,unknown,13,10.6,212.0,18,5,False,20,0.0
A2AN7OFB8YJW4U,"The Ore Knob Mine Murders: The Crimes, the Investigation and the Trials (Contributions to Southern Appalachian Studies, 33)","The Ore Knob Mine Murders: The Crimes, the Investi...",unknown,14,10.2,204.0,17,3,True,20,0.0
A2AN7OFB8YJW4U,In Concert Performance,In Concert Performance,unknown,15,9.6,192.0,10,-5,False,20,0.0
A2AN7OFB8YJW4U,Morir en el Intento: La Peor Tragedia de Inmigrantes en la Historia de los Estados Unidos (Spanish Edition),Morir en el Intento: La Peor Tragedia de Inmigrant...,unknown,16,8.05,161.0,4,-12,False,20,0.0
A2AN7OFB8YJW4U,The Second Sphere,The Second Sphere,unknown,17,8.05,161.0,13,-4,False,20,0.0
A2AN7OFB8YJW4U,Fastest Way to Prepare,Fastest Way to Prepare,unknown,18,7.15,143.0,19,1,False,20,0.0
A2AN7OFB8YJW4U,"Codex: Dark Eldar; Warhammer 40,000","Codex: Dark Eldar; Warhammer 40,000",unknown,19,6.7,134.0,11,-8,False,20,0.0
A2AN7OFB8YJW4U,S.O.T.P.: Sex Offender Workbook,S.O.T.P.: Sex Offender Workbook,unknown,20,4.9,98.0,3,-17,False,20,0.0
A2JZ0ZEG4UZFPU,The Total Money Makeover: A Proven Plan for Financial Fitness,The Total Money Makeover: A Proven Plan for Financ...,unknown,1,17.2,344.0,11,10,True,20,1.0
A2JZ0ZEG4UZFPU,Fretboard Roadmaps for Acoustic Guitar: The Essential Guitar Patterns That All the Pros Know and Use,Fretboard Roadmaps for Acoustic Guitar: The Essent...,unknown,2,14.7,294.0,13,11,False,20,1.0
A2JZ0ZEG4UZFPU,The Bubble Gum Thief (Dagny Gray Thriller),The Bubble Gum Thief (Dagny Gray Thriller),unknown,3,14.2,284.0,14,11,False,20,1.0
A2JZ0ZEG4UZFPU,Behold a Pale Horse: A Mystery of Ancient Ireland (Mysteries of Ancient Ireland),Behold a Pale Horse: A Mystery of Ancient Ireland ...,unknown,4,13.2,264.0,12,8,False,20,1.0
A2JZ0ZEG4UZFPU,Patterns for Success in Reading and Spelling: A Multisensory Approach to Teaching Phonics and Word Analysis,Patterns for Success in Reading and Spelling: A Mu...,unknown,5,12.5,250.0,19,14,False,20,1.0
A2JZ0ZEG4UZFPU,Funbe T-Ball: Introducing Your Child to Baseball,Funbe T-Ball: Introducing Your Child to Baseball,unknown,6,11.55,231.0,17,11,False,20,1.0
A2JZ0ZEG4UZFPU,Mimimi ~The Tale of a Cat and a Robot~,Mimimi ~The Tale of a Cat and a Robot~,unknown,7,11.1,222.0,10,3,False,20,1.0
A2JZ0ZEG4UZFPU,Solving the Corporate Value Enigma: A System to Unlock Shareholder Value,Solving the Corporate Value Enigma: A System to Un...,unknown,8,10.7,214.0,3,-5,False,20,1.0
A2JZ0ZEG4UZFPU,The Man Who Was Shakespeare: A Summary of the Case Unfolded in the Mysterious William Shakespeare : The Myth and the Reality,The Man Who Was Shakespeare: A Summary of the Case...,unknown,9,10.4,208.0,6,-3,False,20,1.0
A2JZ0ZEG4UZFPU,Teradata ToolBox - Providing dynamic solutions for today's challenges,Teradata ToolBox - Providing dynamic solutions for...,unknown,10,10.2,204.0,7,-3,False,20,1.0
A2JZ0ZEG4UZFPU,The Spanish Centuries: A Narrative History of Spain from Ferdinand and Isabella to Franco,The Spanish Centuries: A Narrative History of Spai...,unknown,11,9.7,194.0,15,4,False,20,1.0
A2JZ0ZEG4UZFPU,Rich Girl Club,Rich Girl Club,unknown,12,9.65,193.0,16,4,False,20,1.0
A2JZ0ZEG4UZFPU,Colleen Moore's Fairy Castle,Colleen Moore's Fairy Castle,unknown,13,9.15,183.0,1,-12,False,20,1.0
A2JZ0ZEG4UZFPU,"School Zone - Kindergarten Scholar Workbook - 32 Pages, Ages 5 to 6, Alphabet, Rhyming, Counting, Money, Shapes, and More",School Zone - Kindergarten Scholar Workbook - 32 P...,unknown,14,8.5,170.0,8,-6,False,20,1.0
A2JZ0ZEG4UZFPU,The Voice of the Crystal,The Voice of the Crystal,unknown,15,8.5,170.0,0,-15,False,20,1.0
A2JZ0ZEG4UZFPU,Wisdom of Narnia,Wisdom of Narnia,unknown,16,8.35,167.0,4,-12,False,20,1.0
A2JZ0ZEG4UZFPU,The District Foundation Handbook: A Coro Foundation Guide to San Francisco's Supervisorial Districts,The District Foundation Handbook: A Coro Foundatio...,unknown,17,8.25,165.0,5,-12,False,20,1.0
A2JZ0ZEG4UZFPU,The Camouflaged Church,The Camouflaged Church,unknown,18,7.95,159.0,9,-9,False,20,1.0
A2JZ0ZEG4UZFPU,Secret Assassin,Secret Assassin,unknown,19,7.2,144.0,18,-1,False,20,1.0
A2JZ0ZEG4UZFPU,Care Bears: The Care Bears' Big Wish,Care Bears: The Care Bears' Big Wish,unknown,20,7.0,140.0,2,-18,False,20,1.0
A87LYJPW7LP4P,Enemies Among Us: A Thriller,Enemies Among Us: A Thriller,unknown,1,16.5,330.0,3,2,False,20,0.0
A87LYJPW7LP4P,Ghost Plane: The True Story of the CIA Torture Program,Ghost Plane: The True Story of the CIA Torture Pro...,unknown,2,16.4,328.0,1,-1,False,20,0.0
A87LYJPW7LP4P,Freeze Frame: A Wildlife Cameraman's Adventures on Ice,Freeze Frame: A Wildlife Cameraman's Adventures on...,unknown,3,14.0,280.0,7,4,False,20,0.0
A87LYJPW7LP4P,Adventure Kayaking: Inland Waters of the Western United States,Adventure Kayaking: Inland Waters of the Western U...,unknown,4,13.2,264.0,17,13,False,20,0.0
A87LYJPW7LP4P,Lord of the Deep,Lord of the Deep,unknown,5,12.05,241.0,9,4,False,20,0.0
A87LYJPW7LP4P,"Crown of Fire: Shandril's Saga, Book II","Crown of Fire: Shandril's Saga, Book II",unknown,6,11.55,231.0,2,-4,False,20,0.0
A87LYJPW7LP4P,I Always Tell the Truth (Even If I Have To Lie To Do It!): Stories from the Adirondack Liars' Club,I Always Tell the Truth (Even If I Have To Lie To ...,unknown,7,11.3,226.0,6,-1,False,20,0.0
A87LYJPW7LP4P,Other People's Worlds,Other People's Worlds,unknown,8,11.15,223.0,16,8,False,20,0.0
A87LYJPW7LP4P,Cotingas and Manakins,Cotingas and Manakins,unknown,9,9.95,199.0,14,5,False,20,0.0
A87LYJPW7LP4P,"""True Jersey City Story"": ""Super Proud Dad"" 14 Years of Motivational Letters","""True Jersey City Story"": ""Super Proud Dad"" 14 Yea...",unknown,10,9.85,197.0,5,-5,False,20,0.0
A87LYJPW7LP4P,Four Seasons of Leadership,Four Seasons of Leadership,unknown,11,9.7,194.0,4,-7,True,20,0.0
A87LYJPW7LP4P,"Lay On, Mac Duff!","Lay On, Mac Duff!",unknown,12,9.6,192.0,13,1,False,20,0.0
A87LYJPW7LP4P,"R.C.Gorman, a Portrait","R.C.Gorman, a Portrait",unknown,13,9.25,185.0,11,-2,False,20,0.0
A87LYJPW7LP4P,"Harness Racing in New York State:: A History of Trotters, Tracks and Horsemen (Sports)",Harness Racing in New York State:: A History of Tr...,unknown,14,9.15,183.0,12,-2,False,20,0.0
A87LYJPW7LP4P,Perry Mason in the Case of the Burning Bequest: Based on Characters Created by Erle Stanley Gardner,Perry Mason in the Case of the Burning Bequest: Ba...,unknown,15,8.9,178.0,19,4,False,20,0.0
A87LYJPW7LP4P,The Ether of Space,The Ether of Space,unknown,16,8.45,169.0,0,-16,False,20,0.0
A87LYJPW7LP4P,Renaissance Intarsia: Masterpieces of Wood Inlay,Renaissance Intarsia: Masterpieces of Wood Inlay,unknown,17,7.8,156.0,15,-2,False,20,0.0
A87LYJPW7LP4P,Andy Griffith - I Love to Tell the Story,Andy Griffith - I Love to Tell the Story,unknown,18,7.7,154.0,10,-8,False,20,0.0
A87LYJPW7LP4P,Biology: An Everyday Experience Student Edition,Biology: An Everyday Experience Student Edition,unknown,19,7.2,144.0,8,-11,False,20,0.0
A87LYJPW7LP4P,Electrical Construction Wiring,Electrical Construction Wiring,unknown,20,6.3,126.0,18,-2,False,20,0.0
ASHUIL16TP2Z3,The Drowning,The Drowning,unknown,1,15.8,316.0,13,12,True,20,1.0
ASHUIL16TP2Z3,Escape from Mercy Hall (Thorn Gate Trilogy),Escape from Mercy Hall (Thorn Gate Trilogy),unknown,2,13.3,266.0,6,4,False,20,1.0
ASHUIL16TP2Z3,A Year in the South: Four Lives in 1865,A Year in the South: Four Lives in 1865,unknown,3,13.25,265.0,5,2,False,20,1.0
ASHUIL16TP2Z3,"Amazons of Black Sparta, 2nd Edition: The Women Warriors of Dahomey","Amazons of Black Sparta, 2nd Edition: The Women Wa...",unknown,4,12.5,250.0,18,14,False,20,1.0
ASHUIL16TP2Z3,Life in Morocco and Glimpses Beyond,Life in Morocco and Glimpses Beyond,unknown,5,12.4,248.0,8,3,False,20,1.0
ASHUIL16TP2Z3,Start Your Own Freight Brokerage Business: Your Step-By-Step Guide to Success (StartUp Series),Start Your Own Freight Brokerage Business: Your St...,unknown,6,12.1,242.0,17,11,False,20,1.0
ASHUIL16TP2Z3,Pro SharePoint 2013 Branding and Responsive Web Development (The Expert's Voice),Pro SharePoint 2013 Branding and Responsive Web De...,unknown,7,12.0,240.0,15,8,False,20,1.0
ASHUIL16TP2Z3,Where Have All the Lovers Gone: Becoming Your Husband's Favorite Person,Where Have All the Lovers Gone: Becoming Your Husb...,unknown,8,11.75,235.0,12,4,False,20,1.0
ASHUIL16TP2Z3,Creative Calligraphy,Creative Calligraphy,unknown,9,11.5,230.0,10,1,False,20,1.0
ASHUIL16TP2Z3,The Path to Victory: America's Army and the Revolution in Human Affairs,The Path to Victory: America's Army and the Revolu...,unknown,10,10.1,202.0,4,-6,False,20,1.0
ASHUIL16TP2Z3,Functional Approach to Hypothyroidism: Bridging Traditional and Alternative Treatment Approaches for Total Patient Wellness,Functional Approach to Hypothyroidism: Bridging Tr...,unknown,11,10.0,200.0,2,-9,False,20,1.0
ASHUIL16TP2Z3,Wayward Reporter: Life of A.J. Liebling,Wayward Reporter: Life of A.J. Liebling,unknown,12,9.95,199.0,11,-1,False,20,1.0
ASHUIL16TP2Z3,She Alone (Salmon Poetry),She Alone (Salmon Poetry),unknown,13,9.25,185.0,16,3,False,20,1.0
ASHUIL16TP2Z3,Two Looks to Home: The Art of Tommy Simpson,Two Looks to Home: The Art of Tommy Simpson,unknown,14,9.25,185.0,3,-11,False,20,1.0
ASHUIL16TP2Z3,A Texas Chance,A Texas Chance,unknown,15,8.4,168.0,9,-6,False,20,1.0
ASHUIL16TP2Z3,A Dog's Tale,A Dog's Tale,unknown,16,8.35,167.0,19,3,False,20,1.0
ASHUIL16TP2Z3,Evolutionary Actuality,Evolutionary Actuality,unknown,17,7.85,157.0,1,-16,False,20,1.0
ASHUIL16TP2Z3,Synonym Finder - Delux,Synonym Finder - Delux,unknown,18,7.75,155.0,0,-18,False,20,1.0
ASHUIL16TP2Z3,"TestSMART for Math Concepts Grade 7: Help for Basic Math Skills, State Competency Tests, Achievement Tests",TestSMART for Math Concepts Grade 7: Help for Basi...,unknown,19,7.5,150.0,14,-5,False,20,1.0
ASHUIL16TP2Z3,Some Joe You Don't Know: An American Biographical Guide to 100 British Television Personalities (Studies in the Shoah; XIII),Some Joe You Don't Know: An American Biographical ...,unknown,20,7.0,140.0,7,-13,False,20,1.0
ALY3S8RBN4L1Y,The Birth of the Bakersfield Sound,The Birth of the Bakersfield Sound,unknown,1,15.65,313.0,15,14,True,20,1.0
ALY3S8RBN4L1Y,Everlasting Matrimony: Pearls of Wisdom from Couples Married Fifty Years or More,Everlasting Matrimony: Pearls of Wisdom from Coupl...,unknown,2,14.6,292.0,9,7,False,20,1.0
ALY3S8RBN4L1Y,The Kick Off (Jamie Johnson),The Kick Off (Jamie Johnson),unknown,3,14.5,290.0,7,4,False,20,1.0
ALY3S8RBN4L1Y,Country Living Decorating Style,Country Living Decorating Style,unknown,4,14.15,283.0,12,8,False,20,1.0
ALY3S8RBN4L1Y,A Promise is Promise (Munsch for Kids),A Promise is Promise (Munsch for Kids),unknown,5,12.5,250.0,2,-3,False,20,1.0
ALY3S8RBN4L1Y,Katie John,Katie John,unknown,6,11.8,236.0,16,10,False,20,1.0
ALY3S8RBN4L1Y,Day at the Zoo Adventure Coloring Book (Dover Animal Coloring Books),Day at the Zoo Adventure Coloring Book (Dover Anim...,unknown,7,11.65,233.0,4,-3,False,20,1.0
ALY3S8RBN4L1Y,Sources of Chinese Tradition Vol 1 (Introduction to Oriental Civilizations),Sources of Chinese Tradition Vol 1 (Introduction t...,unknown,8,10.8,216.0,5,-3,False,20,1.0
ALY3S8RBN4L1Y,Complete Book of Drills for Winning Football,Complete Book of Drills for Winning Football,unknown,9,10.55,211.0,6,-3,False,20,1.0
ALY3S8RBN4L1Y,The Day My Wonky Eyeball Met Evil Barbie: and other barfish tales from the life of Ernestine Mick,The Day My Wonky Eyeball Met Evil Barbie: and othe...,unknown,10,10.45,209.0,3,-7,False,20,1.0
ALY3S8RBN4L1Y,Approaches to Teaching the Works of Tim O'Brien (Approaches to Teaching World Literature),Approaches to Teaching the Works of Tim O'Brien (A...,unknown,11,10.0,200.0,13,2,False,20,1.0
ALY3S8RBN4L1Y,Desolation to Consecration: The Dark Night of the Soul,Desolation to Consecration: The Dark Night of the ...,unknown,12,9.9,198.0,8,-4,False,20,1.0
ALY3S8RBN4L1Y,Remembering the Kanji I: A Complete Course on How Not to Forget the Meaning and Writing of Japanese Characters Vol. 1 4th Edition (Japanese Edition),Remembering the Kanji I: A Complete Course on How ...,unknown,13,9.4,188.0,14,1,False,20,1.0
ALY3S8RBN4L1Y,"Breaking The Ice (Silhouette Desire Series, No. 216)","Breaking The Ice (Silhouette Desire Series, No. 21...",unknown,14,9.35,187.0,10,-4,False,20,1.0
ALY3S8RBN4L1Y,Diary of a Lapsed Catholic,Diary of a Lapsed Catholic,unknown,15,8.85,177.0,18,3,False,20,1.0
ALY3S8RBN4L1Y,The Science of Stripping,The Science of Stripping,unknown,16,8.2,164.0,0,-16,False,20,1.0
ALY3S8RBN4L1Y,Directed by Jack Arnold,Directed by Jack Arnold,unknown,17,7.7,154.0,17,0,False,20,1.0
ALY3S8RBN4L1Y,Bivariate Discrete Distributions (Statistics: A Series of Textbooks and Monographs),Bivariate Discrete Distributions (Statistics: A Se...,unknown,18,7.3,146.0,19,1,False,20,1.0
ALY3S8RBN4L1Y,Spelling Vocabulary Poetry 6 A Beka Book,Spelling Vocabulary Poetry 6 A Beka Book,unknown,19,6.45,129.0,11,-8,False,20,1.0
ALY3S8RBN4L1Y,Confessions of a Neurasthenic,Confessions of a Neurasthenic,unknown,20,6.2,124.0,1,-19,False,20,1.0
A3UOH7MCPI9ZIA,Accelerate Your Career in Nursing : Nurse's Guide to Professional Advancement and Recognition,Accelerate Your Career in Nursing : Nurse's Guide ...,unknown,1,14.4,288.0,15,14,False,20,0.38685280723454163
A3UOH7MCPI9ZIA,Celia's House,Celia's House,unknown,2,13.8,276.0,6,4,False,20,0.38685280723454163
A3UOH7MCPI9ZIA,Dream Lagoon,Dream Lagoon,unknown,3,13.5,270.0,8,5,False,20,0.38685280723454163
A3UOH7MCPI9ZIA,"InStyle Parties: The Complete Guide to Easy, Elegant Entertaining All Year Round","InStyle Parties: The Complete Guide to Easy, Elega...",unknown,4,13.45,269.0,10,6,False,20,0.38685280723454163
A3UOH7MCPI9ZIA,Identifying Corydoradinae Catfish - Corydoras,Identifying Corydoradinae Catfish - Corydoras,unknown,5,12.4,248.0,9,4,True,20,0.38685280723454163
A3UOH7MCPI9ZIA,Unconditional good news: Toward an understanding of Biblical universalism,Unconditional good news: Toward an understanding o...,unknown,6,12.3,246.0,7,1,False,20,0.38685280723454163
A3UOH7MCPI9ZIA,The King of Kings County: A Novel,The King of Kings County: A Novel,unknown,7,11.85,237.0,3,-4,False,20,0.38685280723454163
A3UOH7MCPI9ZIA,Murder at Hale's Ferry,Murder at Hale's Ferry,unknown,8,11.5,230.0,5,-3,False,20,0.38685280723454163
A3UOH7MCPI9ZIA,"That's My Opinion, Period!","That's My Opinion, Period!",unknown,9,10.05,201.0,12,3,False,20,0.38685280723454163
A3UOH7MCPI9ZIA,Anne Freaks Volume 3,Anne Freaks Volume 3,unknown,10,9.9,198.0,2,-8,False,20,0.38685280723454163
A3UOH7MCPI9ZIA,An Evil Agenda,An Evil Agenda,unknown,11,9.75,195.0,0,-11,False,20,0.38685280723454163
A3UOH7MCPI9ZIA,The Articulate Body,The Articulate Body,unknown,12,9.6,192.0,17,5,False,20,0.38685280723454163
A3UOH7MCPI9ZIA,The Empress Of Elsewhere,The Empress Of Elsewhere,unknown,13,9.15,183.0,11,-2,False,20,0.38685280723454163
A3UOH7MCPI9ZIA,Introductory Geometry,Introductory Geometry,unknown,14,9.05,181.0,19,5,False,20,0.38685280723454163
A3UOH7MCPI9ZIA,Fishing Log & Diary,Fishing Log & Diary,unknown,15,9.05,181.0,16,1,False,20,0.38685280723454163
A3UOH7MCPI9ZIA,A Husband for Christmas,A Husband for Christmas,unknown,16,9.0,180.0,1,-15,False,20,0.38685280723454163
A3UOH7MCPI9ZIA,A Rebel's Guide to Trotsky,A Rebel's Guide to Trotsky,unknown,17,8.2,164.0,4,-13,False,20,0.38685280723454163
A3UOH7MCPI9ZIA,Time Capsule 1943 - A History of The Year Condensed From The Pages Of Time,Time Capsule 1943 - A History of The Year Condense...,unknown,18,8.05,161.0,18,0,False,20,0.38685280723454163
A3UOH7MCPI9ZIA,Tears of Tess,Tears of Tess,unknown,19,7.8,156.0,14,-5,False,20,0.38685280723454163
A3UOH7MCPI9ZIA,Prius 2004 to 2009 Installing 12 Volt (12v) Battery - Save time!: With specific details on installing the Optima DS46B24R 8171-767,Prius 2004 to 2009 Installing 12 Volt (12v) Batter...,unknown,20,7.2,144.0,13,-7,False,20,0.38685280723454163
A3COUY7HI0U037,"Mission Drift: The Unspoken Crisis Facing Leaders, Charities, and Churches","Mission Drift: The Unspoken Crisis Facing Leaders,...",unknown,1,15.35,307.0,0,-1,True,20,1.0
A3COUY7HI0U037,Other Heartbreaks: stories,Other Heartbreaks: stories,unknown,2,13.55,271.0,5,3,False,20,1.0
A3COUY7HI0U037,Murder at the PTA Luncheon,Murder at the PTA Luncheon,unknown,3,13.0,260.0,14,11,False,20,1.0
A3COUY7HI0U037,Photoshop for Right-Brainers: The Art of Photo Manipulation,Photoshop for Right-Brainers: The Art of Photo Man...,unknown,4,12.85,257.0,1,-3,False,20,1.0
A3COUY7HI0U037,"Cool Chemistry Concoctions: 50 Formulas that Fizz, Foam, Splatter & Ooze","Cool Chemistry Concoctions: 50 Formulas that Fizz,...",unknown,5,12.45,249.0,19,14,False,20,1.0
A3COUY7HI0U037,Awakening of a Guardian (Elyssia Master),Awakening of a Guardian (Elyssia Master),unknown,6,11.7,234.0,4,-2,False,20,1.0
A3COUY7HI0U037,Tender Mercy of a Mother's Soul: Inspiration to Renew Your Spirit,Tender Mercy of a Mother's Soul: Inspiration to Re...,unknown,7,11.3,226.0,13,6,False,20,1.0
A3COUY7HI0U037,Granite Harbor,Granite Harbor,unknown,8,10.85,217.0,10,2,False,20,1.0
A3COUY7HI0U037,A New Christmas Treasury: Revised and Expanded,A New Christmas Treasury: Revised and Expanded,unknown,9,10.75,215.0,7,-2,False,20,1.0
A3COUY7HI0U037,"Constable: Impressions of Land, Sea and Sky","Constable: Impressions of Land, Sea and Sky",unknown,10,10.05,201.0,17,7,False,20,1.0
A3COUY7HI0U037,Bastion Falls,Bastion Falls,unknown,11,9.8,196.0,12,1,False,20,1.0
A3COUY7HI0U037,"The Knife of Never Letting Go (Chaos Walking, 1)","The Knife of Never Letting Go (Chaos Walking, 1)",unknown,12,9.8,196.0,6,-6,False,20,1.0
A3COUY7HI0U037,Management Guidelines for Nurse Practitioners Working with Women: 2nd Edition,Management Guidelines for Nurse Practitioners Work...,unknown,13,9.8,196.0,9,-4,False,20,1.0
A3COUY7HI0U037,The Prophet Pasqual,The Prophet Pasqual,unknown,14,9.8,196.0,15,1,False,20,1.0
A3COUY7HI0U037,Cancer Prevention,Cancer Prevention,unknown,15,9.7,194.0,18,3,False,20,1.0
A3COUY7HI0U037,Riding to Win (Pine Hollow No. 9) (Pine Hollow(TM)),Riding to Win (Pine Hollow No. 9) (Pine Hollow(TM)...,unknown,16,9.3,186.0,11,-5,False,20,1.0
A3COUY7HI0U037,Gloster Fancy Canary,Gloster Fancy Canary,unknown,17,8.2,164.0,2,-15,False,20,1.0
A3COUY7HI0U037,Chaos Effect,Chaos Effect,unknown,18,7.85,157.0,3,-15,False,20,1.0
A3COUY7HI0U037,(The Original) Hawks of Outremer (The Cormac Fitzgeoffrey Stories),(The Original) Hawks of Outremer (The Cormac Fitzg...,unknown,19,7.0,140.0,8,-11,False,20,1.0
A3COUY7HI0U037,IP Network Design,IP Network Design,unknown,20,6.9,138.0,16,-4,False,20,1.0
A27Z81Q594BXKP,Presentation Secrets: Do What You Never Thought Possible with Your Presentations,Presentation Secrets: Do What You Never Thought Po...,unknown,1,15.9,318.0,17,16,False,20,0.0
A27Z81Q594BXKP,"Auditory Memory in Context Instructional Workbook:For the Development of Attention, Listening, Processing and Recall of Sentences and Paragraphs",Auditory Memory in Context Instructional Workbook:...,unknown,2,13.85,277.0,0,-2,False,20,0.0
A27Z81Q594BXKP,Through the Perilous Fight: Six Weeks That Saved the Nation,Through the Perilous Fight: Six Weeks That Saved t...,unknown,3,13.6,272.0,18,15,False,20,0.0
A27Z81Q594BXKP,Using Econometrics: A Practical Guide (5th Edition),Using Econometrics: A Practical Guide (5th Edition...,unknown,4,13.4,268.0,8,4,False,20,0.0
A27Z81Q594BXKP,"The Liberators : Latin America's Struggle for Independence, 1810 - 1850",The Liberators : Latin America's Struggle for Inde...,unknown,5,13.25,265.0,12,7,False,20,0.0
A27Z81Q594BXKP,"How to Get Absolutely Anything You Want: In Six Practical, Doable, Time-Tested Steps",How to Get Absolutely Anything You Want: In Six Pr...,unknown,6,12.65,253.0,14,8,True,20,0.0
A27Z81Q594BXKP,Once Upon a Mind: Stories and Scholars of Gifted Child Education,Once Upon a Mind: Stories and Scholars of Gifted C...,unknown,7,12.1,242.0,5,-2,False,20,0.0
A27Z81Q594BXKP,The Forest And the Trees: Helping Readers Identify Important Details in Texts and Tests,The Forest And the Trees: Helping Readers Identify...,unknown,8,11.1,222.0,9,1,False,20,0.0
A27Z81Q594BXKP,The Pleasure Is All Mine: Selfish Food for Modern Life,The Pleasure Is All Mine: Selfish Food for Modern ...,unknown,9,11.1,222.0,1,-8,False,20,0.0
A27Z81Q594BXKP,"Prosecution of Former Military Leaders in Newly Democratic Nations: The Cases of Argentina, Greece, and South Korea",Prosecution of Former Military Leaders in Newly De...,unknown,10,10.2,204.0,11,1,False,20,0.0
A27Z81Q594BXKP,Modern Classics Selected Short Stories (Penguin Modern Classics),Modern Classics Selected Short Stories (Penguin Mo...,unknown,11,10.1,202.0,7,-4,False,20,0.0
A27Z81Q594BXKP,"Thor: Gods, Gladiators & the Guardians of the Galaxy","Thor: Gods, Gladiators & the Guardians of the Gala...",unknown,12,9.8,196.0,15,3,False,20,0.0
A27Z81Q594BXKP,"Electronic Trading ""TNT"" I Gorilla Trading Stuff","Electronic Trading ""TNT"" I Gorilla Trading Stuff",unknown,13,9.25,185.0,19,6,False,20,0.0
A27Z81Q594BXKP,Scott Conant's New Italian Cooking,Scott Conant's New Italian Cooking,unknown,14,9.1,182.0,16,2,False,20,0.0
A27Z81Q594BXKP,The Big Book of Mind-Bending Puzzles (Mensa),The Big Book of Mind-Bending Puzzles (Mensa),unknown,15,9.0,180.0,6,-9,False,20,0.0
A27Z81Q594BXKP,"Don't Tempt Me (Pearl Island Trilogy, Book 3)","Don't Tempt Me (Pearl Island Trilogy, Book 3)",unknown,16,8.9,178.0,4,-12,False,20,0.0
A27Z81Q594BXKP,Under The Padre's Thumb: The Story of a Colossal Statue Gone Awry,Under The Padre's Thumb: The Story of a Colossal S...,unknown,17,7.65,153.0,10,-7,False,20,0.0
A27Z81Q594BXKP,Chinese Marxism,Chinese Marxism,unknown,18,7.4,148.0,3,-15,False,20,0.0
A27Z81Q594BXKP,Maximum Ride Book #2: School's Out - Forever,Maximum Ride Book #2: School's Out - Forever,unknown,19,7.1,142.0,13,-6,False,20,0.0
A27Z81Q594BXKP,Memories of Naked Fanny,Memories of Naked Fanny,unknown,20,4.55,91.0,2,-18,False,20,0.0
A1V29K3269FFE7,Lifesaving Labradors: Stories From Families With Diabetic Alert Dogs,Lifesaving Labradors: Stories From Families With D...,unknown,1,15.8,316.0,13,12,False,20,0.5
A1V29K3269FFE7,Islands Beyond the Horizon: The Life of Twenty of the World's Most Remote Places,Islands Beyond the Horizon: The Life of Twenty of ...,unknown,2,14.85,297.0,14,12,False,20,0.5
A1V29K3269FFE7,Stealing from a Deep Place: Travels in Southeastern Europe,Stealing from a Deep Place: Travels in Southeaster...,unknown,3,14.65,293.0,2,-1,False,20,0.5
A1V29K3269FFE7,Lost in Transplantation: Memoir of an Unconventional Organ Donor,Lost in Transplantation: Memoir of an Unconvention...,unknown,4,14.55,291.0,5,1,True,20,0.5
A1V29K3269FFE7,Emotional Yoga: How the Body Can Heal the Mind,Emotional Yoga: How the Body Can Heal the Mind,unknown,5,14.55,291.0,15,10,False,20,0.5
A1V29K3269FFE7,The Adventures of Sheila the Therapy Dog,The Adventures of Sheila the Therapy Dog,unknown,6,12.9,258.0,3,-3,False,20,0.5
A1V29K3269FFE7,Lord Gilmore's Bride (Signet Regency Romance),Lord Gilmore's Bride (Signet Regency Romance),unknown,7,12.65,253.0,12,5,False,20,0.5
A1V29K3269FFE7,Liam Goes to the Zoo,Liam Goes to the Zoo,unknown,8,12.1,242.0,1,-7,False,20,0.5
A1V29K3269FFE7,Parting from the Four Attachments: A Commentary on Jetsun Drakpa Gyaltsen's Song of Experience on Mind Training and the View,Parting from the Four Attachments: A Commentary on...,unknown,9,10.6,212.0,8,-1,False,20,0.5
A1V29K3269FFE7,Daring to Differ: Adventures in Conditional Immortality,Daring to Differ: Adventures in Conditional Immort...,unknown,10,9.45,189.0,19,9,False,20,0.5
A1V29K3269FFE7,Painting Folk Art Flowers With Enid Hoessinger (Decorative Painting),Painting Folk Art Flowers With Enid Hoessinger (De...,unknown,11,9.4,188.0,18,7,False,20,0.5
A1V29K3269FFE7,One Million Deaths and a Black Man...one in a Billion!: The Odds of Amazing Modern Prophecy,One Million Deaths and a Black Man...one in a Bill...,unknown,12,9.15,183.0,4,-8,False,20,0.5
A1V29K3269FFE7,Expert Fly-Tying,Expert Fly-Tying,unknown,13,8.95,179.0,16,3,False,20,0.5
A1V29K3269FFE7,Speak Russian For Beginners The Michel Thomas Method (8-CD Beginner's Program) (Michel Thomas Series),Speak Russian For Beginners The Michel Thomas Meth...,unknown,14,7.95,159.0,7,-7,False,20,0.5
A1V29K3269FFE7,Dream Your Way to Success: The Story of Dr. Yonggi Cho and Korea,Dream Your Way to Success: The Story of Dr. Yonggi...,unknown,15,7.9,158.0,11,-4,False,20,0.5
A1V29K3269FFE7,"Christ, Church, Mankind: The Spirit of Vatican II according to Pope John Paul II","Christ, Church, Mankind: The Spirit of Vatican II ...",unknown,16,7.3,146.0,0,-16,False,20,0.5
A1V29K3269FFE7,Harcourt Science: Reading Support and Homework Grade 1,Harcourt Science: Reading Support and Homework Gra...,unknown,17,7.3,146.0,6,-11,False,20,0.5
A1V29K3269FFE7,Professional Papervision3D,Professional Papervision3D,unknown,18,7.0,140.0,9,-9,False,20,0.5
A1V29K3269FFE7,Evil Children of Naor,Evil Children of Naor,unknown,19,6.55,131.0,10,-9,False,20,0.5
A1V29K3269FFE7,Songs of Claude Debussy - Volume II: The Vocal Library (Schirmer's Library of Musical Classics),Songs of Claude Debussy - Volume II: The Vocal Lib...,unknown,20,6.4,128.0,17,-3,False,20,0.5
A20CRE5P3G6V8B,Secret Sisters #6: Picture Perfect,Secret Sisters #6: Picture Perfect,unknown,1,16.65,333.0,6,5,True,20,1.0
A20CRE5P3G6V8B,Hillerman Country: A Journey Through the Southwest With Tony Hillerman,Hillerman Country: A Journey Through the Southwest...,unknown,2,15.35,307.0,7,5,False,20,1.0
A20CRE5P3G6V8B,West of Eden,West of Eden,unknown,3,13.8,276.0,17,14,False,20,1.0
A20CRE5P3G6V8B,Before She Dies by Mary Burton,Before She Dies by Mary Burton,unknown,4,13.65,273.0,13,9,False,20,1.0
A20CRE5P3G6V8B,The Secret of Success is Not a Secret: Stories of Famous People Who Persevered,The Secret of Success is Not a Secret: Stories of ...,unknown,5,12.4,248.0,19,14,False,20,1.0
A20CRE5P3G6V8B,H. P. Lovecraft: Great Tales of Horror (Fall River Classics),H. P. Lovecraft: Great Tales of Horror (Fall River...,unknown,6,12.0,240.0,18,12,False,20,1.0
A20CRE5P3G6V8B,A Place I Couldn't Leave: Memoirs of Edwin P (Peck) Rowell,A Place I Couldn't Leave: Memoirs of Edwin P (Peck...,unknown,7,12.0,240.0,12,5,False,20,1.0
A20CRE5P3G6V8B,Inside Television's First War: A Saigon Journal,Inside Television's First War: A Saigon Journal,unknown,8,11.15,223.0,3,-5,False,20,1.0
A20CRE5P3G6V8B,The Everything Total Fitness Book (Everything),The Everything Total Fitness Book (Everything),unknown,9,10.75,215.0,4,-5,False,20,1.0
A20CRE5P3G6V8B,"Rough Work: Concept Art, Doodles, and Sketchbook Drawings","Rough Work: Concept Art, Doodles, and Sketchbook D...",unknown,10,10.6,212.0,14,4,False,20,1.0
A20CRE5P3G6V8B,"Blue Book, Easy Guide to Tasty Thrifty Home Canning and Freezing","Blue Book, Easy Guide to Tasty Thrifty Home Cannin...",unknown,11,10.4,208.0,5,-6,False,20,1.0
A20CRE5P3G6V8B,Colonial American English: A Glossary,Colonial American English: A Glossary,unknown,12,9.15,183.0,2,-10,False,20,1.0
A20CRE5P3G6V8B,555 Timer Applications Sourcebook Experiments,555 Timer Applications Sourcebook Experiments,unknown,13,9.1,182.0,16,3,False,20,1.0
A20CRE5P3G6V8B,Spanish Translated Practical Workbook for Milady's Standard Cosmetology 2008,Spanish Translated Practical Workbook for Milady's...,unknown,14,8.35,167.0,0,-14,False,20,1.0
A20CRE5P3G6V8B,PhotoSecrets Balboa Park,PhotoSecrets Balboa Park,unknown,15,8.1,162.0,10,-5,False,20,1.0
A20CRE5P3G6V8B,"Clothes Make the Man; Or, How to Put the Broad in Broadcloth","Clothes Make the Man; Or, How to Put the Broad in ...",unknown,16,7.75,155.0,11,-5,False,20,1.0
A20CRE5P3G6V8B,IBM Rational Unified Process Reference and Certification Guide: Solution Designer,IBM Rational Unified Process Reference and Certifi...,unknown,17,7.7,154.0,15,-2,False,20,1.0
A20CRE5P3G6V8B,Flying Freebooters,Flying Freebooters,unknown,18,7.2,144.0,9,-9,False,20,1.0
A20CRE5P3G6V8B,Reading the Psalms with Luther,Reading the Psalms with Luther,unknown,19,7.05,141.0,1,-18,False,20,1.0
A20CRE5P3G6V8B,"The Sanskrit Epics (Handbuch Der Orientalistik Zweite Abteilung, Indien)",The Sanskrit Epics (Handbuch Der Orientalistik Zwe...,unknown,20,6.85,137.0,8,-12,False,20,1.0
A35WH7UU5S3TWL,Julia Child: Chef (Women of Achievement (Hardcover)),Julia Child: Chef (Women of Achievement (Hardcover...,unknown,1,15.0,300.0,9,8,False,20,0.38685280723454163
A35WH7UU5S3TWL,Press Pause Moments,Press Pause Moments,unknown,2,13.95,279.0,13,11,False,20,0.38685280723454163
A35WH7UU5S3TWL,From Cork to the New World: A Journey for Survival,From Cork to the New World: A Journey for Survival,unknown,3,13.35,267.0,14,11,False,20,0.38685280723454163
A35WH7UU5S3TWL,If Morning Ever Comes: A Novel,If Morning Ever Comes: A Novel,unknown,4,13.25,265.0,17,13,False,20,0.38685280723454163
A35WH7UU5S3TWL,I Thought We'd Never Speak Again: The Road from Estrangement to Reconciliation,I Thought We'd Never Speak Again: The Road from Es...,unknown,5,12.5,250.0,19,14,True,20,0.38685280723454163
A35WH7UU5S3TWL,Fields Of Gold,Fields Of Gold,unknown,6,12.1,242.0,10,4,False,20,0.38685280723454163
A35WH7UU5S3TWL,Murder at Mansfield Park,Murder at Mansfield Park,unknown,7,12.05,241.0,6,-1,False,20,0.38685280723454163
A35WH7UU5S3TWL,Growing Up Cowboy,Growing Up Cowboy,unknown,8,11.5,230.0,0,-8,False,20,0.38685280723454163
A35WH7UU5S3TWL,Bad Boy: My Life On and Off the Canvas,Bad Boy: My Life On and Off the Canvas,unknown,9,11.2,224.0,16,7,False,20,0.38685280723454163
A35WH7UU5S3TWL,Pablo Picasso And Marie-Thérèse Walter: Between Classicism And Surrealism,Pablo Picasso And Marie-Thérèse Walter: Between Cl...,unknown,10,11.15,223.0,8,-2,False,20,0.38685280723454163
A35WH7UU5S3TWL,"Open Lives, Safe Schools","Open Lives, Safe Schools",unknown,11,11.05,221.0,4,-7,False,20,0.38685280723454163
A35WH7UU5S3TWL,A Contrary Wind,A Contrary Wind,unknown,12,10.35,207.0,3,-9,False,20,0.38685280723454163
A35WH7UU5S3TWL,Facing Up To It,Facing Up To It,unknown,13,9.8,196.0,12,-1,False,20,0.38685280723454163
A35WH7UU5S3TWL,A Companion to Philosophy in the Middle Ages,A Companion to Philosophy in the Middle Ages,unknown,14,9.05,181.0,11,-3,False,20,0.38685280723454163
A35WH7UU5S3TWL,Eakins and the Photograph: Works by Thomas Eakins and his Circle in the Collection of the Pennsylvania Academy of the Fine Arts,Eakins and the Photograph: Works by Thomas Eakins ...,unknown,15,8.75,175.0,2,-13,False,20,0.38685280723454163
A35WH7UU5S3TWL,Physical Agents in Rehabilitation: From Research to Practice,Physical Agents in Rehabilitation: From Research t...,unknown,16,8.75,175.0,5,-11,False,20,0.38685280723454163
A35WH7UU5S3TWL,The Caucasian Chalk Circle (Student Editions),The Caucasian Chalk Circle (Student Editions),unknown,17,8.65,173.0,7,-10,False,20,0.38685280723454163
A35WH7UU5S3TWL,Human Muscles (Anatomy Class),Human Muscles (Anatomy Class),unknown,18,6.65,133.0,1,-17,False,20,0.38685280723454163
A35WH7UU5S3TWL,Mr. Tall (Mr. Men and Little Miss),Mr. Tall (Mr. Men and Little Miss),unknown,19,5.7,114.0,18,-1,False,20,0.38685280723454163
A35WH7UU5S3TWL,Zombie Survival Manual: From the dawn of time onwards (all variations),Zombie Survival Manual: From the dawn of time onwa...,unknown,20,5.2,104.0,15,-5,False,20,0.38685280723454163
A1EUYHGK3Z05EG,Be Careful What You Wish For: A Novel (The Clifton Chronicles),Be Careful What You Wish For: A Novel (The Clifton...,unknown,1,15.7,314.0,10,9,True,20,0.6309297535714575
A1EUYHGK3Z05EG,The Renal Survival Cookbook: Easy & Delicious Kidney-Friendly Recipes with Helpful Eating Hints,The Renal Survival Cookbook: Easy & Delicious Kidn...,unknown,2,15.4,308.0,1,-1,False,20,0.6309297535714575
A1EUYHGK3Z05EG,"Climbing Mt. Fuji: Tips, Q&A, and Climber Stories","Climbing Mt. Fuji: Tips, Q&A, and Climber Stories",unknown,3,15.25,305.0,2,-1,False,20,0.6309297535714575
A1EUYHGK3Z05EG,Discovering Fiction Level 1 Student's Book: A Reader of North American Short Stories,Discovering Fiction Level 1 Student's Book: A Read...,unknown,4,12.9,258.0,16,12,False,20,0.6309297535714575
A1EUYHGK3Z05EG,Power Trap: How Fear and Loathing Between New Democrats and Liberals Keep Stephen Harper in Power--And What Can Be Done about It,Power Trap: How Fear and Loathing Between New Demo...,unknown,5,11.85,237.0,12,7,False,20,0.6309297535714575
A1EUYHGK3Z05EG,Ace the GMAT,Ace the GMAT,unknown,6,11.45,229.0,13,7,False,20,0.6309297535714575
A1EUYHGK3Z05EG,Basics of Biblical Hebrew Workbook,Basics of Biblical Hebrew Workbook,unknown,7,11.4,228.0,17,10,False,20,0.6309297535714575
A1EUYHGK3Z05EG,The Search for the Unnamed One (The Souls of Aredyrah),The Search for the Unnamed One (The Souls of Aredy...,unknown,8,11.35,227.0,9,1,False,20,0.6309297535714575
A1EUYHGK3Z05EG,The Unofficial Guide to Dating Again,The Unofficial Guide to Dating Again,unknown,9,11.1,222.0,18,9,False,20,0.6309297535714575
A1EUYHGK3Z05EG,Start Your Own Mail Order Lingerie Business (Start Your Own Business),Start Your Own Mail Order Lingerie Business (Start...,unknown,10,10.55,211.0,0,-10,False,20,0.6309297535714575
A1EUYHGK3Z05EG,Florus: Epitome of Roman History (Loeb Classical Library No. 231),Florus: Epitome of Roman History (Loeb Classical L...,unknown,11,10.35,207.0,3,-8,False,20,0.6309297535714575
A1EUYHGK3Z05EG,"Fundamentals of Radar Signal Processing, Second Edition","Fundamentals of Radar Signal Processing, Second Ed...",unknown,12,10.0,200.0,14,2,False,20,0.6309297535714575
A1EUYHGK3Z05EG,Disney's Read Along Pixar Collection (Disney - Pixar),Disney's Read Along Pixar Collection (Disney - Pix...,unknown,13,9.6,192.0,8,-5,False,20,0.6309297535714575
A1EUYHGK3Z05EG,By Strange Paths: An Autobiography by a Benadictine of Kylemore Abbey,By Strange Paths: An Autobiography by a Benadictin...,unknown,14,9.0,180.0,7,-7,False,20,0.6309297535714575
A1EUYHGK3Z05EG,Harlem Calling: The Collected Stories of George Wylie Henderson,Harlem Calling: The Collected Stories of George Wy...,unknown,15,8.85,177.0,5,-10,False,20,0.6309297535714575
A1EUYHGK3Z05EG,"Flag badges, seals, and arms of Hong Kong,","Flag badges, seals, and arms of Hong Kong,",unknown,16,7.7,154.0,19,3,False,20,0.6309297535714575
A1EUYHGK3Z05EG,FINAL FANTASY VII 10TH ANNIVERSARY ULTIMANIA ART BOOK NEW,FINAL FANTASY VII 10TH ANNIVERSARY ULTIMANIA ART B...,unknown,17,7.7,154.0,11,-6,False,20,0.6309297535714575
A1EUYHGK3Z05EG,Adobe Flash Professional Cs5 on Demand,Adobe Flash Professional Cs5 on Demand,unknown,18,7.45,149.0,4,-14,False,20,0.6309297535714575
A1EUYHGK3Z05EG,Batman Beyond 2.0 (2013-2014) #5 (Batman Beyond 2.0 (2013- ) Graphic Novel),Batman Beyond 2.0 (2013-2014) #5 (Batman Beyond 2....,unknown,19,7.1,142.0,6,-13,False,20,0.6309297535714575
A1EUYHGK3Z05EG,Armageddon Or the United States in Prophecy,Armageddon Or the United States in Prophecy,unknown,20,5.3,106.0,15,-5,False,20,0.6309297535714575
A35G5K98ZBTUZC,The Cat Who Talked Turkey,The Cat Who Talked Turkey,unknown,1,16.65,333.0,19,18,True,20,1.0
A35G5K98ZBTUZC,Why We Really Love Dogs,Why We Really Love Dogs,unknown,2,14.05,281.0,0,-2,False,20,1.0
A35G5K98ZBTUZC,The Gun Digest Book of the Tactical Shotgun,The Gun Digest Book of the Tactical Shotgun,unknown,3,13.8,276.0,5,2,False,20,1.0
A35G5K98ZBTUZC,Death of an Elgin Marble,Death of an Elgin Marble,unknown,4,11.65,233.0,8,4,False,20,1.0
A35G5K98ZBTUZC,Gift Wrapping: Creative Ideas from Japan,Gift Wrapping: Creative Ideas from Japan,unknown,5,11.45,229.0,18,13,False,20,1.0
A35G5K98ZBTUZC,Leaf for Life Handbook: How to Combat Malnutrition and Improve Food Security with Green Leaf Crops,Leaf for Life Handbook: How to Combat Malnutrition...,unknown,6,11.1,222.0,3,-3,False,20,1.0
A35G5K98ZBTUZC,Final Warning: What All People Should Know!,Final Warning: What All People Should Know!,unknown,7,11.1,222.0,10,3,False,20,1.0
A35G5K98ZBTUZC,Italy (Little-Known Facts about Well-Known Places - September - 2008),Italy (Little-Known Facts about Well-Known Places ...,unknown,8,10.75,215.0,2,-6,False,20,1.0
A35G5K98ZBTUZC,Street Tree Factsheets (Agrs Series; No 56),Street Tree Factsheets (Agrs Series; No 56),unknown,9,10.0,200.0,17,8,False,20,1.0
A35G5K98ZBTUZC,Top Deck Twenty! Best West Coast Sea Stories!,Top Deck Twenty! Best West Coast Sea Stories!,unknown,10,10.0,200.0,16,6,False,20,1.0
A35G5K98ZBTUZC,SKULLS,SKULLS,unknown,11,10.0,200.0,7,-4,False,20,1.0
A35G5K98ZBTUZC,Apache Blanco,Apache Blanco,unknown,12,9.9,198.0,11,-1,False,20,1.0
A35G5K98ZBTUZC,Building Classic Salmon Flies,Building Classic Salmon Flies,unknown,13,9.55,191.0,1,-12,False,20,1.0
A35G5K98ZBTUZC,Storm Damage Secrets: The Must Have Guide to Choosing the Right Roofer in Oklahoma,Storm Damage Secrets: The Must Have Guide to Choos...,unknown,14,9.5,190.0,12,-2,False,20,1.0
A35G5K98ZBTUZC,The Porcelain Art of Edward Marshall Boehm,The Porcelain Art of Edward Marshall Boehm,unknown,15,9.35,187.0,15,0,False,20,1.0
A35G5K98ZBTUZC,Christ Returns: Speaks His Truth,Christ Returns: Speaks His Truth,unknown,16,9.2,184.0,4,-12,False,20,1.0
A35G5K98ZBTUZC,"The Adventures of Red Sonja, Vol. 1 (Marvel) (Red Sonja, 1)","The Adventures of Red Sonja, Vol. 1 (Marvel) (Red ...",unknown,17,8.85,177.0,14,-3,False,20,1.0
A35G5K98ZBTUZC,The Canadian Brass Christmas Solos French Horn,The Canadian Brass Christmas Solos French Horn,unknown,18,7.9,158.0,6,-12,False,20,1.0
A35G5K98ZBTUZC,"Pooh Fleecy Fun Wraps ~ 4 Designs (Disney Home Pooh Collection, Leaflet #1992)",Pooh Fleecy Fun Wraps ~ 4 Designs (Disney Home Poo...,unknown,19,7.9,158.0,13,-6,False,20,1.0
A35G5K98ZBTUZC,Richland Hills & Instrumental Music- A Plea to Reconsider,Richland Hills & Instrumental Music- A Plea to Rec...,unknown,20,7.3,146.0,9,-11,False,20,1.0
A3NOOFZ4K38A7Y,Archer's Voice (Sign of Love),Archer's Voice (Sign of Love),unknown,1,15.6,312.0,7,6,True,20,1.0
A3NOOFZ4K38A7Y,Inner Work: Using Dreams and Active Imagination for Personal Growth,Inner Work: Using Dreams and Active Imagination fo...,unknown,2,14.35,287.0,3,1,False,20,1.0
A3NOOFZ4K38A7Y,Renew Your Mind in 30 Days,Renew Your Mind in 30 Days,unknown,3,13.5,270.0,0,-3,False,20,1.0
A3NOOFZ4K38A7Y,Pushing the Limits! Total Body Strength with No Equipment,Pushing the Limits! Total Body Strength with No Eq...,unknown,4,12.95,259.0,16,12,False,20,1.0
A3NOOFZ4K38A7Y,Perpetuity Blues and Other Stories,Perpetuity Blues and Other Stories,unknown,5,12.65,253.0,18,13,False,20,1.0
A3NOOFZ4K38A7Y,THE HERMES SHOP WINDOWS: TALES OF A WANDERER,THE HERMES SHOP WINDOWS: TALES OF A WANDERER,unknown,6,11.95,239.0,17,11,False,20,1.0
A3NOOFZ4K38A7Y,Shifting Stars,Shifting Stars,unknown,7,11.85,237.0,13,6,False,20,1.0
A3NOOFZ4K38A7Y,"Gone, no forwarding (A DKA file novel)","Gone, no forwarding (A DKA file novel)",unknown,8,11.55,231.0,9,1,False,20,1.0
A3NOOFZ4K38A7Y,Legendary Locals of Jersey City,Legendary Locals of Jersey City,unknown,9,11.35,227.0,19,10,False,20,1.0
A3NOOFZ4K38A7Y,On My Terms,On My Terms,unknown,10,11.3,226.0,11,1,False,20,1.0
A3NOOFZ4K38A7Y,A Lower Deep,A Lower Deep,unknown,11,11.0,220.0,6,-5,False,20,1.0
A3NOOFZ4K38A7Y,Unknown Terrain: The Landscapes of Andrew Wyeth,Unknown Terrain: The Landscapes of Andrew Wyeth,unknown,12,10.25,205.0,15,3,False,20,1.0
A3NOOFZ4K38A7Y,Walking Without Footprints: Going Native in America,Walking Without Footprints: Going Native in Americ...,unknown,13,10.2,204.0,8,-5,False,20,1.0
A3NOOFZ4K38A7Y,"Doctor, What's Wrong With Me?","Doctor, What's Wrong With Me?",unknown,14,8.9,178.0,12,-2,False,20,1.0
A3NOOFZ4K38A7Y,Cuisine minceur cookbook,Cuisine minceur cookbook,unknown,15,8.4,168.0,1,-14,False,20,1.0
A3NOOFZ4K38A7Y,"The Northern Region of Korea: History, Identity, and Culture (Center For Korea Studies Publications)","The Northern Region of Korea: History, Identity, a...",unknown,16,7.9,158.0,5,-11,False,20,1.0
A3NOOFZ4K38A7Y,Power to the Edge: Command and Control in the Information Age (Information Age Transformation Series),Power to the Edge: Command and Control in the Info...,unknown,17,7.4,148.0,14,-3,False,20,1.0
A3NOOFZ4K38A7Y,"Pediatric Reference Intervals, 6th Edition (Soldin, Pediatric Reference Intervals)","Pediatric Reference Intervals, 6th Edition (Soldin...",unknown,18,6.6,132.0,2,-16,False,20,1.0
A3NOOFZ4K38A7Y,Infantry Aces of the Reich,Infantry Aces of the Reich,unknown,19,6.15,123.0,10,-9,False,20,1.0
A3NOOFZ4K38A7Y,Lexi-Comp Drug Information Handbook for Oncology,Lexi-Comp Drug Information Handbook for Oncology,unknown,20,6.15,123.0,4,-16,False,20,1.0
A3EI1YB934S3HL,Angels Watching over Me (Shenandoah Sisters #1),Angels Watching over Me (Shenandoah Sisters #1),unknown,1,17.35,347.0,8,7,True,20,1.0
A3EI1YB934S3HL,Why Vietnam Matters: An Eyewitness Account of Lessons Not Learned,Why Vietnam Matters: An Eyewitness Account of Less...,unknown,2,14.0,280.0,18,16,False,20,1.0
A3EI1YB934S3HL,Android UI Fundamentals: Develop and Design,Android UI Fundamentals: Develop and Design,unknown,3,13.5,270.0,15,12,False,20,1.0
A3EI1YB934S3HL,Eight Questions: And the God Who's Asking,Eight Questions: And the God Who's Asking,unknown,4,13.2,264.0,16,12,False,20,1.0
A3EI1YB934S3HL,CompTIA Security+: Get Certified Get Ahead- SY0-301 Practice Test Questions,CompTIA Security+: Get Certified Get Ahead- SY0-30...,unknown,5,13.1,262.0,14,9,False,20,1.0
A3EI1YB934S3HL,Overhearing the Gospel: Revised and Expanded Edition,Overhearing the Gospel: Revised and Expanded Editi...,unknown,6,12.95,259.0,1,-5,False,20,1.0
A3EI1YB934S3HL,Rows of Memory: Journeys of a Migrant Sugar-Beet Worker,Rows of Memory: Journeys of a Migrant Sugar-Beet W...,unknown,7,11.95,239.0,4,-3,False,20,1.0
A3EI1YB934S3HL,Extraction,Extraction,unknown,8,10.7,214.0,17,9,False,20,1.0
A3EI1YB934S3HL,One Hundred Sacred Favorites,One Hundred Sacred Favorites,unknown,9,10.45,209.0,7,-2,False,20,1.0
A3EI1YB934S3HL,The Secret of the Old Mill,The Secret of the Old Mill,unknown,10,10.4,208.0,9,-1,False,20,1.0
A3EI1YB934S3HL,Flavor Of The Week,Flavor Of The Week,unknown,11,10.25,205.0,13,2,False,20,1.0
A3EI1YB934S3HL,Oracle Database 11g Building XML Applications,Oracle Database 11g Building XML Applications,unknown,12,9.95,199.0,3,-9,False,20,1.0
A3EI1YB934S3HL,Comprehensive Guide to the M1 Carbine,Comprehensive Guide to the M1 Carbine,unknown,13,9.95,199.0,0,-13,False,20,1.0
A3EI1YB934S3HL,The Canadian Niagara Power Company Story,The Canadian Niagara Power Company Story,unknown,14,8.5,170.0,12,-2,False,20,1.0
A3EI1YB934S3HL,"Ground Improvement Ground Reinforcement Ground Treatment: Developments 1987-1997 : Logan, Utah July 17-19, 1997 (Geotechnical Special Publication)",Ground Improvement Ground Reinforcement Ground Tre...,unknown,15,8.05,161.0,5,-10,False,20,1.0
A3EI1YB934S3HL,Cashing in on the Scrap Gold Business..................The revised I told you so edition by Richard Frankel,Cashing in on the Scrap Gold Business................,unknown,16,7.7,154.0,6,-10,False,20,1.0
A3EI1YB934S3HL,Chihuly Art Kit,Chihuly Art Kit,unknown,17,7.45,149.0,19,2,False,20,1.0
A3EI1YB934S3HL,Breeding mink for their fur ..,Breeding mink for their fur ..,unknown,18,7.2,144.0,11,-7,False,20,1.0
A3EI1YB934S3HL,EastEnders 20th Anniversary,EastEnders 20th Anniversary,unknown,19,6.9,138.0,2,-17,False,20,1.0
A3EI1YB934S3HL,Language Fundamentals: German (Language Fundamentals Card Guides),Language Fundamentals: German (Language Fundamenta...,unknown,20,6.45,129.0,10,-10,False,20,1.0
A3E71WPY54XPL5,"Self Expressions: Mind, Morals, and the Meaning of Life (Philosophy of Mind)","Self Expressions: Mind, Morals, and the Meaning of...",unknown,1,14.35,287.0,15,14,False,20,0.0
A3E71WPY54XPL5,Break and Enter: A Novel,Break and Enter: A Novel,unknown,2,13.3,266.0,4,2,False,20,0.0
A3E71WPY54XPL5,Lonely Planet San Francisco (Lonely Planet San Francisco),Lonely Planet San Francisco (Lonely Planet San Fra...,unknown,3,11.7,234.0,18,15,False,20,0.0
A3E71WPY54XPL5,Effective Opportunity Management for Projects: Exploiting Positive Risk (Center for Business Practices),Effective Opportunity Management for Projects: Exp...,unknown,4,11.4,228.0,1,-3,False,20,0.0
A3E71WPY54XPL5,Guitar Men,Guitar Men,unknown,5,11.4,228.0,0,-5,False,20,0.0
A3E71WPY54XPL5,Jimmy Coates: Assassin?,Jimmy Coates: Assassin?,unknown,6,11.35,227.0,17,11,False,20,0.0
A3E71WPY54XPL5,Writing Skills Activities for Special Children,Writing Skills Activities for Special Children,unknown,7,11.2,224.0,10,3,False,20,0.0
A3E71WPY54XPL5,Stepping Up to the Plate: 2nd Inning,Stepping Up to the Plate: 2nd Inning,unknown,8,11.15,223.0,11,3,False,20,0.0
A3E71WPY54XPL5,Insiders' Guide® to Omaha & Lincoln (Insiders' Guide Series),Insiders' Guide® to Omaha & Lincoln (Insiders' Gui...,unknown,9,11.05,221.0,8,-1,False,20,0.0
A3E71WPY54XPL5,A Pocketful of Light: 13 Days in the World's First Tourist Destination,A Pocketful of Light: 13 Days in the World's First...,unknown,10,11.0,220.0,7,-3,False,20,0.0
A3E71WPY54XPL5,Ali Goes Walking Dot Com: A Blog of Walking Through England,Ali Goes Walking Dot Com: A Blog of Walking Throug...,unknown,11,10.65,213.0,14,3,False,20,0.0
A3E71WPY54XPL5,Miskeen: The Dancing Horse (True Horse Stories),Miskeen: The Dancing Horse (True Horse Stories),unknown,12,10.35,207.0,19,7,False,20,0.0
A3E71WPY54XPL5,Light In the Mourning,Light In the Mourning,unknown,13,10.05,201.0,9,-4,False,20,0.0
A3E71WPY54XPL5,"CISSP Exam Prep Questions, Answers & Explanations: 1000+ CISSP Practice Questions with Detailed Solutions","CISSP Exam Prep Questions, Answers & Explanations:...",unknown,14,9.85,197.0,12,-2,True,20,0.0
A3E71WPY54XPL5,Doug Box's Available Light Photography: Techniques for Digital Photographers,Doug Box's Available Light Photography: Techniques...,unknown,15,9.45,189.0,2,-13,False,20,0.0
A3E71WPY54XPL5,Max The Mouse Goes To The Moon,Max The Mouse Goes To The Moon,unknown,16,9.15,183.0,5,-11,False,20,0.0
A3E71WPY54XPL5,National Geographic Angry Birds Star Wars: The Science Behind the Saga,National Geographic Angry Birds Star Wars: The Sci...,unknown,17,9.1,182.0,6,-11,False,20,0.0
A3E71WPY54XPL5,Baby Mama Drama: I Can't Believe My Wife Left My Son and Me for Another,Baby Mama Drama: I Can't Believe My Wife Left My S...,unknown,18,8.1,162.0,3,-15,False,20,0.0
A3E71WPY54XPL5,Language in Time of Revolution (Contraversions: Jews and Other Differences),Language in Time of Revolution (Contraversions: Je...,unknown,19,7.85,157.0,13,-6,False,20,0.0
A3E71WPY54XPL5,"String: Tying It Up, Tying It Down","String: Tying It Up, Tying It Down",unknown,20,7.55,151.0,16,-4,False,20,0.0
A1ITEN72SMUP73,Eureka Street: A Novel of Ireland Like No Other,Eureka Street: A Novel of Ireland Like No Other,unknown,1,14.6,292.0,4,3,False,20,0.0
A1ITEN72SMUP73,"The 5 Laws of Innovation Success: Generating Critical Momentum for Products, Services and Ideas",The 5 Laws of Innovation Success: Generating Criti...,unknown,2,13.85,277.0,5,3,False,20,0.0
A1ITEN72SMUP73,Into the Dark (Echo Falls Mystery),Into the Dark (Echo Falls Mystery),unknown,3,13.35,267.0,13,10,False,20,0.0
A1ITEN72SMUP73,Language Crossings: Negotiating the Self in a Multicultural World (Language and Literacy Series (Teachers College Pr)) (Language & Literacy Series),Language Crossings: Negotiating the Self in a Mult...,unknown,4,12.5,250.0,6,2,False,20,0.0
A1ITEN72SMUP73,Summer Rose: A Hawks Mountain Novel,Summer Rose: A Hawks Mountain Novel,unknown,5,12.3,246.0,12,7,False,20,0.0
A1ITEN72SMUP73,On Monday When It Rained,On Monday When It Rained,unknown,6,12.05,241.0,17,11,True,20,0.0
A1ITEN72SMUP73,Abba Eban: An Autobiography,Abba Eban: An Autobiography,unknown,7,11.5,230.0,19,12,False,20,0.0
A1ITEN72SMUP73,Utilitarianism (Dover Thrift Editions: Philosophy),Utilitarianism (Dover Thrift Editions: Philosophy),unknown,8,11.4,228.0,0,-8,False,20,0.0
A1ITEN72SMUP73,"Justice: Crimes, Trials, and Punishments","Justice: Crimes, Trials, and Punishments",unknown,9,11.2,224.0,9,0,False,20,0.0
A1ITEN72SMUP73,Plays: Ivanov; The Seagull; Uncle Vanya; Three Sisters; The CherryOrchard (Penguin Classics),Plays: Ivanov; The Seagull; Uncle Vanya; Three Sis...,unknown,10,10.95,219.0,11,1,False,20,0.0
A1ITEN72SMUP73,Pull up a Sagebrush,Pull up a Sagebrush,unknown,11,10.35,207.0,1,-10,False,20,0.0
A1ITEN72SMUP73,Global Finance and Financial Markets: A Modern Introduction,Global Finance and Financial Markets: A Modern Int...,unknown,12,10.3,206.0,18,6,False,20,0.0
A1ITEN72SMUP73,Mine All Mine,Mine All Mine,unknown,13,9.45,189.0,2,-11,False,20,0.0
A1ITEN72SMUP73,The Wooing of Jane Grey,The Wooing of Jane Grey,unknown,14,9.05,181.0,3,-11,False,20,0.0
A1ITEN72SMUP73,"Yotsuba&!, Vol. 8 (Volume 8) (Yotsuba&!, 8)","Yotsuba&!, Vol. 8 (Volume 8) (Yotsuba&!, 8)",unknown,15,8.4,168.0,15,0,False,20,0.0
A1ITEN72SMUP73,Pathologic Basis of Veterinary Disease - Text and E-Book Package,Pathologic Basis of Veterinary Disease - Text and ...,unknown,16,8.3,166.0,14,-2,False,20,0.0
A1ITEN72SMUP73,Tears of Fears Behind Closed Doors,Tears of Fears Behind Closed Doors,unknown,17,8.3,166.0,7,-10,False,20,0.0
A1ITEN72SMUP73,Michigan's Leelanau County,Michigan's Leelanau County,unknown,18,8.0,160.0,8,-10,False,20,0.0
A1ITEN72SMUP73,Sleepytime Rhyme,Sleepytime Rhyme,unknown,19,7.15,143.0,16,-3,False,20,0.0
A1ITEN72SMUP73,The Great Mistake,The Great Mistake,unknown,20,7.0,140.0,10,-10,False,20,0.0
A28ZTS0RTTY2XF,Why Does E=mc2? (And Why Should We Care?),Why Does E=mc2? (And Why Should We Care?),unknown,1,16.05,321.0,12,11,True,20,1.0
A28ZTS0RTTY2XF,Taking Over: Insider Tips from a Third-Generation CEO,Taking Over: Insider Tips from a Third-Generation ...,unknown,2,14.65,293.0,3,1,False,20,1.0
A28ZTS0RTTY2XF,Declarations That Empower Us,Declarations That Empower Us,unknown,3,13.65,273.0,11,8,False,20,1.0
A28ZTS0RTTY2XF,"Reason, Faith, and Revolution: Reflections on the God Debate (The Terry Lectures Series)","Reason, Faith, and Revolution: Reflections on the ...",unknown,4,13.35,267.0,9,5,False,20,1.0
A28ZTS0RTTY2XF,Power Plug-In: Global Investments for Our Energy Future,Power Plug-In: Global Investments for Our Energy F...,unknown,5,13.15,263.0,15,10,False,20,1.0
A28ZTS0RTTY2XF,The Pleasure of Your Company: Entertaining in High Style,The Pleasure of Your Company: Entertaining in High...,unknown,6,12.45,249.0,19,13,False,20,1.0
A28ZTS0RTTY2XF,"Picasa for Seniors: Get Acquainted with Picasa: Free, Easy-to-Use Photo Editing Software (Computer Books for Seniors series)",Picasa for Seniors: Get Acquainted with Picasa: Fr...,unknown,7,11.9,238.0,7,0,False,20,1.0
A28ZTS0RTTY2XF,Revealing Eschatology,Revealing Eschatology,unknown,8,11.05,221.0,13,5,False,20,1.0
A28ZTS0RTTY2XF,Slow Cookers For Dummies,Slow Cookers For Dummies,unknown,9,11.0,220.0,2,-7,False,20,1.0
A28ZTS0RTTY2XF,Fashion Design Directory,Fashion Design Directory,unknown,10,10.8,216.0,8,-2,False,20,1.0
A28ZTS0RTTY2XF,Fast and Easy Korean (Living Language),Fast and Easy Korean (Living Language),unknown,11,10.35,207.0,17,6,False,20,1.0
A28ZTS0RTTY2XF,Angels That Gather: Empowerment for End-Of-the-Age Harvest,Angels That Gather: Empowerment for End-Of-the-Age...,unknown,12,10.1,202.0,5,-7,False,20,1.0
A28ZTS0RTTY2XF,God and Time: Four Views (Spectrum Multiview Book Series),God and Time: Four Views (Spectrum Multiview Book ...,unknown,13,9.85,197.0,10,-3,False,20,1.0
A28ZTS0RTTY2XF,Keyness Principle of Effective Demand,Keyness Principle of Effective Demand,unknown,14,9.05,181.0,6,-8,False,20,1.0
A28ZTS0RTTY2XF,In The Mind,In The Mind,unknown,15,9.05,181.0,0,-15,False,20,1.0
A28ZTS0RTTY2XF,The Lightning Struck Tower (Precog in Peril Book 3),The Lightning Struck Tower (Precog in Peril Book 3...,unknown,16,7.25,145.0,14,-2,False,20,1.0
A28ZTS0RTTY2XF,Scrapbooking Techniques: Sewing on Paper,Scrapbooking Techniques: Sewing on Paper,unknown,17,7.05,141.0,4,-13,False,20,1.0
A28ZTS0RTTY2XF,Chloe Piene: Carré d'Art - Musée d'Art Contemporain de Nîmes,Chloe Piene: Carré d'Art - Musée d'Art Contemporai...,unknown,18,6.8,136.0,16,-2,False,20,1.0
A28ZTS0RTTY2XF,"Microsoft PowerPoint 2007: Level 1, Student Edition by Alec Fehl (2007-05-04)","Microsoft PowerPoint 2007: Level 1, Student Editio...",unknown,19,6.6,132.0,18,-1,False,20,1.0
A28ZTS0RTTY2XF,Microeconomics with MyEconLab Student Access Kit (7th Edition),Microeconomics with MyEconLab Student Access Kit (...,unknown,20,5.85,117.0,1,-19,False,20,1.0
A3RHKGX92R2DHQ,Clinically Dead: I've Seen Heaven and Hell,Clinically Dead: I've Seen Heaven and Hell,unknown,1,14.55,291.0,8,7,True,20,1.0
A3RHKGX92R2DHQ,Practical Signal Processing,Practical Signal Processing,unknown,2,13.55,271.0,0,-2,False,20,1.0
A3RHKGX92R2DHQ,Teaching Writing With Picture Books as Models: Lessons and Strategies For Using the Power of Picture Books to Teach the Elements Of Great Writing in The Upper Grades,Teaching Writing With Picture Books as Models: Les...,unknown,3,13.4,268.0,12,9,False,20,1.0
A3RHKGX92R2DHQ,Unlocking the Secrets of Retail Magic,Unlocking the Secrets of Retail Magic,unknown,4,13.3,266.0,7,3,False,20,1.0
A3RHKGX92R2DHQ,Confessions of a Latter-day Virgin: A Memoir,Confessions of a Latter-day Virgin: A Memoir,unknown,5,12.9,258.0,11,6,False,20,1.0
A3RHKGX92R2DHQ,Island No. 10: Struggle for the Mississippi Valley,Island No. 10: Struggle for the Mississippi Valley,unknown,6,11.9,238.0,13,7,False,20,1.0
A3RHKGX92R2DHQ,Walking Through The Mist,Walking Through The Mist,unknown,7,11.85,237.0,16,9,False,20,1.0
A3RHKGX92R2DHQ,"Red Clay to Richmond: Trail of the 35th Georgie Infantry Regiment, C.S.A.",Red Clay to Richmond: Trail of the 35th Georgie In...,unknown,8,11.7,234.0,9,1,False,20,1.0
A3RHKGX92R2DHQ,Life Span Motor Development,Life Span Motor Development,unknown,9,10.9,218.0,4,-5,False,20,1.0
A3RHKGX92R2DHQ,The Power of the Texas Governor: Connally to Bush,The Power of the Texas Governor: Connally to Bush,unknown,10,10.75,215.0,2,-8,False,20,1.0
A3RHKGX92R2DHQ,100 Favorite Mysteries of the Century,100 Favorite Mysteries of the Century,unknown,11,10.15,203.0,5,-6,False,20,1.0
A3RHKGX92R2DHQ,The Hodges Harbrace Handbook 17th Edition (Book Only),The Hodges Harbrace Handbook 17th Edition (Book On...,unknown,12,9.9,198.0,19,7,False,20,1.0
A3RHKGX92R2DHQ,Biblical People in the Bible Belt,Biblical People in the Bible Belt,unknown,13,9.85,197.0,14,1,False,20,1.0
A3RHKGX92R2DHQ,"Industrial Ventilation: A Manual of Recommended Practice, 19th edition",Industrial Ventilation: A Manual of Recommended Pr...,unknown,14,9.75,195.0,6,-8,False,20,1.0
A3RHKGX92R2DHQ,Trains: Safe and Sound,Trains: Safe and Sound,unknown,15,9.6,192.0,1,-14,False,20,1.0
A3RHKGX92R2DHQ,The Distichs Of Cato: A Famous Medieval Textbook (1922),The Distichs Of Cato: A Famous Medieval Textbook (...,unknown,16,8.45,169.0,18,2,False,20,1.0
A3RHKGX92R2DHQ,Organic Chemistry 7th Edition with Study Guide,Organic Chemistry 7th Edition with Study Guide,unknown,17,7.7,154.0,10,-7,False,20,1.0
A3RHKGX92R2DHQ,Age of Revolution and Reaction 1789-1850,Age of Revolution and Reaction 1789-1850,unknown,18,6.8,136.0,17,-1,False,20,1.0
A3RHKGX92R2DHQ,Harvard Hates America: The Odyssey of a Born-Again American,Harvard Hates America: The Odyssey of a Born-Again...,unknown,19,6.55,131.0,15,-4,False,20,1.0
A3RHKGX92R2DHQ,Astérix et les Goths (Une Aventure d'Astérix) (French Edition),Astérix et les Goths (Une Aventure d'Astérix) (F...,unknown,20,6.45,129.0,3,-17,False,20,1.0
A3KOPELCW9L6JN,Bright Messengers: A New Novel Set in the Rama Universe,Bright Messengers: A New Novel Set in the Rama Uni...,unknown,1,14.7,294.0,19,18,False,20,0.0
A3KOPELCW9L6JN,Winterland: A Dark Fairy Tale,Winterland: A Dark Fairy Tale,unknown,2,13.6,272.0,17,15,False,20,0.0
A3KOPELCW9L6JN,Beginning Database-Driven Application Development in Java EE: Using GlassFish (Expert's Voice in Open Source),Beginning Database-Driven Application Development ...,unknown,3,12.95,259.0,7,4,False,20,0.0
A3KOPELCW9L6JN,Call It Courage,Call It Courage,unknown,4,12.1,242.0,18,14,False,20,0.0
A3KOPELCW9L6JN,The Book of Doors Divination Deck: An Alchemical Oracle from Ancient Egypt,The Book of Doors Divination Deck: An Alchemical O...,unknown,5,11.65,233.0,11,6,False,20,0.0
A3KOPELCW9L6JN,Arcturus Landing,Arcturus Landing,unknown,6,11.45,229.0,6,0,False,20,0.0
A3KOPELCW9L6JN,We Didn't Mean to Start A School,We Didn't Mean to Start A School,unknown,7,11.2,224.0,1,-6,False,20,0.0
A3KOPELCW9L6JN,On the Street Where You Live,On the Street Where You Live,unknown,8,10.9,218.0,16,8,True,20,0.0
A3KOPELCW9L6JN,The Buildmeister's Guide: Achieving Agile Software Delivery,The Buildmeister's Guide: Achieving Agile Software...,unknown,9,10.85,217.0,5,-4,False,20,0.0
A3KOPELCW9L6JN,The Twisted Claw (Hardy Boys #18),The Twisted Claw (Hardy Boys #18),unknown,10,10.85,217.0,10,0,False,20,0.0
A3KOPELCW9L6JN,Time's Last Gift: A Wold Newton Prehistory,Time's Last Gift: A Wold Newton Prehistory,unknown,11,10.65,213.0,12,1,False,20,0.0
A3KOPELCW9L6JN,How to Form a Nonprofit Corporation: With Forms,How to Form a Nonprofit Corporation: With Forms,unknown,12,10.55,211.0,14,2,False,20,0.0
A3KOPELCW9L6JN,Nelson's Quick Reference Bible Dictionary,Nelson's Quick Reference Bible Dictionary,unknown,13,9.75,195.0,2,-11,False,20,0.0
A3KOPELCW9L6JN,You Can Draw Dogs,You Can Draw Dogs,unknown,14,9.6,192.0,9,-5,False,20,0.0
A3KOPELCW9L6JN,Pug Sheridan,Pug Sheridan,unknown,15,9.1,182.0,3,-12,False,20,0.0
A3KOPELCW9L6JN,"The Colorado State Capitol: History, Politics, Preservation","The Colorado State Capitol: History, Politics, Pre...",unknown,16,8.75,175.0,4,-12,False,20,0.0
A3KOPELCW9L6JN,The Scarlet Cloth,The Scarlet Cloth,unknown,17,8.7,174.0,0,-17,False,20,0.0
A3KOPELCW9L6JN,"Walk Along, Baby","Walk Along, Baby",unknown,18,8.6,172.0,15,-3,False,20,0.0
A3KOPELCW9L6JN,"Descendants of Thomas Wellman of Lynn, Massachusetts","Descendants of Thomas Wellman of Lynn, Massachuset...",unknown,19,7.8,156.0,13,-6,False,20,0.0
A3KOPELCW9L6JN,Sexy Beast VII,Sexy Beast VII,unknown,20,6.25,125.0,8,-12,False,20,0.0
ASV59NRRXLHQY,Secrets Lenders Never Told You: Get Your Business Loan Approved,Secrets Lenders Never Told You: Get Your Business ...,unknown,1,14.9,298.0,2,1,False,20,0.0
ASV59NRRXLHQY,New England Waterfalls: A Guide to More Than 400 Cascades and Waterfalls,New England Waterfalls: A Guide to More Than 400 C...,unknown,2,13.9,278.0,18,16,False,20,0.0
ASV59NRRXLHQY,Early to Rise: A Young Adult's Guide to Investing... and Financial Decisions That Can Shape Your Life,Early to Rise: A Young Adult's Guide to Investing....,unknown,3,13.1,262.0,16,13,False,20,0.0
ASV59NRRXLHQY,Strategies for Reading Assessment and Instruction: Helping Every Child Succeed (4th Edition) (Pearson Custom Education),Strategies for Reading Assessment and Instruction:...,unknown,4,12.35,247.0,13,9,False,20,0.0
ASV59NRRXLHQY,How to improve your child's behavior through diet,How to improve your child's behavior through diet,unknown,5,12.05,241.0,19,14,False,20,0.0
ASV59NRRXLHQY,Sound Targets: American Soldiers and Music in the Iraq War,Sound Targets: American Soldiers and Music in the ...,unknown,6,11.85,237.0,15,9,False,20,0.0
ASV59NRRXLHQY,Mourn the Living: A Nolan Novel (Five Star First Edition Mystery Series),Mourn the Living: A Nolan Novel (Five Star First E...,unknown,7,11.75,235.0,12,5,False,20,0.0
ASV59NRRXLHQY,The Kids' Book of Fishing,The Kids' Book of Fishing,unknown,8,11.55,231.0,11,3,False,20,0.0
ASV59NRRXLHQY,No Place to Learn: Why Universities Aren't Working,No Place to Learn: Why Universities Aren't Working,unknown,9,11.5,230.0,10,1,False,20,0.0
ASV59NRRXLHQY,Trucks (Transportation),Trucks (Transportation),unknown,10,11.25,225.0,3,-7,False,20,0.0
ASV59NRRXLHQY,Southern Fried Blues,Southern Fried Blues,unknown,11,11.1,222.0,14,3,True,20,0.0
ASV59NRRXLHQY,Chords And Progressions For Rock Guitar,Chords And Progressions For Rock Guitar,unknown,12,11.1,222.0,1,-11,False,20,0.0
ASV59NRRXLHQY,Power at the Crossroads: The Interactions Between Carbon Regulation and Renewable Electricity Policies,Power at the Crossroads: The Interactions Between ...,unknown,13,11.05,221.0,0,-13,False,20,0.0
ASV59NRRXLHQY,Life Forms: Photographing Metaphor,Life Forms: Photographing Metaphor,unknown,14,10.75,215.0,7,-7,False,20,0.0
ASV59NRRXLHQY,Amy and the Cloud Basket,Amy and the Cloud Basket,unknown,15,8.55,171.0,6,-9,False,20,0.0
ASV59NRRXLHQY,"El Vendedor Mas Grande Del Mundo, Segunda Parte (Spanish Edition)","El Vendedor Mas Grande Del Mundo, Segunda Parte (S...",unknown,16,7.55,151.0,8,-8,False,20,0.0
ASV59NRRXLHQY,A Carpenter's View of the Bible,A Carpenter's View of the Bible,unknown,17,7.45,149.0,9,-8,False,20,0.0
ASV59NRRXLHQY,Inside the Oy Quong Laundry,Inside the Oy Quong Laundry,unknown,18,7.3,146.0,4,-14,False,20,0.0
ASV59NRRXLHQY,La saison du passage (IMAGINAIRE (A)),La saison du passage (IMAGINAIRE (A)),unknown,19,5.55,111.0,5,-14,False,20,0.0
ASV59NRRXLHQY,"Amazing Spider-man #678 ""Venom Variant""","Amazing Spider-man #678 ""Venom Variant""",unknown,20,5.4,108.0,17,-3,False,20,0.0
A132WCLHRIIJA3,Bicycling Magazine's New Cyclist Handbook: Ride with Confidence and Avoid Common Pitfalls,Bicycling Magazine's New Cyclist Handbook: Ride wi...,unknown,1,15.3,306.0,6,5,False,20,0.38685280723454163
A132WCLHRIIJA3,Contaminated: A Zombie survival Novel,Contaminated: A Zombie survival Novel,unknown,2,15.05,301.0,5,3,False,20,0.38685280723454163
A132WCLHRIIJA3,Ultimate Guide to Planting Food Plots for Deer and Other Wildlife (Outdoorsman's Edge),Ultimate Guide to Planting Food Plots for Deer and...,unknown,3,14.05,281.0,19,16,False,20,0.38685280723454163
A132WCLHRIIJA3,The Master Swing Trader: Tools and Techniques to Profit from Outstanding Short-Term Trading Opportunities,The Master Swing Trader: Tools and Techniques to P...,unknown,4,13.6,272.0,10,6,False,20,0.38685280723454163
A132WCLHRIIJA3,Vegetables (The Essential Kitchen Series),Vegetables (The Essential Kitchen Series),unknown,5,11.8,236.0,7,2,False,20,0.38685280723454163
A132WCLHRIIJA3,"Forever With You (Fixed - Book 3) (Fixed Series, 3)","Forever With You (Fixed - Book 3) (Fixed Series, 3...",unknown,6,11.4,228.0,2,-4,True,20,0.38685280723454163
A132WCLHRIIJA3,Sobriety Demystified: Getting Clean and Sober With Nlp and Cbt (Professional counselor handbooks),Sobriety Demystified: Getting Clean and Sober With...,unknown,7,11.1,222.0,8,1,False,20,0.38685280723454163
A132WCLHRIIJA3,Haunted (Lady Grace Mysteries),Haunted (Lady Grace Mysteries),unknown,8,10.95,219.0,9,1,False,20,0.38685280723454163
A132WCLHRIIJA3,Political Power Glenn Beck,Political Power Glenn Beck,unknown,9,10.8,216.0,14,5,False,20,0.38685280723454163
A132WCLHRIIJA3,Legend Unleashed (Keeping Secrets),Legend Unleashed (Keeping Secrets),unknown,10,10.8,216.0,12,2,False,20,0.38685280723454163
A132WCLHRIIJA3,Five Centuries of American Costume (Dover Fashion and Costumes),Five Centuries of American Costume (Dover Fashion ...,unknown,11,10.15,203.0,16,5,False,20,0.38685280723454163
A132WCLHRIIJA3,Scotland: A Visual Journey,Scotland: A Visual Journey,unknown,12,10.05,201.0,13,1,False,20,0.38685280723454163
A132WCLHRIIJA3,Say It in Turkish,Say It in Turkish,unknown,13,9.6,192.0,1,-12,False,20,0.38685280723454163
A132WCLHRIIJA3,Damage Control #1 Marvel 1989,Damage Control #1 Marvel 1989,unknown,14,9.25,185.0,11,-3,False,20,0.38685280723454163
A132WCLHRIIJA3,"Hino Horror, Vol. 4: Oninbo and the Bugs from Hell Part 2","Hino Horror, Vol. 4: Oninbo and the Bugs from Hell...",unknown,15,7.9,158.0,0,-15,False,20,0.38685280723454163
A132WCLHRIIJA3,Leopold's Long Awaited Leap Year Birthday,Leopold's Long Awaited Leap Year Birthday,unknown,16,7.8,156.0,17,1,False,20,0.38685280723454163
A132WCLHRIIJA3,Holt Mathematics: Student Edition Course 1 2007,Holt Mathematics: Student Edition Course 1 2007,unknown,17,7.75,155.0,3,-14,False,20,0.38685280723454163
A132WCLHRIIJA3,Perspective Charts,Perspective Charts,unknown,18,7.7,154.0,4,-14,False,20,0.38685280723454163
A132WCLHRIIJA3,"Hydrology and simulation of ground-water flow in the Aguadilla to Rio Camuy area, Puerto Rico",Hydrology and simulation of ground-water flow in t...,unknown,19,7.6,152.0,15,-4,False,20,0.38685280723454163
A132WCLHRIIJA3,X-Men (Marvel Comic #100) August 1976,X-Men (Marvel Comic #100) August 1976,unknown,20,7.35,147.0,18,-2,False,20,0.38685280723454163
A2Y1SNKD3E15BD,Cloudburst (An Art Jefferson Thriller Book 1),Cloudburst (An Art Jefferson Thriller Book 1),unknown,1,14.1,282.0,7,6,False,20,0.0
A2Y1SNKD3E15BD,America Calling: A Social History of the Telephone to 1940,America Calling: A Social History of the Telephone...,unknown,2,13.85,277.0,8,6,False,20,0.0
A2Y1SNKD3E15BD,The Villa of Mysteries (Nic Costa),The Villa of Mysteries (Nic Costa),unknown,3,13.4,268.0,6,3,False,20,0.0
A2Y1SNKD3E15BD,Beloved Friend: The Story of Tchaikowsky and Nadejda von Meck,Beloved Friend: The Story of Tchaikowsky and Nadej...,unknown,4,13.35,267.0,11,7,False,20,0.0
A2Y1SNKD3E15BD,Wounded Knee: Lest We Forget,Wounded Knee: Lest We Forget,unknown,5,12.65,253.0,14,9,False,20,0.0
A2Y1SNKD3E15BD,The Magic World (Puffin Classics),The Magic World (Puffin Classics),unknown,6,12.6,252.0,2,-4,False,20,0.0
A2Y1SNKD3E15BD,"Ultimate Nutrition for Health: Your Complete Guide to Health, Diet, Nutrition, and Natural Foods",Ultimate Nutrition for Health: Your Complete Guide...,unknown,7,12.0,240.0,9,2,False,20,0.0
A2Y1SNKD3E15BD,Origin,Origin,unknown,8,11.75,235.0,0,-8,True,20,0.0
A2Y1SNKD3E15BD,At Twilight,At Twilight,unknown,9,10.75,215.0,18,9,False,20,0.0
A2Y1SNKD3E15BD,The Creation of the Night Sky: Poems,The Creation of the Night Sky: Poems,unknown,10,10.4,208.0,10,0,False,20,0.0
A2Y1SNKD3E15BD,Here's How To: Fishing Rigs,Here's How To: Fishing Rigs,unknown,11,9.95,199.0,13,2,False,20,0.0
A2Y1SNKD3E15BD,Beading―The Creative Spirit: Finding Your Sacred Center through the Art of Beadwork,Beading―The Creative Spirit: Finding Your Sacred C...,unknown,12,9.7,194.0,15,3,False,20,0.0
A2Y1SNKD3E15BD,A Million Little Lies,A Million Little Lies,unknown,13,9.6,192.0,3,-10,False,20,0.0
A2Y1SNKD3E15BD,Family Business: A Horror Story,Family Business: A Horror Story,unknown,14,9.15,183.0,1,-13,False,20,0.0
A2Y1SNKD3E15BD,H.C. Westermann: Exhibition Catalogue and Catalogue Raisonne of Objects,H.C. Westermann: Exhibition Catalogue and Catalogu...,unknown,15,9.15,183.0,19,4,False,20,0.0
A2Y1SNKD3E15BD,The Legend of the Moonstone: A Series for Kids and Young Adults,The Legend of the Moonstone: A Series for Kids and...,unknown,16,8.8,176.0,5,-11,False,20,0.0
A2Y1SNKD3E15BD,ABC's of Wisconsin,ABC's of Wisconsin,unknown,17,8.1,162.0,17,0,False,20,0.0
A2Y1SNKD3E15BD,Short Trips in and Around Dallas,Short Trips in and Around Dallas,unknown,18,6.95,139.0,12,-6,False,20,0.0
A2Y1SNKD3E15BD,"A Dictionary of Men's Wear ... with an Appendix Containing Sundry Useful Tables: The Uniforms of ""Ancient and Honorable"" Independent Military ... Charts of Correct Dress, Livery, and So Forth",A Dictionary of Men's Wear ... with an Appendix Co...,unknown,19,6.95,139.0,16,-3,False,20,0.0
A2Y1SNKD3E15BD,The New Girl (Sweet Valley Twins),The New Girl (Sweet Valley Twins),unknown,20,6.8,136.0,4,-16,False,20,0.0
ANLYZKOHRE6WK,The Book Thief,The Book Thief,unknown,1,17.65,353.0,15,14,True,20,1.0
ANLYZKOHRE6WK,The Tooth Fairy Meets El Raton Perez,The Tooth Fairy Meets El Raton Perez,unknown,2,12.4,248.0,9,7,False,20,1.0
ANLYZKOHRE6WK,C. S. Lewis at War: The Dramatic Story Behind Mere Christianity (Radio Theatre),C. S. Lewis at War: The Dramatic Story Behind Mere...,unknown,3,12.2,244.0,8,5,False,20,1.0
ANLYZKOHRE6WK,"Genes, Culture, and Human Evolution: A Synthesis","Genes, Culture, and Human Evolution: A Synthesis",unknown,4,11.75,235.0,1,-3,False,20,1.0
ANLYZKOHRE6WK,Thinking About Christian Apologetics: What It Is and Why We Do It,Thinking About Christian Apologetics: What It Is a...,unknown,5,11.7,234.0,3,-2,False,20,1.0
ANLYZKOHRE6WK,The House at Ujazdowskie 16: Jewish Families in Warsaw after the Holocaust (The Modern Jewish Experience),The House at Ujazdowskie 16: Jewish Families in Wa...,unknown,6,11.6,232.0,5,-1,False,20,1.0
ANLYZKOHRE6WK,Middle Ground (Awaken),Middle Ground (Awaken),unknown,7,11.35,227.0,19,12,False,20,1.0
ANLYZKOHRE6WK,"Fade (the Ragnarok Prophesies, Book One)","Fade (the Ragnarok Prophesies, Book One)",unknown,8,11.25,225.0,17,9,False,20,1.0
ANLYZKOHRE6WK,Chain Reaction: How Today?s Best Companies Manage Their Supply Chains for Superior Performance,Chain Reaction: How Today?s Best Companies Manage ...,unknown,9,11.25,225.0,18,9,False,20,1.0
ANLYZKOHRE6WK,Wall Street Wit & Wisdom,Wall Street Wit & Wisdom,unknown,10,10.15,203.0,0,-10,False,20,1.0
ANLYZKOHRE6WK,There Are No Cats in this Book,There Are No Cats in this Book,unknown,11,9.8,196.0,13,2,False,20,1.0
ANLYZKOHRE6WK,The Old Beloved Path: Daily Life among the Indians of the Chattahooche River Valley (Fire Ant Books),The Old Beloved Path: Daily Life among the Indians...,unknown,12,9.75,195.0,14,2,False,20,1.0
ANLYZKOHRE6WK,"SCUBA dictionary: Caribbean Sea, Vol. 1","SCUBA dictionary: Caribbean Sea, Vol. 1",unknown,13,9.5,190.0,16,3,False,20,1.0
ANLYZKOHRE6WK,Beyond the Conscious Mind: Unlocking the Secrets of the Self,Beyond the Conscious Mind: Unlocking the Secrets o...,unknown,14,9.45,189.0,6,-8,False,20,1.0
ANLYZKOHRE6WK,mothers blessings,mothers blessings,unknown,15,9.45,189.0,12,-3,False,20,1.0
ANLYZKOHRE6WK,How Do You Want Me?,How Do You Want Me?,unknown,16,9.4,188.0,2,-14,False,20,1.0
ANLYZKOHRE6WK,Oracle Utilities Pocket Reference: A Quick Reference for DBAs and Developers (Pocket Reference (O'Reilly)),Oracle Utilities Pocket Reference: A Quick Referen...,unknown,17,9.05,181.0,10,-7,False,20,1.0
ANLYZKOHRE6WK,El Arte Perdido de Discipular (Spanish Edition),El Arte Perdido de Discipular (Spanish Edition),unknown,18,8.7,174.0,4,-14,False,20,1.0
ANLYZKOHRE6WK,Professional C# 2005 with .NET 3.0,Professional C# 2005 with .NET 3.0,unknown,19,8.5,170.0,7,-12,False,20,1.0
ANLYZKOHRE6WK,"Keyboarding Pro Deluxe Essentials Version 1.3 Keyboarding, Lessons 1-120 (With Individual Site License User Guide)",Keyboarding Pro Deluxe Essentials Version 1.3 Keyb...,unknown,20,5.1,102.0,11,-9,False,20,1.0
AH6V9B1V3Y5RR,Seabiscuit : The True Story of Three Men and a Racehorse,Seabiscuit : The True Story of Three Men and a Rac...,unknown,1,17.85,357.0,16,15,True,20,1.0
AH6V9B1V3Y5RR,One Soldier's Story: 1939-1945: From the Fall of Hong Kong to the Defeat of Japan,One Soldier's Story: 1939-1945: From the Fall of H...,unknown,2,14.85,297.0,5,3,False,20,1.0
AH6V9B1V3Y5RR,Awakening to Inner Creativity: Following Your Inner Guide,Awakening to Inner Creativity: Following Your Inne...,unknown,3,14.7,294.0,9,6,False,20,1.0
AH6V9B1V3Y5RR,"Flowerspeak: The Flower Whisperer's Guide to Health, Happiness, and Awakening: How the Flowers Assist in the Expansion of our Consciousness",Flowerspeak: The Flower Whisperer's Guide to Healt...,unknown,4,14.35,287.0,17,13,False,20,1.0
AH6V9B1V3Y5RR,Down the Wild River North,Down the Wild River North,unknown,5,13.15,263.0,18,13,False,20,1.0
AH6V9B1V3Y5RR,"The Dragon and The Raven: Or, The Days of King Alfred","The Dragon and The Raven: Or, The Days of King Alf...",unknown,6,12.8,256.0,13,7,False,20,1.0
AH6V9B1V3Y5RR,Hatch,Hatch,unknown,7,12.5,250.0,11,4,False,20,1.0
AH6V9B1V3Y5RR,Killer Weekend (Walt Fleming),Killer Weekend (Walt Fleming),unknown,8,11.95,239.0,19,11,False,20,1.0
AH6V9B1V3Y5RR,"I Forgive You, But...","I Forgive You, But...",unknown,9,10.95,219.0,2,-7,False,20,1.0
AH6V9B1V3Y5RR,Homeland Insecurity: How Washington Politicians Have Made America Less Safe,Homeland Insecurity: How Washington Politicians Ha...,unknown,10,9.85,197.0,3,-7,False,20,1.0
AH6V9B1V3Y5RR,Andropia,Andropia,unknown,11,9.25,185.0,15,4,False,20,1.0
AH6V9B1V3Y5RR,"Buenas noches, Luna libro y CD: Goodnight Moon Book and CD (Spanish edition) (Libros Para Mi Bebe)","Buenas noches, Luna libro y CD: Goodnight Moon Boo...",unknown,12,9.25,185.0,4,-8,False,20,1.0
AH6V9B1V3Y5RR,Pull-the-Tab Times Tables Book,Pull-the-Tab Times Tables Book,unknown,13,9.2,184.0,1,-12,False,20,1.0
AH6V9B1V3Y5RR,The Best Cigarette,The Best Cigarette,unknown,14,8.8,176.0,12,-2,False,20,1.0
AH6V9B1V3Y5RR,Time and Sales Territory Management,Time and Sales Territory Management,unknown,15,8.0,160.0,14,-1,False,20,1.0
AH6V9B1V3Y5RR,Algebra & Trigonometry Super Review,Algebra & Trigonometry Super Review,unknown,16,7.7,154.0,7,-9,False,20,1.0
AH6V9B1V3Y5RR,The Life of Jesus (High School Group Study),The Life of Jesus (High School Group Study),unknown,17,7.65,153.0,0,-17,False,20,1.0
AH6V9B1V3Y5RR,Revolution and Counter-Revolution. (Third Edition),Revolution and Counter-Revolution. (Third Edition),unknown,18,6.7,134.0,6,-12,False,20,1.0
AH6V9B1V3Y5RR,Versuch Einer Geordneten Theorie Der Tonsetzkunst Zum Selbstunterricht (German Edition),Versuch Einer Geordneten Theorie Der Tonsetzkunst ...,unknown,19,5.65,113.0,8,-11,False,20,1.0
AH6V9B1V3Y5RR,Mathematics for Elementary Teachers A Contemporary Approach Instructor's Resource Manual,Mathematics for Elementary Teachers A Contemporary...,unknown,20,4.85,97.0,10,-10,False,20,1.0
A1Y6UIJ4JVFQBN,The New Persian Kitchen: [A Cookbook],The New Persian Kitchen: [A Cookbook],unknown,1,17.85,357.0,5,4,True,20,1.0
A1Y6UIJ4JVFQBN,The Cat's Table,The Cat's Table,unknown,2,14.4,288.0,14,12,False,20,1.0
A1Y6UIJ4JVFQBN,Common-Sense Workplace Mentoring: A do-it-yourself system for strengthening your business . . . one person at a time,Common-Sense Workplace Mentoring: A do-it-yourself...,unknown,3,13.3,266.0,6,3,False,20,1.0
A1Y6UIJ4JVFQBN,The Spartacus War,The Spartacus War,unknown,4,11.9,238.0,18,14,False,20,1.0
A1Y6UIJ4JVFQBN,"Fodor's Pocket Kyoto, 1st Edition: The All-in-One Guide to the Best of the City Packed with Places to Eat, Sleep, Shop, and Explore (Travel Guide)","Fodor's Pocket Kyoto, 1st Edition: The All-in-One ...",unknown,5,11.9,238.0,10,5,False,20,1.0
A1Y6UIJ4JVFQBN,Rock Climbing: Making It to the Top (High Five Reading Blue),Rock Climbing: Making It to the Top (High Five Rea...,unknown,6,11.15,223.0,0,-6,False,20,1.0
A1Y6UIJ4JVFQBN,"American Government and Politics: Deliberation, Democracy and Citizenship, Election Update","American Government and Politics: Deliberation, De...",unknown,7,11.05,221.0,11,4,False,20,1.0
A1Y6UIJ4JVFQBN,The Landlord's Legal Guide in New York (Legal Survival Guides),The Landlord's Legal Guide in New York (Legal Surv...,unknown,8,10.55,211.0,7,-1,False,20,1.0
A1Y6UIJ4JVFQBN,"Marketing of Information Technology: Concepts, Products, Services and Intellectual Property Rights","Marketing of Information Technology: Concepts, Pro...",unknown,9,10.2,204.0,3,-6,False,20,1.0
A1Y6UIJ4JVFQBN,How to Settle Debts Yourself,How to Settle Debts Yourself,unknown,10,10.05,201.0,16,6,False,20,1.0
A1Y6UIJ4JVFQBN,The Story of an African Farm,The Story of an African Farm,unknown,11,9.9,198.0,8,-3,False,20,1.0
A1Y6UIJ4JVFQBN,Getting Our Breath Back,Getting Our Breath Back,unknown,12,9.85,197.0,17,5,False,20,1.0
A1Y6UIJ4JVFQBN,Anson County,Anson County,unknown,13,9.65,193.0,4,-9,False,20,1.0
A1Y6UIJ4JVFQBN,The Quiet Indoor Revolution,The Quiet Indoor Revolution,unknown,14,9.6,192.0,2,-12,False,20,1.0
A1Y6UIJ4JVFQBN,Beyond biofeedback,Beyond biofeedback,unknown,15,9.45,189.0,13,-2,False,20,1.0
A1Y6UIJ4JVFQBN,Three Faces of Eden,Three Faces of Eden,unknown,16,9.25,185.0,9,-7,False,20,1.0
A1Y6UIJ4JVFQBN,Lady Silverstone's Darkest Hour,Lady Silverstone's Darkest Hour,unknown,17,8.25,165.0,19,2,False,20,1.0
A1Y6UIJ4JVFQBN,Intuition CD,Intuition CD,unknown,18,8.2,164.0,15,-3,False,20,1.0
A1Y6UIJ4JVFQBN,Hot and Sweaty Rex (Dinosaur Mafia Mysteries (Paperback)),Hot and Sweaty Rex (Dinosaur Mafia Mysteries (Pape...,unknown,19,7.4,148.0,12,-7,False,20,1.0
A1Y6UIJ4JVFQBN,"Lucifer: A Theosophical Magazine, September 1893 to February 1894","Lucifer: A Theosophical Magazine, September 1893 t...",unknown,20,6.1,122.0,1,-19,False,20,1.0
AS0QMBY6C5US9,This Town: Two Parties and a Funeral--Plus Plenty of Valet Parking!--in America's Gilded Capital,This Town: Two Parties and a Funeral--Plus Plenty ...,unknown,1,14.9,298.0,5,4,True,20,1.0
AS0QMBY6C5US9,Native Modernism: The Art of George Morrison and Allan Houser,Native Modernism: The Art of George Morrison and A...,unknown,2,14.05,281.0,6,4,False,20,1.0
AS0QMBY6C5US9,American Studio Glass: 1960-1990,American Studio Glass: 1960-1990,unknown,3,13.8,276.0,1,-2,False,20,1.0
AS0QMBY6C5US9,China’s Environmental Crisis: Domestic and Global Political Impacts and Responses (Environmental Politics and Theory),China’s Environmental Crisis: Domestic and Global ...,unknown,4,13.65,273.0,10,6,False,20,1.0
AS0QMBY6C5US9,"Beyond the American Pale: The Irish in the West, 1845–1910","Beyond the American Pale: The Irish in the West, 1...",unknown,5,13.05,261.0,17,12,False,20,1.0
AS0QMBY6C5US9,Still Friends: Living Happily Ever After...Even If Your Marriage Falls Apart,Still Friends: Living Happily Ever After...Even If...,unknown,6,11.2,224.0,2,-4,False,20,1.0
AS0QMBY6C5US9,The Kitchen Readings: Untold Stories of Hunter S. Thompson,The Kitchen Readings: Untold Stories of Hunter S. ...,unknown,7,10.55,211.0,12,5,False,20,1.0
AS0QMBY6C5US9,Before the Dinosaurs,Before the Dinosaurs,unknown,8,10.5,210.0,7,-1,False,20,1.0
AS0QMBY6C5US9,Sunrise (A John Bekker Mystery),Sunrise (A John Bekker Mystery),unknown,9,10.3,206.0,3,-6,False,20,1.0
AS0QMBY6C5US9,"The Postmodern Condition: A Report on Knowledge (Theory and History of Literature, Volume 10)",The Postmodern Condition: A Report on Knowledge (T...,unknown,10,10.25,205.0,15,5,False,20,1.0
AS0QMBY6C5US9,"Bon Courage, Les Anglais (Tales of the Uninitiated in Rural France)","Bon Courage, Les Anglais (Tales of the Uninitiated...",unknown,11,10.15,203.0,18,7,False,20,1.0
AS0QMBY6C5US9,"Of Limited Loyalty: Crown Colonies, Book Two","Of Limited Loyalty: Crown Colonies, Book Two",unknown,12,10.1,202.0,14,2,False,20,1.0
AS0QMBY6C5US9,Christmas With Mary Engelbreit: Let the Merrymaking Begin: 1,Christmas With Mary Engelbreit: Let the Merrymakin...,unknown,13,9.6,192.0,19,6,False,20,1.0
AS0QMBY6C5US9,Laboratory Manual for Stern's Introductory Plant Biology,Laboratory Manual for Stern's Introductory Plant B...,unknown,14,9.6,192.0,9,-5,False,20,1.0
AS0QMBY6C5US9,Visions of a Liberated Future: Black Arts Movement Writings,Visions of a Liberated Future: Black Arts Movement...,unknown,15,9.3,186.0,0,-15,False,20,1.0
AS0QMBY6C5US9,An Earthly Knight,An Earthly Knight,unknown,16,9.25,185.0,11,-5,False,20,1.0
AS0QMBY6C5US9,The Little Book Of Love Spells,The Little Book Of Love Spells,unknown,17,8.25,165.0,16,-1,False,20,1.0
AS0QMBY6C5US9,Too Grand for Words (Bookstrand Publishing Romance),Too Grand for Words (Bookstrand Publishing Romance...,unknown,18,7.8,156.0,8,-10,False,20,1.0
AS0QMBY6C5US9,Highlights Puzzle Buzz Playtime,Highlights Puzzle Buzz Playtime,unknown,19,6.95,139.0,4,-15,False,20,1.0
AS0QMBY6C5US9,The Open Collaboration Encyclopedia,The Open Collaboration Encyclopedia,unknown,20,6.75,135.0,13,-7,False,20,1.0
AZ5JFJLEV0560,Doctor Sleep: A Novel,Doctor Sleep: A Novel,unknown,1,17.5,350.0,13,12,True,20,1.0
AZ5JFJLEV0560,"The Modern Ayurvedic Cookbook: Healthful, Healing Recipes for Life","The Modern Ayurvedic Cookbook: Healthful, Healing ...",unknown,2,15.55,311.0,3,1,False,20,1.0
AZ5JFJLEV0560,Interpreting Chest X-Rays: Illustrated with 100 Cases,Interpreting Chest X-Rays: Illustrated with 100 Ca...,unknown,3,12.85,257.0,0,-3,False,20,1.0
AZ5JFJLEV0560,This Book Will Save Your Life: A Novel,This Book Will Save Your Life: A Novel,unknown,4,12.8,256.0,17,13,False,20,1.0
AZ5JFJLEV0560,The Bridge to Wholeness: A Feminine Alternative to the Hero Myth,The Bridge to Wholeness: A Feminine Alternative to...,unknown,5,11.95,239.0,7,2,False,20,1.0
AZ5JFJLEV0560,Zero Day Threat: The Shocking Truth of How Banks and Credit Bureaus Help Cyber Crooks Steal Your Money and Identity,Zero Day Threat: The Shocking Truth of How Banks a...,unknown,6,11.3,226.0,19,13,False,20,1.0
AZ5JFJLEV0560,Close-up Photography,Close-up Photography,unknown,7,10.95,219.0,15,8,False,20,1.0
AZ5JFJLEV0560,"Teeny, Tiny Crochet","Teeny, Tiny Crochet",unknown,8,10.2,204.0,2,-6,False,20,1.0
AZ5JFJLEV0560,Vagabond Adventures,Vagabond Adventures,unknown,9,10.1,202.0,16,7,False,20,1.0
AZ5JFJLEV0560,Saaya,Saaya,unknown,10,9.9,198.0,4,-6,False,20,1.0
AZ5JFJLEV0560,Making History: Interviews with Four Generals of Cuba's Revolutionary Armed Forces,Making History: Interviews with Four Generals of C...,unknown,11,9.9,198.0,18,7,False,20,1.0
AZ5JFJLEV0560,"Gary, Indiana: A Centennial Celebration","Gary, Indiana: A Centennial Celebration",unknown,12,9.85,197.0,8,-4,False,20,1.0
AZ5JFJLEV0560,"Those Fabulous Greeks: Onassis, Niarchos, and Livanos","Those Fabulous Greeks: Onassis, Niarchos, and Liva...",unknown,13,9.4,188.0,6,-7,False,20,1.0
AZ5JFJLEV0560,Whoo's There (Halloween Glow Books),Whoo's There (Halloween Glow Books),unknown,14,9.15,183.0,10,-4,False,20,1.0
AZ5JFJLEV0560,ZOMG!: A Social Media Novel,ZOMG!: A Social Media Novel,unknown,15,9.1,182.0,11,-4,False,20,1.0
AZ5JFJLEV0560,All About Doll Houses,All About Doll Houses,unknown,16,9.05,181.0,9,-7,False,20,1.0
AZ5JFJLEV0560,B.P.R.D. 1946 #1,B.P.R.D. 1946 #1,unknown,17,8.75,175.0,14,-3,False,20,1.0
AZ5JFJLEV0560,Fat Skeletons,Fat Skeletons,unknown,18,8.4,168.0,5,-13,False,20,1.0
AZ5JFJLEV0560,"Libya Map (English, Spanish, French, Italian and German Edition) (GEOGRAPHICAL MAP - Divers) (French Edition)","Libya Map (English, Spanish, French, Italian and G...",unknown,19,7.35,147.0,12,-7,False,20,1.0
AZ5JFJLEV0560,CATIA for Designers V5R13,CATIA for Designers V5R13,unknown,20,5.95,119.0,1,-19,False,20,1.0
A3U7Z1UKTXGOLA,"Griftopia: Bubble Machines, Vampire Squids, and the Long Con That Is Breaking America","Griftopia: Bubble Machines, Vampire Squids, and th...",unknown,1,14.8,296.0,11,10,False,20,0.6309297535714575
A3U7Z1UKTXGOLA,The Impact Equation: Are You Making Things Happen or Just Making Noise?,The Impact Equation: Are You Making Things Happen ...,unknown,2,14.7,294.0,0,-2,True,20,0.6309297535714575
A3U7Z1UKTXGOLA,Killer Monologues,Killer Monologues,unknown,3,13.2,264.0,6,3,False,20,0.6309297535714575
A3U7Z1UKTXGOLA,The Martian named Smith: Critical perspectives on Robert A. Heinlein's Stranger in a strange land,The Martian named Smith: Critical perspectives on ...,unknown,4,12.0,240.0,5,1,False,20,0.6309297535714575
A3U7Z1UKTXGOLA,OBD: Obsessive Branding Disorder: The Illusion of Business and the Business of Illusion,OBD: Obsessive Branding Disorder: The Illusion of ...,unknown,5,11.95,239.0,8,3,False,20,0.6309297535714575
A3U7Z1UKTXGOLA,"First Lady of the Organ, Diane Bish: A Biography","First Lady of the Organ, Diane Bish: A Biography",unknown,6,11.75,235.0,2,-4,False,20,0.6309297535714575
A3U7Z1UKTXGOLA,The Witches of Eastwick: Vocal Selections (Faber Edition),The Witches of Eastwick: Vocal Selections (Faber E...,unknown,7,11.35,227.0,15,8,False,20,0.6309297535714575
A3U7Z1UKTXGOLA,The Ruby Key (Moon & Sun),The Ruby Key (Moon & Sun),unknown,8,11.05,221.0,3,-5,False,20,0.6309297535714575
A3U7Z1UKTXGOLA,Masterpieces: Chalet Architecture and Design (Masterpiece Series),Masterpieces: Chalet Architecture and Design (Mast...,unknown,9,10.9,218.0,12,3,False,20,0.6309297535714575
A3U7Z1UKTXGOLA,"The Beautiful Machine: A Life in Cycling, from Tour de France to Cinder Hill","The Beautiful Machine: A Life in Cycling, from Tou...",unknown,10,10.85,217.0,14,4,False,20,0.6309297535714575
A3U7Z1UKTXGOLA,"Newton's Telecom Dictionary: Telecommunications, Networking, Information Technologies, The Internet, Wired, Wireless, Satellites and Fiber","Newton's Telecom Dictionary: Telecommunications, N...",unknown,11,9.7,194.0,7,-4,False,20,0.6309297535714575
A3U7Z1UKTXGOLA,Bloody Joe,Bloody Joe,unknown,12,9.6,192.0,16,4,False,20,0.6309297535714575
A3U7Z1UKTXGOLA,Stories from Mexico/Historias de Mexico (Side by Side Bilingual Books) (English and Spanish Edition),Stories from Mexico/Historias de Mexico (Side by S...,unknown,13,9.5,190.0,19,6,False,20,0.6309297535714575
A3U7Z1UKTXGOLA,Pro .NET 2.0 Graphics Programming (Expert's Voice in .NET),Pro .NET 2.0 Graphics Programming (Expert's Voice ...,unknown,14,9.4,188.0,18,4,False,20,0.6309297535714575
A3U7Z1UKTXGOLA,"The Battle of the Bulge in Luxembourg: The Southern Flank - Dec. 1944 - Jan. 1945 Vol.II The Americans (The Americans , Vol 2)",The Battle of the Bulge in Luxembourg: The Souther...,unknown,15,9.15,183.0,9,-6,False,20,0.6309297535714575
A3U7Z1UKTXGOLA,Creatures of Circumstance,Creatures of Circumstance,unknown,16,9.1,182.0,13,-3,False,20,0.6309297535714575
A3U7Z1UKTXGOLA,Maran Illustrated Cooking Basics,Maran Illustrated Cooking Basics,unknown,17,8.8,176.0,10,-7,False,20,0.6309297535714575
A3U7Z1UKTXGOLA,A Dozen Fairy Dresses (Disney Fairies) (Step into Reading),A Dozen Fairy Dresses (Disney Fairies) (Step into ...,unknown,18,8.65,173.0,4,-14,False,20,0.6309297535714575
A3U7Z1UKTXGOLA,Sonny the Monkey,Sonny the Monkey,unknown,19,6.8,136.0,1,-18,False,20,0.6309297535714575
A3U7Z1UKTXGOLA,"ESV Thinline Bible, TruTone, Nutmeg, Filigree Design, Red Letter Text [Leather Bound] [2005] ESV Bibles by Crossway","ESV Thinline Bible, TruTone, Nutmeg, Filigree Desi...",unknown,20,6.75,135.0,17,-3,False,20,0.6309297535714575
A1B7K8OJDJ76K2,They Call Him Cale: The Life and Career of NASCAR Legend Cale Yarborough,They Call Him Cale: The Life and Career of NASCAR ...,unknown,1,14.5,290.0,3,2,False,20,0.43067655807339306
A1B7K8OJDJ76K2,Trap-lines north: A true story of the Canadian woods by Stephen w. Meader,Trap-lines north: A true story of the Canadian woo...,unknown,2,12.9,258.0,2,0,False,20,0.43067655807339306
A1B7K8OJDJ76K2,Wonder Woman: Down to Earth,Wonder Woman: Down to Earth,unknown,3,12.3,246.0,11,8,False,20,0.43067655807339306
A1B7K8OJDJ76K2,"King and Maxwell (King & Maxwell Series, 6)","King and Maxwell (King & Maxwell Series, 6)",unknown,4,12.2,244.0,16,12,True,20,0.43067655807339306
A1B7K8OJDJ76K2,Write Like An Adult,Write Like An Adult,unknown,5,11.85,237.0,0,-5,False,20,0.43067655807339306
A1B7K8OJDJ76K2,The Rogue's Return (Company Of Rogues),The Rogue's Return (Company Of Rogues),unknown,6,11.65,233.0,9,3,False,20,0.43067655807339306
A1B7K8OJDJ76K2,Jack Kirby's New Gods,Jack Kirby's New Gods,unknown,7,11.3,226.0,18,11,False,20,0.43067655807339306
A1B7K8OJDJ76K2,CNC Milling in the Workshop (Crowood Metalworking Guides),CNC Milling in the Workshop (Crowood Metalworking ...,unknown,8,11.25,225.0,7,-1,False,20,0.43067655807339306
A1B7K8OJDJ76K2,Iron Dragons: Mountains and Madness,Iron Dragons: Mountains and Madness,unknown,9,11.25,225.0,15,6,False,20,0.43067655807339306
A1B7K8OJDJ76K2,"Imperial Identities: Stereotyping, Prejudice and Race in Colonial Algeria (Society and Culture in the Modern Middle East)","Imperial Identities: Stereotyping, Prejudice and R...",unknown,10,11.1,222.0,8,-2,False,20,0.43067655807339306
A1B7K8OJDJ76K2,Gordon Lightfoot: Gord's Gold,Gordon Lightfoot: Gord's Gold,unknown,11,11.1,222.0,19,8,False,20,0.43067655807339306
A1B7K8OJDJ76K2,Politics UK (4th Edition),Politics UK (4th Edition),unknown,12,11.0,220.0,6,-6,False,20,0.43067655807339306
A1B7K8OJDJ76K2,Rudolph the Red-Nosed Reindeer (Rudolph the Red-Nosed Reindeer) (Little Golden Book),Rudolph the Red-Nosed Reindeer (Rudolph the Red-No...,unknown,13,9.75,195.0,1,-12,False,20,0.43067655807339306
A1B7K8OJDJ76K2,Programming with the Java Media Framework (SUG),Programming with the Java Media Framework (SUG),unknown,14,9.65,193.0,17,3,False,20,0.43067655807339306
A1B7K8OJDJ76K2,Joan of Arc Paper Doll Book,Joan of Arc Paper Doll Book,unknown,15,8.8,176.0,5,-10,False,20,0.43067655807339306
A1B7K8OJDJ76K2,Ceramics in America 2003 (Ceramics in America Annual),Ceramics in America 2003 (Ceramics in America Annu...,unknown,16,8.7,174.0,13,-3,False,20,0.43067655807339306
A1B7K8OJDJ76K2,"Peace River: A canoe voyage from Hudson's Bay to Pacific, ([Canadiana reprint series])",Peace River: A canoe voyage from Hudson's Bay to P...,unknown,17,8.45,169.0,12,-5,False,20,0.43067655807339306
A1B7K8OJDJ76K2,Oral Pathology: Clinical Pathologic Correlations,Oral Pathology: Clinical Pathologic Correlations,unknown,18,8.1,162.0,4,-14,False,20,0.43067655807339306
A1B7K8OJDJ76K2,Nothing is Impossible with God,Nothing is Impossible with God,unknown,19,7.45,149.0,10,-9,False,20,0.43067655807339306
A1B7K8OJDJ76K2,Dolgun,Dolgun,unknown,20,6.7,134.0,14,-6,False,20,0.43067655807339306
A3VDI26D6D34E0,Perfecting the Quilting Stitch: The Ins & Outs,Perfecting the Quilting Stitch: The Ins & Outs,unknown,1,15.55,311.0,10,9,True,20,1.0
A3VDI26D6D34E0,Death at La Fenice: A Commissario Guido Brunetti Mystery,Death at La Fenice: A Commissario Guido Brunetti M...,unknown,2,14.4,288.0,16,14,False,20,1.0
A3VDI26D6D34E0,"Ready, Set, Decorate: The Complete Guide to Getting It Right Every Time","Ready, Set, Decorate: The Complete Guide to Gettin...",unknown,3,14.05,281.0,3,0,False,20,1.0
A3VDI26D6D34E0,Forging North: Life on the Alaska Frontier,Forging North: Life on the Alaska Frontier,unknown,4,13.05,261.0,4,0,False,20,1.0
A3VDI26D6D34E0,The Winterthur Guide To Color In Your Garden : Plant Combinations and Practical Advice from the Winterthur Garden,The Winterthur Guide To Color In Your Garden : Pla...,unknown,5,12.35,247.0,19,14,False,20,1.0
A3VDI26D6D34E0,"Lack and Transcendence: The Problem of Death and Life in Psychotherapy, Existentialism, and Buddhism",Lack and Transcendence: The Problem of Death and L...,unknown,6,11.6,232.0,0,-6,False,20,1.0
A3VDI26D6D34E0,When Molly Was a Harvey Girl,When Molly Was a Harvey Girl,unknown,7,11.35,227.0,6,-1,False,20,1.0
A3VDI26D6D34E0,The Witness of Poetry (The Charles Eliot Norton Lectures),The Witness of Poetry (The Charles Eliot Norton Le...,unknown,8,10.9,218.0,9,1,False,20,1.0
A3VDI26D6D34E0,Lunch Box Menus For You,Lunch Box Menus For You,unknown,9,10.85,217.0,14,5,False,20,1.0
A3VDI26D6D34E0,"Winthrop's Journal, History of New England, 1630-1649: Volume 2","Winthrop's Journal, History of New England, 1630-1...",unknown,10,10.55,211.0,15,5,False,20,1.0
A3VDI26D6D34E0,Quarkexpress 6: For Print and Web Design,Quarkexpress 6: For Print and Web Design,unknown,11,10.55,211.0,8,-3,False,20,1.0
A3VDI26D6D34E0,Moving Violation: A Chloe Boston Mystery (Chloe Boston Meter Maid Cozy Mysteries),Moving Violation: A Chloe Boston Mystery (Chloe Bo...,unknown,12,10.45,209.0,13,1,False,20,1.0
A3VDI26D6D34E0,Ayn Rand (Twayne's United States Authors Series),Ayn Rand (Twayne's United States Authors Series),unknown,13,9.6,192.0,7,-6,False,20,1.0
A3VDI26D6D34E0,Advanced Drilling Engineering: Principles and Designs,Advanced Drilling Engineering: Principles and Desi...,unknown,14,9.6,192.0,17,3,False,20,1.0
A3VDI26D6D34E0,Triumph Of The Mountain Man,Triumph Of The Mountain Man,unknown,15,9.55,191.0,11,-4,False,20,1.0
A3VDI26D6D34E0,The Krim Shield,The Krim Shield,unknown,16,7.8,156.0,1,-15,False,20,1.0
A3VDI26D6D34E0,Human Morality,Human Morality,unknown,17,7.3,146.0,2,-15,False,20,1.0
A3VDI26D6D34E0,"Chopin ~ Nocturnes Opp 9-62 ~ Piano ~ National Edition (Chopin ~ Nocturnes Opp 9-62 ~ National Edition, Opp 9-62)",Chopin ~ Nocturnes Opp 9-62 ~ Piano ~ National Edi...,unknown,18,7.3,146.0,18,0,False,20,1.0
A3VDI26D6D34E0,Mark as Story Second Edition,Mark as Story Second Edition,unknown,19,6.65,133.0,5,-14,False,20,1.0
A3VDI26D6D34E0,Kept by Seduction (Taken by Passion),Kept by Seduction (Taken by Passion),unknown,20,6.55,131.0,12,-8,False,20,1.0
A16LXA56N7SX7E,Paper Children: An Immigrant's Legacy,Paper Children: An Immigrant's Legacy,unknown,1,16.15,323.0,3,2,False,20,0.6309297535714575
A16LXA56N7SX7E,To Paris with Love: A Family Business Novel,To Paris with Love: A Family Business Novel,unknown,2,15.4,308.0,2,0,True,20,0.6309297535714575
A16LXA56N7SX7E,It's Time for Your Comeback: Don't Take a Step Back With a Set Back,It's Time for Your Comeback: Don't Take a Step Bac...,unknown,3,14.5,290.0,8,5,False,20,0.6309297535714575
A16LXA56N7SX7E,Whatever Happened to Martin Barnett?,Whatever Happened to Martin Barnett?,unknown,4,12.9,258.0,1,-3,False,20,0.6309297535714575
A16LXA56N7SX7E,Russell's World: A Story for Kids About Autism,Russell's World: A Story for Kids About Autism,unknown,5,12.9,258.0,11,6,False,20,0.6309297535714575
A16LXA56N7SX7E,Hot Springs (Earl Swagger),Hot Springs (Earl Swagger),unknown,6,12.55,251.0,18,12,False,20,0.6309297535714575
A16LXA56N7SX7E,"The Dictionary of the Esoteric: Over 3,000 Entries on the Mystical & Occult Traditions","The Dictionary of the Esoteric: Over 3,000 Entries...",unknown,7,12.5,250.0,5,-2,False,20,0.6309297535714575
A16LXA56N7SX7E,28 Days to Breaking the Cycle: Learning How To Dream Again,28 Days to Breaking the Cycle: Learning How To Dre...,unknown,8,12.1,242.0,13,5,False,20,0.6309297535714575
A16LXA56N7SX7E,The Makers of Rome: Nine Lives (Penguin Classics),The Makers of Rome: Nine Lives (Penguin Classics),unknown,9,11.05,221.0,6,-3,False,20,0.6309297535714575
A16LXA56N7SX7E,The Insider's Guide to Film Finance,The Insider's Guide to Film Finance,unknown,10,10.0,200.0,15,5,False,20,0.6309297535714575
A16LXA56N7SX7E,Furry Logic Laugh at Life,Furry Logic Laugh at Life,unknown,11,9.85,197.0,4,-7,False,20,0.6309297535714575
A16LXA56N7SX7E,2001 : Space Odyssey Script Screenplay,2001 : Space Odyssey Script Screenplay,unknown,12,9.55,191.0,16,4,False,20,0.6309297535714575
A16LXA56N7SX7E,mieses karma,mieses karma,unknown,13,8.8,176.0,12,-1,False,20,0.6309297535714575
A16LXA56N7SX7E,The Way to a Man's Heart (The Miller Family Series),The Way to a Man's Heart (The Miller Family Series...,unknown,14,8.7,174.0,17,3,False,20,0.6309297535714575
A16LXA56N7SX7E,The History of Central America (Palgrave Essential Histories Series),The History of Central America (Palgrave Essential...,unknown,15,8.4,168.0,0,-15,False,20,0.6309297535714575
A16LXA56N7SX7E,MIS Essentials,MIS Essentials,unknown,16,7.85,157.0,9,-7,False,20,0.6309297535714575
A16LXA56N7SX7E,Nemesis (Resident Evil #5),Nemesis (Resident Evil #5),unknown,17,7.5,150.0,10,-7,False,20,0.6309297535714575
A16LXA56N7SX7E,Marius' Mules I: The Invasion of Gaul,Marius' Mules I: The Invasion of Gaul,unknown,18,7.3,146.0,14,-4,False,20,0.6309297535714575
A16LXA56N7SX7E,Plone 3 for Education,Plone 3 for Education,unknown,19,6.15,123.0,19,0,False,20,0.6309297535714575
A16LXA56N7SX7E,La Economia Long Tail (Spanish Edition),La Economia Long Tail (Spanish Edition),unknown,20,5.85,117.0,7,-13,False,20,0.6309297535714575
A2PBUV5B6Q5D2Q,In Season: Cooking with Vegetables and Fruits,In Season: Cooking with Vegetables and Fruits,unknown,1,15.9,318.0,5,4,False,20,0.6309297535714575
A2PBUV5B6Q5D2Q,Crown of Dust,Crown of Dust,unknown,2,15.85,317.0,9,7,False,20,0.6309297535714575
A2PBUV5B6Q5D2Q,Shallow Water (A Suburban Noir Ghost Story #2) (Madison Keith),Shallow Water (A Suburban Noir Ghost Story #2) (Ma...,unknown,3,15.6,312.0,12,9,True,20,0.6309297535714575
A2PBUV5B6Q5D2Q,Unfinished Murder: The Capture of a Serial Rapist,Unfinished Murder: The Capture of a Serial Rapist,unknown,4,11.4,228.0,6,2,False,20,0.6309297535714575
A2PBUV5B6Q5D2Q,The Mind of a Thief,The Mind of a Thief,unknown,5,11.15,223.0,18,13,False,20,0.6309297535714575
A2PBUV5B6Q5D2Q,Breaking the Mould: New Approaches to Ceramics,Breaking the Mould: New Approaches to Ceramics,unknown,6,10.8,216.0,13,7,False,20,0.6309297535714575
A2PBUV5B6Q5D2Q,Perfect Girl,Perfect Girl,unknown,7,10.7,214.0,1,-6,False,20,0.6309297535714575
A2PBUV5B6Q5D2Q,An American Walkabout,An American Walkabout,unknown,8,10.65,213.0,19,11,False,20,0.6309297535714575
A2PBUV5B6Q5D2Q,Whisper Of Atlantis,Whisper Of Atlantis,unknown,9,10.55,211.0,4,-5,False,20,0.6309297535714575
A2PBUV5B6Q5D2Q,The Rocky Guide to Life: Heavyweight Wisdom to Help You Go the Distance,The Rocky Guide to Life: Heavyweight Wisdom to Hel...,unknown,10,10.4,208.0,11,1,False,20,0.6309297535714575
A2PBUV5B6Q5D2Q,Your Healthy Cat: Homeopathic Medicines for Common Feline Ailments,Your Healthy Cat: Homeopathic Medicines for Common...,unknown,11,10.4,208.0,8,-3,False,20,0.6309297535714575
A2PBUV5B6Q5D2Q,Hoppergrass,Hoppergrass,unknown,12,10.3,206.0,2,-10,False,20,0.6309297535714575
A2PBUV5B6Q5D2Q,Childbirth With Hypnosis,Childbirth With Hypnosis,unknown,13,9.95,199.0,14,1,False,20,0.6309297535714575
A2PBUV5B6Q5D2Q,Just Fine the Way They Are: From Dirt Roads to Rail Roads to Interstates,Just Fine the Way They Are: From Dirt Roads to Rai...,unknown,14,9.6,192.0,10,-4,False,20,0.6309297535714575
A2PBUV5B6Q5D2Q,The Braces Cookbook,The Braces Cookbook,unknown,15,9.05,181.0,7,-8,False,20,0.6309297535714575
A2PBUV5B6Q5D2Q,The Encyclopedia of Creative Cooking,The Encyclopedia of Creative Cooking,unknown,16,8.6,172.0,15,-1,False,20,0.6309297535714575
A2PBUV5B6Q5D2Q,Geometry: The Language of Space and Form (History of Mathematics),Geometry: The Language of Space and Form (History ...,unknown,17,8.45,169.0,17,0,False,20,0.6309297535714575
A2PBUV5B6Q5D2Q,PEARSON BACCAULAREATE: HIGHER LEVEL MATHEMATICS(CORE)WORKED SOLUTIONS CD-ROM FOR THE IB DIPLOMA (Pearson International Baccalaureate Diploma: International E),PEARSON BACCAULAREATE: HIGHER LEVEL MATHEMATICS(CO...,unknown,18,7.05,141.0,3,-15,False,20,0.6309297535714575
A2PBUV5B6Q5D2Q,"Iambi et Elegi Graeci: Ante Alexandrum Cantati Volume 2: Callinus, Mimnermus, Semonides, Solon, Tyrtaeus, Minora Adespota",Iambi et Elegi Graeci: Ante Alexandrum Cantati Vol...,unknown,19,6.8,136.0,16,-3,False,20,0.6309297535714575
A2PBUV5B6Q5D2Q,Aprende Ya! Escalas Para El Acordeon De Botones,Aprende Ya! Escalas Para El Acordeon De Botones,unknown,20,6.8,136.0,0,-20,False,20,0.6309297535714575
A3IYNLURWOY4Z4,"Perfect Baking with Your Halogen Oven: How to Create Tasty Bread, Cupcakes, Bakes, Biscuits and Savouries. Sarah Flower",Perfect Baking with Your Halogen Oven: How to Crea...,unknown,1,15.1,302.0,3,2,False,20,0.0
A3IYNLURWOY4Z4,"Age of Context: Mobile, Sensors, Data and the Future of Privacy","Age of Context: Mobile, Sensors, Data and the Futu...",unknown,2,14.95,299.0,13,11,False,20,0.0
A3IYNLURWOY4Z4,Diary of an accidental psychic: An ordinary man living an extraordinary life,Diary of an accidental psychic: An ordinary man li...,unknown,3,14.0,280.0,18,15,False,20,0.0
A3IYNLURWOY4Z4,The Mother Load: How to Meet Your Own Needs While Caring for Your Family (Hearts at Home),The Mother Load: How to Meet Your Own Needs While ...,unknown,4,13.3,266.0,2,-2,False,20,0.0
A3IYNLURWOY4Z4,Passage from India: Asian Indian Immigrants in North America,Passage from India: Asian Indian Immigrants in Nor...,unknown,5,11.2,224.0,7,2,False,20,0.0
A3IYNLURWOY4Z4,Alcindor and the Big O: A Season's Diary,Alcindor and the Big O: A Season's Diary,unknown,6,11.1,222.0,6,0,False,20,0.0
A3IYNLURWOY4Z4,The Way It Wasn't: Great Science Fiction Stories of Alternate History,The Way It Wasn't: Great Science Fiction Stories o...,unknown,7,11.0,220.0,15,8,False,20,0.0
A3IYNLURWOY4Z4,"Chemical Demonstrations, Volume 5: A Handbook for Teachers of Chemistry (Volume 5)","Chemical Demonstrations, Volume 5: A Handbook for ...",unknown,8,10.8,216.0,5,-3,False,20,0.0
A3IYNLURWOY4Z4,Mao Zedong and China's Revolutions: A Brief History with Documents (The Bedford Series in History and Culture),Mao Zedong and China's Revolutions: A Brief Histor...,unknown,9,10.65,213.0,19,10,False,20,0.0
A3IYNLURWOY4Z4,The Binder's Daughter,The Binder's Daughter,unknown,10,10.55,211.0,16,6,False,20,0.0
A3IYNLURWOY4Z4,Women and Work in Preindustrial Europe,Women and Work in Preindustrial Europe,unknown,11,10.3,206.0,9,-2,False,20,0.0
A3IYNLURWOY4Z4,Cameron 3,Cameron 3,unknown,12,9.9,198.0,0,-12,True,20,0.0
A3IYNLURWOY4Z4,Sell Like Crazy: Evolution Of An Expert 5 Secret Steps To Building Your Empire Using CHAKRAS,Sell Like Crazy: Evolution Of An Expert 5 Secret S...,unknown,13,9.5,190.0,14,1,False,20,0.0
A3IYNLURWOY4Z4,Colossians Remixed: Subverting the Empire,Colossians Remixed: Subverting the Empire,unknown,14,8.8,176.0,12,-2,False,20,0.0
A3IYNLURWOY4Z4,The Saggy Baggy Elephant(Golden Shape Book),The Saggy Baggy Elephant(Golden Shape Book),unknown,15,8.75,175.0,17,2,False,20,0.0
A3IYNLURWOY4Z4,Grits God Reigns In The south,Grits God Reigns In The south,unknown,16,8.4,168.0,10,-6,False,20,0.0
A3IYNLURWOY4Z4,"HIPAA@IT Essentials : Health Information Transactions, Privacy, and Security",HIPAA@IT Essentials : Health Information Transacti...,unknown,17,8.2,164.0,4,-13,False,20,0.0
A3IYNLURWOY4Z4,RANA (RANA SERIES Book 1),RANA (RANA SERIES Book 1),unknown,18,8.15,163.0,1,-17,False,20,0.0
A3IYNLURWOY4Z4,Fun with Northwest Indian Stencils (Dover Stencils),Fun with Northwest Indian Stencils (Dover Stencils...,unknown,19,7.9,158.0,11,-8,False,20,0.0
A3IYNLURWOY4Z4,Apostolic Succession in an Ecumenical Context,Apostolic Succession in an Ecumenical Context,unknown,20,7.45,149.0,8,-12,False,20,0.0
A1NR9O70VDMUDQ,Lighthouses: A Pictorial History of Lighthouses Around the World,Lighthouses: A Pictorial History of Lighthouses Ar...,unknown,1,14.45,289.0,3,2,False,20,0.0
A1NR9O70VDMUDQ,Change of Heart,Change of Heart,unknown,2,13.75,275.0,9,7,False,20,0.0
A1NR9O70VDMUDQ,Attention to Detail: The finishing touch in more than 100 contemporary rooms,Attention to Detail: The finishing touch in more t...,unknown,3,12.85,257.0,17,14,False,20,0.0
A1NR9O70VDMUDQ,Christmas in Texas (Volume 3) (Clayton Wheat Williams Texas Life Series),Christmas in Texas (Volume 3) (Clayton Wheat Willi...,unknown,4,12.85,257.0,11,7,False,20,0.0
A1NR9O70VDMUDQ,Pre-Raphaelites in Love,Pre-Raphaelites in Love,unknown,5,12.45,249.0,1,-4,False,20,0.0
A1NR9O70VDMUDQ,Against the Tide: Getting Beyond Ourselves (Plain and Simple Series),Against the Tide: Getting Beyond Ourselves (Plain ...,unknown,6,11.35,227.0,15,9,False,20,0.0
A1NR9O70VDMUDQ,GROWING BONSAI A Practical Encyclopedia,GROWING BONSAI A Practical Encyclopedia,unknown,7,11.2,224.0,0,-7,False,20,0.0
A1NR9O70VDMUDQ,Closed Hearts: (Mindjack Series Book 2),Closed Hearts: (Mindjack Series Book 2),unknown,8,10.9,218.0,14,6,True,20,0.0
A1NR9O70VDMUDQ,Faith Deployed: Daily Encouragement for Military Wives,Faith Deployed: Daily Encouragement for Military W...,unknown,9,10.55,211.0,19,10,False,20,0.0
A1NR9O70VDMUDQ,Marks' Standard Handbook for Mechanical Engineers 11th Edition,Marks' Standard Handbook for Mechanical Engineers ...,unknown,10,10.35,207.0,13,3,False,20,0.0
A1NR9O70VDMUDQ,When the Robbers Came to Cardamom Town,When the Robbers Came to Cardamom Town,unknown,11,10.05,201.0,16,5,False,20,0.0
A1NR9O70VDMUDQ,Essentials of Surgery: with STUDENT CONSULT Access,Essentials of Surgery: with STUDENT CONSULT Access,unknown,12,9.95,199.0,8,-4,False,20,0.0
A1NR9O70VDMUDQ,The ten minute gourmet cookbook,The ten minute gourmet cookbook,unknown,13,9.9,198.0,10,-3,False,20,0.0
A1NR9O70VDMUDQ,"Ba Rose: My years in Vietnam, 1968-1971","Ba Rose: My years in Vietnam, 1968-1971",unknown,14,9.75,195.0,18,4,False,20,0.0
A1NR9O70VDMUDQ,"The Church Pianist's Library, Volume 9","The Church Pianist's Library, Volume 9",unknown,15,9.1,182.0,12,-3,False,20,0.0
A1NR9O70VDMUDQ,Professional iPhone and iPod touch Programming: Building Applications for Mobile Safari,Professional iPhone and iPod touch Programming: Bu...,unknown,16,9.1,182.0,6,-10,False,20,0.0
A1NR9O70VDMUDQ,Pokemon Diamond & Pearl Pokedex: Prima Official Game Guide Vol. 2 (Prima Official Game Guides),Pokemon Diamond & Pearl Pokedex: Prima Official Ga...,unknown,17,8.6,172.0,2,-15,False,20,0.0
A1NR9O70VDMUDQ,Chapter 13 Bankruptcy: Keep Your Property & Repay Debts Over Time,Chapter 13 Bankruptcy: Keep Your Property & Repay ...,unknown,18,8.1,162.0,4,-14,False,20,0.0
A1NR9O70VDMUDQ,Computing Essentials 2008 Introductory Edition,Computing Essentials 2008 Introductory Edition,unknown,19,7.45,149.0,5,-14,False,20,0.0
A1NR9O70VDMUDQ,Advanced Object Oriented Programming with Visual FoxPro 6.0,Advanced Object Oriented Programming with Visual F...,unknown,20,7.3,146.0,7,-13,False,20,0.0
AELI92XSOT6H4,The Millionaire Mindset for Real Estate Agents: Master the Real Estate Market & Explode Sales,The Millionaire Mindset for Real Estate Agents: Ma...,unknown,1,15.0,300.0,9,8,False,20,0.6309297535714575
AELI92XSOT6H4,"Calculus, Vol. 1: One-Variable Calculus, with an Introduction to Linear Algebra","Calculus, Vol. 1: One-Variable Calculus, with an I...",unknown,2,14.45,289.0,12,10,True,20,0.6309297535714575
AELI92XSOT6H4,In Her Own Words: Conversations with Composers in the United States (New Perspectives on Gender in Music),In Her Own Words: Conversations with Composers in ...,unknown,3,13.15,263.0,15,12,False,20,0.6309297535714575
AELI92XSOT6H4,Project Management Circa 2025,Project Management Circa 2025,unknown,4,13.0,260.0,13,9,False,20,0.6309297535714575
AELI92XSOT6H4,"Automotive Brake Systems, Third Edition","Automotive Brake Systems, Third Edition",unknown,5,12.75,255.0,14,9,False,20,0.6309297535714575
AELI92XSOT6H4,"Assessment of Children: Cognitive Foundations, 5th Edition","Assessment of Children: Cognitive Foundations, 5th...",unknown,6,12.7,254.0,19,13,False,20,0.6309297535714575
AELI92XSOT6H4,Gray's Atlas of Anatomy (Gray's Anatomy),Gray's Atlas of Anatomy (Gray's Anatomy),unknown,7,11.75,235.0,1,-6,False,20,0.6309297535714575
AELI92XSOT6H4,The International Military Collectors Guide,The International Military Collectors Guide,unknown,8,11.1,222.0,2,-6,False,20,0.6309297535714575
AELI92XSOT6H4,On the Run: A Mafia Childhood,On the Run: A Mafia Childhood,unknown,9,11.1,222.0,3,-6,False,20,0.6309297535714575
AELI92XSOT6H4,What We Want to Say to Grads,What We Want to Say to Grads,unknown,10,10.95,219.0,6,-4,False,20,0.6309297535714575
AELI92XSOT6H4,Client/Server Lan Programming,Client/Server Lan Programming,unknown,11,10.75,215.0,8,-3,False,20,0.6309297535714575
AELI92XSOT6H4,Open Source,Open Source,unknown,12,10.55,211.0,17,5,False,20,0.6309297535714575
AELI92XSOT6H4,The Great Recycling Adventure: A Lift-A-Flap Look at Old Things Made New,The Great Recycling Adventure: A Lift-A-Flap Look ...,unknown,13,10.4,208.0,4,-9,False,20,0.6309297535714575
AELI92XSOT6H4,Demon Inhibitions: Caitlin Diggs Series #3,Demon Inhibitions: Caitlin Diggs Series #3,unknown,14,9.5,190.0,7,-7,False,20,0.6309297535714575
AELI92XSOT6H4,Nebraska (27) (Portrait of America),Nebraska (27) (Portrait of America),unknown,15,8.4,168.0,11,-4,False,20,0.6309297535714575
AELI92XSOT6H4,Ten Little Sisters,Ten Little Sisters,unknown,16,8.25,165.0,16,0,False,20,0.6309297535714575
AELI92XSOT6H4,"Cloth Paper Scissors, Studios, Special 2008 Issue","Cloth Paper Scissors, Studios, Special 2008 Issue",unknown,17,8.1,162.0,10,-7,False,20,0.6309297535714575
AELI92XSOT6H4,Chronicles of Narnia: Silver Chair VHS,Chronicles of Narnia: Silver Chair VHS,unknown,18,7.15,143.0,5,-13,False,20,0.6309297535714575
AELI92XSOT6H4,"Journal of Discourses by Brigham Young, His Two Counsellors, the Twelve Apostles, and Others V7","Journal of Discourses by Brigham Young, His Two Co...",unknown,19,5.55,111.0,18,-1,False,20,0.6309297535714575
AELI92XSOT6H4,Pixie Pop: Gokkun Pucho Volume 2,Pixie Pop: Gokkun Pucho Volume 2,unknown,20,5.4,108.0,0,-20,False,20,0.6309297535714575
A3GFJVSYCJ0IY8,The First Phone Call from Heaven: A Novel,The First Phone Call from Heaven: A Novel,unknown,1,16.0,320.0,16,15,True,20,1.0
A3GFJVSYCJ0IY8,Valiant Hearts (Egypt Trilogy #3),Valiant Hearts (Egypt Trilogy #3),unknown,2,15.3,306.0,15,13,False,20,1.0
A3GFJVSYCJ0IY8,"Grace Notes: A Story of Music, Trials and Unexpected Blessings","Grace Notes: A Story of Music, Trials and Unexpect...",unknown,3,15.0,300.0,19,16,False,20,1.0
A3GFJVSYCJ0IY8,Culloden Tales: Stories from Scotland's Most Famous Battlefield,Culloden Tales: Stories from Scotland's Most Famou...,unknown,4,12.95,259.0,14,10,False,20,1.0
A3GFJVSYCJ0IY8,Tamarind,Tamarind,unknown,5,12.35,247.0,17,12,False,20,1.0
A3GFJVSYCJ0IY8,Morning Mists,Morning Mists,unknown,6,11.55,231.0,18,12,False,20,1.0
A3GFJVSYCJ0IY8,Needlework stitches,Needlework stitches,unknown,7,11.2,224.0,10,3,False,20,1.0
A3GFJVSYCJ0IY8,Olivia and the Haunted Hotel,Olivia and the Haunted Hotel,unknown,8,11.2,224.0,2,-6,False,20,1.0
A3GFJVSYCJ0IY8,My Brother Dan's Delicious,My Brother Dan's Delicious,unknown,9,11.05,221.0,5,-4,False,20,1.0
A3GFJVSYCJ0IY8,"Geometry GRE Strategy Guide, 3rd Edition (Manhattan Gre Strategy Guide: Instructional Guide)","Geometry GRE Strategy Guide, 3rd Edition (Manhatta...",unknown,10,10.6,212.0,8,-2,False,20,1.0
A3GFJVSYCJ0IY8,A Mess of Greens: Southern Gender and Southern Food,A Mess of Greens: Southern Gender and Southern Foo...,unknown,11,9.75,195.0,9,-2,False,20,1.0
A3GFJVSYCJ0IY8,Pictorial Archive of Printer's Ornaments: from the Renaissance to the 20th Century (Dover Pictorial Archive Series),Pictorial Archive of Printer's Ornaments: from the...,unknown,12,9.55,191.0,1,-11,False,20,1.0
A3GFJVSYCJ0IY8,"Store Planning/Design: History, Theory, Process","Store Planning/Design: History, Theory, Process",unknown,13,9.5,190.0,3,-10,False,20,1.0
A3GFJVSYCJ0IY8,Dynamics AX Performance Optimization Guide: Fixing Troubles with Microsoft Dynamics AX and SQL Server,Dynamics AX Performance Optimization Guide: Fixing...,unknown,14,8.6,172.0,0,-14,False,20,1.0
A3GFJVSYCJ0IY8,Student Solutions: Manual to Accompany Elementary Algebra,Student Solutions: Manual to Accompany Elementary ...,unknown,15,8.6,172.0,11,-4,False,20,1.0
A3GFJVSYCJ0IY8,Mr. Wolf and the Three Bears,Mr. Wolf and the Three Bears,unknown,16,8.4,168.0,6,-10,False,20,1.0
A3GFJVSYCJ0IY8,We Could Possibly Comment: Ian Richardson Remembered,We Could Possibly Comment: Ian Richardson Remember...,unknown,17,8.1,162.0,7,-10,False,20,1.0
A3GFJVSYCJ0IY8,Computation and Storage in the Cloud: Understanding the Trade-Offs (Elsevier Insights),Computation and Storage in the Cloud: Understandin...,unknown,18,7.9,158.0,12,-6,False,20,1.0
A3GFJVSYCJ0IY8,The Rose Exterminator,The Rose Exterminator,unknown,19,6.95,139.0,4,-15,False,20,1.0
A3GFJVSYCJ0IY8,Jim Goad's Gigantic Book of Sex,Jim Goad's Gigantic Book of Sex,unknown,20,5.45,109.0,13,-7,False,20,1.0
A3TDHZVWJQ2GYT,Adventure of Caving: A Practical Guide for Advanced and Beginning Cavers,Adventure of Caving: A Practical Guide for Advance...,unknown,1,15.3,306.0,15,14,False,20,0.6309297535714575
A3TDHZVWJQ2GYT,The Marvel Encyclopedia: A Definitive Guide to the Characters of the Marvel Universe,The Marvel Encyclopedia: A Definitive Guide to the...,unknown,2,14.55,291.0,7,5,True,20,0.6309297535714575
A3TDHZVWJQ2GYT,"Whales and Dolphins of the European Atlantic: The Bay of Biscay, English Channel, Celtic Sea, and Coastal Southwest Ireland - Fully Updated Second Edition (WILDGuides of Britain & Europe, 5)",Whales and Dolphins of the European Atlantic: The ...,unknown,3,14.3,286.0,18,15,False,20,0.6309297535714575
A3TDHZVWJQ2GYT,"Knowledge and Competitive Advantage: The Coevolution of Firms, Technology, and National Institutions (Cambridge Studies in the Emergence of Global Enterprise)",Knowledge and Competitive Advantage: The Coevoluti...,unknown,4,12.85,257.0,13,9,False,20,0.6309297535714575
A3TDHZVWJQ2GYT,Grasper: A Young Crab's Discovery,Grasper: A Young Crab's Discovery,unknown,5,12.75,255.0,10,5,False,20,0.6309297535714575
A3TDHZVWJQ2GYT,The Oxford Handbook of Inter-Organizational Relations (Oxford Handbooks),The Oxford Handbook of Inter-Organizational Relati...,unknown,6,12.4,248.0,2,-4,False,20,0.6309297535714575
A3TDHZVWJQ2GYT,"Just The Pits (Hetta Coffey Series, Book 5)","Just The Pits (Hetta Coffey Series, Book 5)",unknown,7,12.25,245.0,4,-3,False,20,0.6309297535714575
A3TDHZVWJQ2GYT,"Nothing Special (Felton Reinstein trilogy, 2)","Nothing Special (Felton Reinstein trilogy, 2)",unknown,8,12.1,242.0,9,1,False,20,0.6309297535714575
A3TDHZVWJQ2GYT,Handbook on the Wisdom Books and Psalms,Handbook on the Wisdom Books and Psalms,unknown,9,11.2,224.0,6,-3,False,20,0.6309297535714575
A3TDHZVWJQ2GYT,"Her Secret, His Son","Her Secret, His Son",unknown,10,10.75,215.0,3,-7,False,20,0.6309297535714575
A3TDHZVWJQ2GYT,Ants,Ants,unknown,11,10.1,202.0,17,6,False,20,0.6309297535714575
A3TDHZVWJQ2GYT,The Killing of Mindi Quintana,The Killing of Mindi Quintana,unknown,12,9.75,195.0,14,2,False,20,0.6309297535714575
A3TDHZVWJQ2GYT,Big Beat Heat: Alan Freed Abd the Early Years of Rock & Roll,Big Beat Heat: Alan Freed Abd the Early Years of R...,unknown,13,9.55,191.0,5,-8,False,20,0.6309297535714575
A3TDHZVWJQ2GYT,The Birth of a King,The Birth of a King,unknown,14,9.3,186.0,11,-3,False,20,0.6309297535714575
A3TDHZVWJQ2GYT,MTEL General Science (10) Exam Secrets Study Guide: MTEL Test Review for the Massachusetts Tests for Educator Licensure,MTEL General Science (10) Exam Secrets Study Guide...,unknown,15,8.45,169.0,19,4,False,20,0.6309297535714575
A3TDHZVWJQ2GYT,Xenosaga(TM) Official Strategy Guide (Bradygames Strategy Guides.),Xenosaga(TM) Official Strategy Guide (Bradygames S...,unknown,16,8.3,166.0,16,0,False,20,0.6309297535714575
A3TDHZVWJQ2GYT,Theosophy and the New Psychology: A Course of Six Lectures,Theosophy and the New Psychology: A Course of Six ...,unknown,17,8.1,162.0,8,-9,False,20,0.6309297535714575
A3TDHZVWJQ2GYT,BIZARRE THRILLS: The Paragon Publications Story by Bill Black (Volume 1),BIZARRE THRILLS: The Paragon Publications Story by...,unknown,18,7.35,147.0,0,-18,False,20,0.6309297535714575
A3TDHZVWJQ2GYT,LOS AÑOS DEL LOBO (Biblioteca del Pensamiento Nacional) (Spanish Edition),LOS AÑOS DEL LOBO (Biblioteca del Pensamiento Naci...,unknown,19,5.85,117.0,12,-7,False,20,0.6309297535714575
A3TDHZVWJQ2GYT,Chilton 2012 Labor Guide: Domestic & Imported Vehicles - CD-Rom,Chilton 2012 Labor Guide: Domestic & Imported Vehi...,unknown,20,4.8,96.0,1,-19,False,20,0.6309297535714575
A2M9HVCFYH7U3Y,"Return of the Stupid Sock Creatures: Evolutions, Mutations, and Other Creations","Return of the Stupid Sock Creatures: Evolutions, M...",unknown,1,13.85,277.0,19,18,False,20,1.0
A2M9HVCFYH7U3Y,Surrender (The Raptor Castle Series Book 4),Surrender (The Raptor Castle Series Book 4),unknown,2,13.65,273.0,18,16,False,20,1.0
A2M9HVCFYH7U3Y,Applying Scientific Reasoning to the Field of Marketing: Make Better Decisions (Marketing Strategy Collection),Applying Scientific Reasoning to the Field of Mark...,unknown,3,13.65,273.0,0,-3,False,20,1.0
A2M9HVCFYH7U3Y,The Cure: A Novel,The Cure: A Novel,unknown,4,13.4,268.0,1,-3,True,20,1.0
A2M9HVCFYH7U3Y,The Copper Lady (On My Own History),The Copper Lady (On My Own History),unknown,5,13.05,261.0,4,-1,False,20,1.0
A2M9HVCFYH7U3Y,When His Kiss Is Wicked (Hamilton Sisters),When His Kiss Is Wicked (Hamilton Sisters),unknown,6,12.45,249.0,9,3,False,20,1.0
A2M9HVCFYH7U3Y,Life in the Spirit: God at Work Among His People (Cell Books),Life in the Spirit: God at Work Among His People (...,unknown,7,12.15,243.0,17,10,False,20,1.0
A2M9HVCFYH7U3Y,"Snowshoe and Lancet: Memoirs of a Frontier Newfoundland Doctor, 1937–1947",Snowshoe and Lancet: Memoirs of a Frontier Newfoun...,unknown,8,11.5,230.0,3,-5,False,20,1.0
A2M9HVCFYH7U3Y,Strategies for Teaching Boys & Girls Elementary Level,Strategies for Teaching Boys & Girls Elementary Le...,unknown,9,10.7,214.0,11,2,False,20,1.0
A2M9HVCFYH7U3Y,"Month-by-month File-folder Word Walls: 26 Reproducible Patterns for Vocabulary-Building Word Walls That Help Kids Become Better Readers, Writers, and Spellers",Month-by-month File-folder Word Walls: 26 Reproduc...,unknown,10,9.95,199.0,5,-5,False,20,1.0
A2M9HVCFYH7U3Y,The Little Christmas Activity Book (Dover Little Activity Books),The Little Christmas Activity Book (Dover Little A...,unknown,11,9.85,197.0,7,-4,False,20,1.0
A2M9HVCFYH7U3Y,"Nauvoo, the beautiful","Nauvoo, the beautiful",unknown,12,9.5,190.0,15,3,False,20,1.0
A2M9HVCFYH7U3Y,The eighth veil,The eighth veil,unknown,13,9.45,189.0,2,-11,False,20,1.0
A2M9HVCFYH7U3Y,The Royal Baby Book: A Souvenir Album,The Royal Baby Book: A Souvenir Album,unknown,14,9.2,184.0,14,0,False,20,1.0
A2M9HVCFYH7U3Y,"Dermatological Differential Diagnosis and Pearls, Second Edition","Dermatological Differential Diagnosis and Pearls, ...",unknown,15,9.0,180.0,13,-2,False,20,1.0
A2M9HVCFYH7U3Y,Complete poetry and selected prose; (The Modern library of the world's best books [12]),Complete poetry and selected prose; (The Modern li...,unknown,16,8.95,179.0,10,-6,False,20,1.0
A2M9HVCFYH7U3Y,The Tangled Web: A True Story of Lies,The Tangled Web: A True Story of Lies,unknown,17,8.9,178.0,8,-9,False,20,1.0
A2M9HVCFYH7U3Y,Rivers of Sadness; Gladness and Fears; Struggles and Triumphs; Laughter and Tears; Bygone Years,Rivers of Sadness; Gladness and Fears; Struggles a...,unknown,18,8.35,167.0,16,-2,False,20,1.0
A2M9HVCFYH7U3Y,Schwinn Bicycle Service Manual Volume 1,Schwinn Bicycle Service Manual Volume 1,unknown,19,6.3,126.0,12,-7,False,20,1.0
A2M9HVCFYH7U3Y,Creative Analysis,Creative Analysis,unknown,20,6.15,123.0,6,-14,False,20,1.0
A7V4IA4N2186F,The Fly in the Ointment: 70 Fascinating Commentaries on the Science of Everyday Life,The Fly in the Ointment: 70 Fascinating Commentari...,unknown,1,14.9,298.0,16,15,False,20,0.0
A7V4IA4N2186F,Poem in Your Pocket: 200 Poems to Read and Carry,Poem in Your Pocket: 200 Poems to Read and Carry,unknown,2,14.8,296.0,13,11,False,20,0.0
A7V4IA4N2186F,Fallacies and Pitfalls of Language: The Language Trap (Dover Language Guides),Fallacies and Pitfalls of Language: The Language T...,unknown,3,13.65,273.0,0,-3,False,20,0.0
A7V4IA4N2186F,"Luck in the Shadows (Nightrunner, Vol. 1)","Luck in the Shadows (Nightrunner, Vol. 1)",unknown,4,13.2,264.0,6,2,False,20,0.0
A7V4IA4N2186F,"The Quantum Ten: A Story of Passion, Tragedy, Ambition, and Science","The Quantum Ten: A Story of Passion, Tragedy, Ambi...",unknown,5,11.95,239.0,14,9,False,20,0.0
A7V4IA4N2186F,"Scandal Wears Satin (The Dressmakers Series, 2)","Scandal Wears Satin (The Dressmakers Series, 2)",unknown,6,11.5,230.0,9,3,False,20,0.0
A7V4IA4N2186F,Trafalgar and Beyond: A John Phillips Novel (War at Sea Book 3),Trafalgar and Beyond: A John Phillips Novel (War a...,unknown,7,11.15,223.0,8,1,False,20,0.0
A7V4IA4N2186F,Introducing Kant,Introducing Kant,unknown,8,10.6,212.0,2,-6,False,20,0.0
A7V4IA4N2186F,The Promise: Black Youth Confront the Cauldron of Apartheid,The Promise: Black Youth Confront the Cauldron of ...,unknown,9,10.6,212.0,15,6,False,20,0.0
A7V4IA4N2186F,Now You're Talking,Now You're Talking,unknown,10,10.55,211.0,7,-3,True,20,0.0
A7V4IA4N2186F,Bioethics and the New Embryology: Springboards for Debate,Bioethics and the New Embryology: Springboards for...,unknown,11,10.3,206.0,19,8,False,20,0.0
A7V4IA4N2186F,Land Snails of British Columbia (Royal BC Museum Handbook),Land Snails of British Columbia (Royal BC Museum H...,unknown,12,9.8,196.0,4,-8,False,20,0.0
A7V4IA4N2186F,The Food of China,The Food of China,unknown,13,9.0,180.0,10,-3,False,20,0.0
A7V4IA4N2186F,Battletech 32: Binding Force,Battletech 32: Binding Force,unknown,14,8.85,177.0,11,-3,False,20,0.0
A7V4IA4N2186F,Only When the Loon Sings,Only When the Loon Sings,unknown,15,8.8,176.0,17,2,False,20,0.0
A7V4IA4N2186F,P.B. Bear's Jungle Adventure,P.B. Bear's Jungle Adventure,unknown,16,8.7,174.0,5,-11,False,20,0.0
A7V4IA4N2186F,The Indian Wars of Pennsylvania,The Indian Wars of Pennsylvania,unknown,17,8.7,174.0,12,-5,False,20,0.0
A7V4IA4N2186F,Gems of Inspiration,Gems of Inspiration,unknown,18,8.65,173.0,18,0,False,20,0.0
A7V4IA4N2186F,Tiger Patterns: A Guide to the Vietnam War's Tigerstripe Combat Fatigue Patterns and Uniforms (Schiffer Military Aviation History (Hardcover)),Tiger Patterns: A Guide to the Vietnam War's Tiger...,unknown,19,7.5,150.0,1,-18,False,20,0.0
A7V4IA4N2186F,Mel Bay Fingerstyle Jazz Images for Christmas,Mel Bay Fingerstyle Jazz Images for Christmas,unknown,20,6.8,136.0,3,-17,False,20,0.0
A1WBSHBQBJWEXH,The Beatles: 365 Days,The Beatles: 365 Days,unknown,1,13.15,263.0,7,6,False,20,0.43067655807339306
A1WBSHBQBJWEXH,"Drawn Fabric Embroidery (Dover Embroidery, Needlepoint)","Drawn Fabric Embroidery (Dover Embroidery, Needlep...",unknown,2,13.0,260.0,8,6,False,20,0.43067655807339306
A1WBSHBQBJWEXH,"Jake Helps Out: Biblical Values, Level 2 (Jake Series)","Jake Helps Out: Biblical Values, Level 2 (Jake Ser...",unknown,3,12.45,249.0,17,14,False,20,0.43067655807339306
A1WBSHBQBJWEXH,Your Galactic Neighbors,Your Galactic Neighbors,unknown,4,12.0,240.0,4,0,False,20,0.43067655807339306
A1WBSHBQBJWEXH,Long Time Coming,Long Time Coming,unknown,5,11.85,237.0,6,1,True,20,0.43067655807339306
A1WBSHBQBJWEXH,Angel of Death: Book One of the Chosen,Angel of Death: Book One of the Chosen,unknown,6,11.8,236.0,14,8,False,20,0.43067655807339306
A1WBSHBQBJWEXH,Passion: An Essay on Personality,Passion: An Essay on Personality,unknown,7,11.4,228.0,2,-5,False,20,0.43067655807339306
A1WBSHBQBJWEXH,Megatokyo 5,Megatokyo 5,unknown,8,11.15,223.0,12,4,False,20,0.43067655807339306
A1WBSHBQBJWEXH,"Greatest Newspaper Dot-to-Dot Puzzles (Vol. 3) - Activity Book - Mini Travel Size (5.5"" x 5.5"")",Greatest Newspaper Dot-to-Dot Puzzles (Vol. 3) - A...,unknown,9,10.6,212.0,11,2,False,20,0.43067655807339306
A1WBSHBQBJWEXH,What's Missing?,What's Missing?,unknown,10,10.3,206.0,16,6,False,20,0.43067655807339306
A1WBSHBQBJWEXH,Moon Guatemala (Moon Handbooks),Moon Guatemala (Moon Handbooks),unknown,11,10.2,204.0,18,7,False,20,0.43067655807339306
A1WBSHBQBJWEXH,Rio L. A.: Tales from the Los Angeles River,Rio L. A.: Tales from the Los Angeles River,unknown,12,10.1,202.0,15,3,False,20,0.43067655807339306
A1WBSHBQBJWEXH,Neil Simon's 45 seconds from Broadway: A new play,Neil Simon's 45 seconds from Broadway: A new play,unknown,13,9.95,199.0,1,-12,False,20,0.43067655807339306
A1WBSHBQBJWEXH,Washington Benchmark Road & Recreation Atlas,Washington Benchmark Road & Recreation Atlas,unknown,14,9.65,193.0,0,-14,False,20,0.43067655807339306
A1WBSHBQBJWEXH,All of Her Men (Jolene),All of Her Men (Jolene),unknown,15,9.55,191.0,19,4,False,20,0.43067655807339306
A1WBSHBQBJWEXH,Kraft Miracle Whip (R) Cookbook,Kraft Miracle Whip (R) Cookbook,unknown,16,9.05,181.0,3,-13,False,20,0.43067655807339306
A1WBSHBQBJWEXH,The T'ai Chi Boxing Chronicle,The T'ai Chi Boxing Chronicle,unknown,17,8.9,178.0,5,-12,False,20,0.43067655807339306
A1WBSHBQBJWEXH,Florida Real Estate Manual: For Sales Associates & Brokers (FLORIDA REAL ESTATE EXAM MANUAL),Florida Real Estate Manual: For Sales Associates &...,unknown,18,8.6,172.0,9,-9,False,20,0.43067655807339306
A1WBSHBQBJWEXH,The Macclesfield Alphabet Book: A Facsimile,The Macclesfield Alphabet Book: A Facsimile,unknown,19,8.15,163.0,13,-6,False,20,0.43067655807339306
A1WBSHBQBJWEXH,El cura Hidalgo y sus amigos (Spanish Edition),El cura Hidalgo y sus amigos (Spanish Edition),unknown,20,8.15,163.0,10,-10,False,20,0.43067655807339306
APYCZ9IHCNCWK,"Vintage Crafts: 75 Do-It-Yourself Decorating Projects Using Candles, Colors, and Other Flea Market Finds",Vintage Crafts: 75 Do-It-Yourself Decorating Proje...,unknown,1,14.35,287.0,9,8,False,20,0.6309297535714575
APYCZ9IHCNCWK,"Red Ink (Extreme Devotion Series, Book 3)","Red Ink (Extreme Devotion Series, Book 3)",unknown,2,14.15,283.0,8,6,True,20,0.6309297535714575
APYCZ9IHCNCWK,The Diversity Toolkit : How You Can Build and Benefit from a Diverse Workforce,The Diversity Toolkit : How You Can Build and Bene...,unknown,3,13.7,274.0,17,14,False,20,0.6309297535714575
APYCZ9IHCNCWK,The Art of Love and Murder,The Art of Love and Murder,unknown,4,13.6,272.0,11,7,False,20,0.6309297535714575
APYCZ9IHCNCWK,Citizen Warriors: America's National Guard and Reserve Forces & the Politics of National Security,Citizen Warriors: America's National Guard and Res...,unknown,5,13.45,269.0,4,-1,False,20,0.6309297535714575
APYCZ9IHCNCWK,Upon the Head of the Goat: A Childhood in Hungary 1939-1944,Upon the Head of the Goat: A Childhood in Hungary ...,unknown,6,12.55,251.0,6,0,False,20,0.6309297535714575
APYCZ9IHCNCWK,The Potts' Factor Versus Murphy's Law,The Potts' Factor Versus Murphy's Law,unknown,7,12.0,240.0,1,-6,False,20,0.6309297535714575
APYCZ9IHCNCWK,Extreme Planets: A Science Fiction Anthology of Alien Worlds (Chaosium fiction),Extreme Planets: A Science Fiction Anthology of Al...,unknown,8,11.4,228.0,15,7,False,20,0.6309297535714575
APYCZ9IHCNCWK,Practical Management of Pain (PRACTICAL MANAGEMENT OF PAIN (RAJ)),Practical Management of Pain (PRACTICAL MANAGEMENT...,unknown,9,11.25,225.0,5,-4,False,20,0.6309297535714575
APYCZ9IHCNCWK,Racine and Shakespeare,Racine and Shakespeare,unknown,10,10.7,214.0,14,4,False,20,0.6309297535714575
APYCZ9IHCNCWK,The Graphic Design Business Book,The Graphic Design Business Book,unknown,11,10.45,209.0,7,-4,False,20,0.6309297535714575
APYCZ9IHCNCWK,Country Justice,Country Justice,unknown,12,10.15,203.0,13,1,False,20,0.6309297535714575
APYCZ9IHCNCWK,The Mythology of Science,The Mythology of Science,unknown,13,8.75,175.0,10,-3,False,20,0.6309297535714575
APYCZ9IHCNCWK,"Pokémon Black and White, Vol. 11 (11) (Pokemon)","Pokémon Black and White, Vol. 11 (11) (Pokemon)",unknown,14,8.5,170.0,3,-11,False,20,0.6309297535714575
APYCZ9IHCNCWK,I don't know how long my short term memory is...: Strategies for People With Brains,I don't know how long my short term memory is...: ...,unknown,15,8.45,169.0,0,-15,False,20,0.6309297535714575
APYCZ9IHCNCWK,The Young Yagers A Narrative of Hunting Adventures in Southern Africa,The Young Yagers A Narrative of Hunting Adventures...,unknown,16,7.75,155.0,2,-14,False,20,0.6309297535714575
APYCZ9IHCNCWK,Current Practice Guidelines in Primary Care: 2007,Current Practice Guidelines in Primary Care: 2007,unknown,17,7.7,154.0,19,2,False,20,0.6309297535714575
APYCZ9IHCNCWK,Mickey's Birthday Surprise: Mickey's Young Readers Library Vol. 1,Mickey's Birthday Surprise: Mickey's Young Readers...,unknown,18,7.45,149.0,12,-6,False,20,0.6309297535714575
APYCZ9IHCNCWK,Injustice: Gods Among Us (2013) #3 (Injustice - Gods Among Us),Injustice: Gods Among Us (2013) #3 (Injustice - Go...,unknown,19,7.15,143.0,18,-1,False,20,0.6309297535714575
APYCZ9IHCNCWK,"My father ""talked to trees""","My father ""talked to trees""",unknown,20,6.5,130.0,16,-4,False,20,0.6309297535714575
A3DC3C82IDXKN4,How to Develop Emotional Health (School of Life),How to Develop Emotional Health (School of Life),unknown,1,16.2,324.0,14,13,False,20,0.0
A3DC3C82IDXKN4,Baby Boomers' Guide to the Fountain of Youth: Reset Your Age; Restart Your Life!,Baby Boomers' Guide to the Fountain of Youth: Rese...,unknown,2,15.65,313.0,16,14,False,20,0.0
A3DC3C82IDXKN4,A Solitary War: A Diplomat's Chronicle of the Iraq War and Its Lessons,A Solitary War: A Diplomat's Chronicle of the Iraq...,unknown,3,13.15,263.0,12,9,False,20,0.0
A3DC3C82IDXKN4,Trim & Terrific One-Dish Favorites: Over 200 Fast & Easy Low-Fat Recipes,Trim & Terrific One-Dish Favorites: Over 200 Fast ...,unknown,4,12.5,250.0,10,6,False,20,0.0
A3DC3C82IDXKN4,Letters From Grandpa,Letters From Grandpa,unknown,5,11.8,236.0,11,6,False,20,0.0
A3DC3C82IDXKN4,New Tole and Folk Art Designs: Painting Techniques and Patterns,New Tole and Folk Art Designs: Painting Techniques...,unknown,6,11.2,224.0,1,-5,False,20,0.0
A3DC3C82IDXKN4,Gunfighter in Gotham: Bat Masterson's New York City Years,Gunfighter in Gotham: Bat Masterson's New York Cit...,unknown,7,11.2,224.0,13,6,False,20,0.0
A3DC3C82IDXKN4,White Sea: Poems,White Sea: Poems,unknown,8,10.65,213.0,18,10,False,20,0.0
A3DC3C82IDXKN4,Seeing Language in Sign: The Work of William C. Stokoe,Seeing Language in Sign: The Work of William C. St...,unknown,9,10.05,201.0,8,-1,False,20,0.0
A3DC3C82IDXKN4,The Rent Veil,The Rent Veil,unknown,10,9.7,194.0,4,-6,False,20,0.0
A3DC3C82IDXKN4,The Ultimate Jazz Fake Book (Fake Books) C Edition,The Ultimate Jazz Fake Book (Fake Books) C Edition,unknown,11,9.7,194.0,3,-8,True,20,0.0
A3DC3C82IDXKN4,Devils Party,Devils Party,unknown,12,9.6,192.0,0,-12,False,20,0.0
A3DC3C82IDXKN4,From VBA to VSTO: Is Excel's New Engine Right for You?,From VBA to VSTO: Is Excel's New Engine Right for ...,unknown,13,9.5,190.0,17,4,False,20,0.0
A3DC3C82IDXKN4,Textbook of Clinical Electrocardiography: 3rd Edition,Textbook of Clinical Electrocardiography: 3rd Edit...,unknown,14,9.2,184.0,7,-7,False,20,0.0
A3DC3C82IDXKN4,Gutters & Roses: With Notes from a Sober Home,Gutters & Roses: With Notes from a Sober Home,unknown,15,8.95,179.0,9,-6,False,20,0.0
A3DC3C82IDXKN4,The Lost Disciple: The Book of Demas,The Lost Disciple: The Book of Demas,unknown,16,8.85,177.0,19,3,False,20,0.0
A3DC3C82IDXKN4,"Ciba Collection Vol. 3, Digestive System, part III, Liver, Biliary Tract and Pancreas","Ciba Collection Vol. 3, Digestive System, part III...",unknown,17,8.6,172.0,15,-2,False,20,0.0
A3DC3C82IDXKN4,Hoglands: The Home of Henry and Irina Moore,Hoglands: The Home of Henry and Irina Moore,unknown,18,8.25,165.0,5,-13,False,20,0.0
A3DC3C82IDXKN4,Pissarro's People,Pissarro's People,unknown,19,8.1,162.0,2,-17,False,20,0.0
A3DC3C82IDXKN4,Messi: Una biografía (Spanish Edition),Messi: Una biografía (Spanish Edition),unknown,20,7.15,143.0,6,-14,False,20,0.0
A2RCAC1EAA2KP2,A Survival Kit for the Special Education Teacher (J-B Ed: Survival Guides),A Survival Kit for the Special Education Teacher (...,unknown,1,15.8,316.0,9,8,False,20,0.0
A2RCAC1EAA2KP2,Spirit (Elemental),Spirit (Elemental),unknown,2,13.5,270.0,19,17,False,20,0.0
A2RCAC1EAA2KP2,A Student's Guide to Maxwell's Equations (Student's Guides),A Student's Guide to Maxwell's Equations (Student'...,unknown,3,12.65,253.0,18,15,False,20,0.0
A2RCAC1EAA2KP2,TEXAS LIGHTS (A CSIS PAUL MEDOC NOVEL Book 1),TEXAS LIGHTS (A CSIS PAUL MEDOC NOVEL Book 1),unknown,4,12.55,251.0,11,7,False,20,0.0
A2RCAC1EAA2KP2,Flight from Eden,Flight from Eden,unknown,5,12.5,250.0,10,5,False,20,0.0
A2RCAC1EAA2KP2,"2013 North American Coins & Prices: A Guide to U.S., Canadian and Mexican Coins",2013 North American Coins & Prices: A Guide to U.S...,unknown,6,11.75,235.0,1,-5,False,20,0.0
A2RCAC1EAA2KP2,Study Guide for Nutrition: An Applied Approach,Study Guide for Nutrition: An Applied Approach,unknown,7,11.5,230.0,15,8,False,20,0.0
A2RCAC1EAA2KP2,The Che Guevara Myth and the Future of Liberty (Independent Studies in Political Economy),The Che Guevara Myth and the Future of Liberty (In...,unknown,8,11.35,227.0,8,0,False,20,0.0
A2RCAC1EAA2KP2,Albert Sidney Johnston: Soldier of Three Republics,Albert Sidney Johnston: Soldier of Three Republics,unknown,9,11.15,223.0,12,3,False,20,0.0
A2RCAC1EAA2KP2,I Can't Even Walk (Without You Holding My Hand),I Can't Even Walk (Without You Holding My Hand),unknown,10,11.0,220.0,5,-5,False,20,0.0
A2RCAC1EAA2KP2,How to Buy Carpet and Save Money,How to Buy Carpet and Save Money,unknown,11,10.75,215.0,4,-7,False,20,0.0
A2RCAC1EAA2KP2,A Thousand Flowers: Social Struggles Against Structural Adjustment in African Universities,A Thousand Flowers: Social Struggles Against Struc...,unknown,12,10.7,214.0,16,4,False,20,0.0
A2RCAC1EAA2KP2,Shooting Star: The Brief Arc of Joe McCarthy,Shooting Star: The Brief Arc of Joe McCarthy,unknown,13,10.65,213.0,14,1,False,20,0.0
A2RCAC1EAA2KP2,"Oceanic art;: Myth, man, and image in the South Seas","Oceanic art;: Myth, man, and image in the South Se...",unknown,14,10.15,203.0,0,-14,False,20,0.0
A2RCAC1EAA2KP2,Marvin D. Cone: Art as self-portrait,Marvin D. Cone: Art as self-portrait,unknown,15,9.95,199.0,6,-9,False,20,0.0
A2RCAC1EAA2KP2,The Undead In My Bed,The Undead In My Bed,unknown,16,9.2,184.0,17,1,True,20,0.0
A2RCAC1EAA2KP2,A Saucy Vikki Belle Romp 3: The Palace of a Thousand Pleasures,A Saucy Vikki Belle Romp 3: The Palace of a Thousa...,unknown,17,7.6,152.0,7,-10,False,20,0.0
A2RCAC1EAA2KP2,Volvo 850 Service and Repair Manual,Volvo 850 Service and Repair Manual,unknown,18,6.15,123.0,3,-15,False,20,0.0
A2RCAC1EAA2KP2,Invisible Irish Magic Picture Book,Invisible Irish Magic Picture Book,unknown,19,5.85,117.0,13,-6,False,20,0.0
A2RCAC1EAA2KP2,Colt Uniform Men 2013 Calendar,Colt Uniform Men 2013 Calendar,unknown,20,5.25,105.0,2,-18,False,20,0.0
A1AOF1DXVBW5S5,A Year of Writing Dangerously: 365 Days of Inspiration and Encouragement,A Year of Writing Dangerously: 365 Days of Inspira...,unknown,1,16.1,322.0,9,8,True,20,1.0
A1AOF1DXVBW5S5,Making Work Work: New Strategies for Surviving and Thriving at the Office,Making Work Work: New Strategies for Surviving and...,unknown,2,14.9,298.0,11,9,False,20,1.0
A1AOF1DXVBW5S5,"Ready or Not, Here Life Comes","Ready or Not, Here Life Comes",unknown,3,13.3,266.0,8,5,False,20,1.0
A1AOF1DXVBW5S5,The Shudder Pulps: A History of the Weird Menace Magazines of the 1930s,The Shudder Pulps: A History of the Weird Menace M...,unknown,4,12.0,240.0,17,13,False,20,1.0
A1AOF1DXVBW5S5,Bitter Harvest: A Modern History of Palestine,Bitter Harvest: A Modern History of Palestine,unknown,5,11.85,237.0,10,5,False,20,1.0
A1AOF1DXVBW5S5,The Definitive ANTLR Reference: Building Domain-Specific Languages (Pragmatic Programmers),The Definitive ANTLR Reference: Building Domain-Sp...,unknown,6,11.65,233.0,4,-2,False,20,1.0
A1AOF1DXVBW5S5,The Smithsonian Book of North American Indians: Before the Coming of the Europeans,The Smithsonian Book of North American Indians: Be...,unknown,7,10.9,218.0,18,11,False,20,1.0
A1AOF1DXVBW5S5,Cross Stitch Card Collection: 101 Original Designs,Cross Stitch Card Collection: 101 Original Designs,unknown,8,10.75,215.0,6,-2,False,20,1.0
A1AOF1DXVBW5S5,A Handful of Honey: Away to the Palm Groves of Morocco and Algeria,A Handful of Honey: Away to the Palm Groves of Mor...,unknown,9,10.7,214.0,0,-9,False,20,1.0
A1AOF1DXVBW5S5,Here There Was Once a Country,Here There Was Once a Country,unknown,10,10.25,205.0,19,9,False,20,1.0
A1AOF1DXVBW5S5,Big Play: Barra on Football,Big Play: Barra on Football,unknown,11,10.2,204.0,2,-9,False,20,1.0
A1AOF1DXVBW5S5,Custom Crocheted Sweaters: Make Garments that Really Fit,Custom Crocheted Sweaters: Make Garments that Real...,unknown,12,9.9,198.0,3,-9,False,20,1.0
A1AOF1DXVBW5S5,Music in Preschool,Music in Preschool,unknown,13,9.35,187.0,13,0,False,20,1.0
A1AOF1DXVBW5S5,Right Hand Man,Right Hand Man,unknown,14,9.25,185.0,1,-13,False,20,1.0
A1AOF1DXVBW5S5,David Lawrence and His Game Day Chocolate Chip Pancakes,David Lawrence and His Game Day Chocolate Chip Pan...,unknown,15,8.8,176.0,12,-3,False,20,1.0
A1AOF1DXVBW5S5,Nat King Cole,Nat King Cole,unknown,16,8.5,170.0,14,-2,False,20,1.0
A1AOF1DXVBW5S5,Baltimore deco: An architectural survey of art deco in Baltimore,Baltimore deco: An architectural survey of art dec...,unknown,17,8.45,169.0,16,-1,False,20,1.0
A1AOF1DXVBW5S5,Theaetetus (Clarendon Plato Series),Theaetetus (Clarendon Plato Series),unknown,18,7.85,157.0,15,-3,False,20,1.0
A1AOF1DXVBW5S5,The Crying Sea,The Crying Sea,unknown,19,7.65,153.0,7,-12,False,20,1.0
A1AOF1DXVBW5S5,Hurricane Weather: A Tod Moran Mystery,Hurricane Weather: A Tod Moran Mystery,unknown,20,7.65,153.0,5,-15,False,20,1.0
A3FOMYQWUP8MPE,How to Read a Novelist,How to Read a Novelist,unknown,1,13.85,277.0,9,8,False,20,0.0
A3FOMYQWUP8MPE,Growing Up in Heaven: The Eternal Connection Between Parent and Child,Growing Up in Heaven: The Eternal Connection Betwe...,unknown,2,12.9,258.0,8,6,False,20,0.0
A3FOMYQWUP8MPE,The God Who Pursues: Encountering a Relentless God (Encountering the Holy),The God Who Pursues: Encountering a Relentless God...,unknown,3,12.65,253.0,17,14,False,20,0.0
A3FOMYQWUP8MPE,The Jazz Theory Book,The Jazz Theory Book,unknown,4,12.2,244.0,19,15,True,20,0.0
A3FOMYQWUP8MPE,D.B. Cooper: The Real McCoy,D.B. Cooper: The Real McCoy,unknown,5,12.2,244.0,1,-4,False,20,0.0
A3FOMYQWUP8MPE,Life Beyond the Final Curtain: Death Is Not the End--How to Cope With Grief : Words of Comfort--A Rabbi's Personal Statement,Life Beyond the Final Curtain: Death Is Not the En...,unknown,6,12.15,243.0,18,12,False,20,0.0
A3FOMYQWUP8MPE,Letters to Tobitha: A Personal History of the Civil War,Letters to Tobitha: A Personal History of the Civi...,unknown,7,11.6,232.0,11,4,False,20,0.0
A3FOMYQWUP8MPE,Petrified wood in the U.S.A: Where to collect it where to see it (A state -by-state field guide),Petrified wood in the U.S.A: Where to collect it w...,unknown,8,10.9,218.0,16,8,False,20,0.0
A3FOMYQWUP8MPE,Francesco's Mediterranean Voyage,Francesco's Mediterranean Voyage,unknown,9,10.85,217.0,14,5,False,20,0.0
A3FOMYQWUP8MPE,Away Games: The Life and Times of a Latin Baseball Player,Away Games: The Life and Times of a Latin Baseball...,unknown,10,10.8,216.0,12,2,False,20,0.0
A3FOMYQWUP8MPE,"An Atlas of Local Group Galaxies (Astrophysics and Space Science Library, 221)",An Atlas of Local Group Galaxies (Astrophysics and...,unknown,11,10.5,210.0,10,-1,False,20,0.0
A3FOMYQWUP8MPE,The Quilts of Gee's Bend: Postcard Box,The Quilts of Gee's Bend: Postcard Box,unknown,12,10.3,206.0,15,3,False,20,0.0
A3FOMYQWUP8MPE,"Hot Motors, Cold Feet","Hot Motors, Cold Feet",unknown,13,9.85,197.0,6,-7,False,20,0.0
A3FOMYQWUP8MPE,Beautiful Eyes: The Ultimate Eye Makeup Guide,Beautiful Eyes: The Ultimate Eye Makeup Guide,unknown,14,9.55,191.0,3,-11,False,20,0.0
A3FOMYQWUP8MPE,Java 2 Game Programming (The Premier Press Game Development Series),Java 2 Game Programming (The Premier Press Game De...,unknown,15,9.35,187.0,2,-13,False,20,0.0
A3FOMYQWUP8MPE,The Day The Devil Smiled,The Day The Devil Smiled,unknown,16,8.9,178.0,4,-12,False,20,0.0
A3FOMYQWUP8MPE,Microsoft® Outlook® Version 2002 Plain & Simple (Cpg-Other),Microsoft® Outlook® Version 2002 Plain & Simple (C...,unknown,17,8.7,174.0,0,-17,False,20,0.0
A3FOMYQWUP8MPE,Junie B. Jones Super Collection (25-Book Set),Junie B. Jones Super Collection (25-Book Set),unknown,18,8.3,166.0,5,-13,False,20,0.0
A3FOMYQWUP8MPE,Hair Bows: For Kids,Hair Bows: For Kids,unknown,19,8.0,160.0,7,-12,False,20,0.0
A3FOMYQWUP8MPE,California Veterinary Medicine Practice Act 2008: Text With Single User Cd-rom for Windows,California Veterinary Medicine Practice Act 2008: ...,unknown,20,6.45,129.0,13,-7,False,20,0.0
AT9URY5RW5JAE,Taking Back My Yesterdays: Lessons in Forgiving and Moving Forward With Your Life,Taking Back My Yesterdays: Lessons in Forgiving an...,unknown,1,15.0,300.0,17,16,False,20,0.0
AT9URY5RW5JAE,If I Had Lunch with C. S. Lewis: Exploring the Ideas of C. S. Lewis on the Meaning of Life,If I Had Lunch with C. S. Lewis: Exploring the Ide...,unknown,2,14.85,297.0,1,-1,False,20,0.0
AT9URY5RW5JAE,Sweet Beams: Inspiring Everyone Who Lives Under a New Roof,Sweet Beams: Inspiring Everyone Who Lives Under a ...,unknown,3,14.4,288.0,2,-1,False,20,0.0
AT9URY5RW5JAE,"Elizabeth Sinkler Coxe's Tales from the Grand Tour, 1890-1910 (Women's Diaries and Letters of the South)",Elizabeth Sinkler Coxe's Tales from the Grand Tour...,unknown,4,12.9,258.0,14,10,False,20,0.0
AT9URY5RW5JAE,Making the Case for Leadership: Profiles of Chief Advancement Officers in Higher Education,Making the Case for Leadership: Profiles of Chief ...,unknown,5,12.4,248.0,9,4,False,20,0.0
AT9URY5RW5JAE,A Candle in the Window,A Candle in the Window,unknown,6,11.15,223.0,4,-2,False,20,0.0
AT9URY5RW5JAE,Home is Where your Honey is: A Bosnian-American Story from Yugoslavia,Home is Where your Honey is: A Bosnian-American St...,unknown,7,10.65,213.0,0,-7,False,20,0.0
AT9URY5RW5JAE,African Americans in Memphis (Images of America),African Americans in Memphis (Images of America),unknown,8,10.55,211.0,12,4,False,20,0.0
AT9URY5RW5JAE,"Evaluation: Obtaining and Interpreting Data, 3rd Edition","Evaluation: Obtaining and Interpreting Data, 3rd E...",unknown,9,10.55,211.0,15,6,False,20,0.0
AT9URY5RW5JAE,Metamorphosis and Other Stories: (Penguin Classics Deluxe Edition),Metamorphosis and Other Stories: (Penguin Classics...,unknown,10,10.05,201.0,8,-2,False,20,0.0
AT9URY5RW5JAE,Liberia: Portrait of a Failed State,Liberia: Portrait of a Failed State,unknown,11,9.95,199.0,10,-1,False,20,0.0
AT9URY5RW5JAE,Daily Bouquets,Daily Bouquets,unknown,12,9.75,195.0,13,1,False,20,0.0
AT9URY5RW5JAE,"Papa, Play for Me: The Autobiography of Mickey Katz","Papa, Play for Me: The Autobiography of Mickey Kat...",unknown,13,9.65,193.0,5,-8,False,20,0.0
AT9URY5RW5JAE,Gospel of the Holy Mother,Gospel of the Holy Mother,unknown,14,9.1,182.0,3,-11,False,20,0.0
AT9URY5RW5JAE,"How to Plan a Wedding: A Guide Book to Planning the Ultimate Wedding (The Wedding Book, Wedding Book, Wedding Ideas, Wedding Plan, Wedding Planner, Wedding Planning Books, Wedding Planning)",How to Plan a Wedding: A Guide Book to Planning th...,unknown,15,8.7,174.0,6,-9,False,20,0.0
AT9URY5RW5JAE,"Captain Roy Brown, a True Story of the Great War, Vol. I","Captain Roy Brown, a True Story of the Great War, ...",unknown,16,8.6,172.0,16,0,False,20,0.0
AT9URY5RW5JAE,Historic Photos of the Brooklyn Bridge,Historic Photos of the Brooklyn Bridge,unknown,17,8.45,169.0,11,-6,False,20,0.0
AT9URY5RW5JAE,The Cad,The Cad,unknown,18,8.4,168.0,19,1,False,20,0.0
AT9URY5RW5JAE,Molecular Communication,Molecular Communication,unknown,19,7.8,156.0,18,-1,False,20,0.0
AT9URY5RW5JAE,How to Marry the Rich,How to Marry the Rich,unknown,20,7.1,142.0,7,-13,True,20,0.0
A2HU5ACWU0QTDR,Preventing Challenging Behavior in Your Classroom: Positive Behavior Support and Effective Classroom Management,Preventing Challenging Behavior in Your Classroom:...,unknown,1,14.35,287.0,13,12,False,20,0.0
A2HU5ACWU0QTDR,"Band of Brothers: E Company 506th Regiment 101st Airborne, D-day & Citizen Soldiers Box Set",Band of Brothers: E Company 506th Regiment 101st A...,unknown,2,13.0,260.0,19,17,False,20,0.0
A2HU5ACWU0QTDR,Shades of Islam: Poems for a New Century,Shades of Islam: Poems for a New Century,unknown,3,12.7,254.0,4,1,False,20,0.0
A2HU5ACWU0QTDR,Back in the Beforetime: And Other Native Americans Tales from the Southeast,Back in the Beforetime: And Other Native Americans...,unknown,4,12.4,248.0,14,10,False,20,0.0
A2HU5ACWU0QTDR,Digital Cinematography & Directing,Digital Cinematography & Directing,unknown,5,12.4,248.0,16,11,False,20,0.0
A2HU5ACWU0QTDR,Encountering the Book of Romans: A Theological Survey (Encountering Biblical Studies),Encountering the Book of Romans: A Theological Sur...,unknown,6,12.0,240.0,1,-5,False,20,0.0
A2HU5ACWU0QTDR,One Thing I Ask,One Thing I Ask,unknown,7,11.35,227.0,0,-7,False,20,0.0
A2HU5ACWU0QTDR,Baltimore Bouquets: Patterns and Techniques for Dimensional Applique,Baltimore Bouquets: Patterns and Techniques for Di...,unknown,8,10.85,217.0,7,-1,True,20,0.0
A2HU5ACWU0QTDR,Tomorrow's Dreams,Tomorrow's Dreams,unknown,9,10.8,216.0,9,0,False,20,0.0
A2HU5ACWU0QTDR,Arches: The Story Behind the Scenery,Arches: The Story Behind the Scenery,unknown,10,10.35,207.0,5,-5,False,20,0.0
A2HU5ACWU0QTDR,A History of Islamic Law (The New Edinburgh Islamic Surveys),A History of Islamic Law (The New Edinburgh Islami...,unknown,11,10.1,202.0,8,-3,False,20,0.0
A2HU5ACWU0QTDR,Richmond redeemed: The siege at Petersburg,Richmond redeemed: The siege at Petersburg,unknown,12,10.05,201.0,15,3,False,20,0.0
A2HU5ACWU0QTDR,AP European History w/ CD-ROM (REA) - The Best Test Prep for the AP Exam (Advanced Placement (AP) Test Preparation),AP European History w/ CD-ROM (REA) - The Best Tes...,unknown,13,9.9,198.0,6,-7,False,20,0.0
A2HU5ACWU0QTDR,Soil Fertility and Fertilizers: An Introduction to Nutrient Management,Soil Fertility and Fertilizers: An Introduction to...,unknown,14,9.6,192.0,12,-2,False,20,0.0
A2HU5ACWU0QTDR,"Cooks and Company Collection of Recipes: A Collection of Recipes from Main Street, Indiana",Cooks and Company Collection of Recipes: A Collect...,unknown,15,9.6,192.0,3,-12,False,20,0.0
A2HU5ACWU0QTDR,Street Edge,Street Edge,unknown,16,9.4,188.0,17,1,False,20,0.0
A2HU5ACWU0QTDR,Trio (French Literature),Trio (French Literature),unknown,17,8.9,178.0,2,-15,False,20,0.0
A2HU5ACWU0QTDR,The Fallen: Book 1-Dark Genesis,The Fallen: Book 1-Dark Genesis,unknown,18,8.9,178.0,11,-7,False,20,0.0
A2HU5ACWU0QTDR,Blended Quilts From In The Beginning,Blended Quilts From In The Beginning,unknown,19,7.65,153.0,18,-1,False,20,0.0
A2HU5ACWU0QTDR,Ecological Calendar 2014 Calendar,Ecological Calendar 2014 Calendar,unknown,20,5.7,114.0,10,-10,False,20,0.0
AFEJ42JCJAKQ5,All About Lulu: A Novel,All About Lulu: A Novel,unknown,1,14.15,283.0,2,1,False,20,0.0
AFEJ42JCJAKQ5,Brennan Vs. Rehnquist: The Battle for the Constitution,Brennan Vs. Rehnquist: The Battle for the Constitu...,unknown,2,13.2,264.0,5,3,False,20,0.0
AFEJ42JCJAKQ5,Dyatlov Pass,Dyatlov Pass,unknown,3,12.85,257.0,3,0,False,20,0.0
AFEJ42JCJAKQ5,Tudor Wales: Full-Colour Guide to the Many Places in Wales Associated with This Famous Dynasty,Tudor Wales: Full-Colour Guide to the Many Places ...,unknown,4,12.8,256.0,1,-3,False,20,0.0
AFEJ42JCJAKQ5,The Acrobat (Child's Play Library),The Acrobat (Child's Play Library),unknown,5,12.35,247.0,16,11,False,20,0.0
AFEJ42JCJAKQ5,The Quinn Brothers (Chesapeake Bay Saga),The Quinn Brothers (Chesapeake Bay Saga),unknown,6,11.75,235.0,4,-2,False,20,0.0
AFEJ42JCJAKQ5,"Shards of a Broken Crown (Serpentwar Saga, Book 4) (Serpentwar Saga, 4)","Shards of a Broken Crown (Serpentwar Saga, Book 4)...",unknown,7,11.35,227.0,7,0,False,20,0.0
AFEJ42JCJAKQ5,"The Mutiny on H.M.S. Bounty: A Guide to Nonfiction, Fiction, Poetry, Films, Articles, and Music",The Mutiny on H.M.S. Bounty: A Guide to Nonfiction...,unknown,8,11.2,224.0,17,9,False,20,0.0
AFEJ42JCJAKQ5,Racecar Alphabet,Racecar Alphabet,unknown,9,11.2,224.0,12,3,True,20,0.0
AFEJ42JCJAKQ5,"CUPS Administrative Guide: A practical tutorial to installing, managing, and securing this powerful printing system",CUPS Administrative Guide: A practical tutorial to...,unknown,10,10.95,219.0,9,-1,False,20,0.0
AFEJ42JCJAKQ5,Avid Media Composer 6.x Cookbook,Avid Media Composer 6.x Cookbook,unknown,11,10.5,210.0,19,8,False,20,0.0
AFEJ42JCJAKQ5,Notes from the nest,Notes from the nest,unknown,12,10.05,201.0,0,-12,False,20,0.0
AFEJ42JCJAKQ5,50 Years of Movie Music,50 Years of Movie Music,unknown,13,9.95,199.0,6,-7,False,20,0.0
AFEJ42JCJAKQ5,Max & Ruby's Winter Adventure (Max and Ruby),Max & Ruby's Winter Adventure (Max and Ruby),unknown,14,9.7,194.0,11,-3,False,20,0.0
AFEJ42JCJAKQ5,The Developing Child: Using Jungian Type to Understand Children,The Developing Child: Using Jungian Type to Unders...,unknown,15,9.6,192.0,15,0,False,20,0.0
AFEJ42JCJAKQ5,Doctor Who: Dust Breeding,Doctor Who: Dust Breeding,unknown,16,9.35,187.0,14,-2,False,20,0.0
AFEJ42JCJAKQ5,Virtuoso Mariachi,Virtuoso Mariachi,unknown,17,7.65,153.0,13,-4,False,20,0.0
AFEJ42JCJAKQ5,"Student Solutions Manual to Accompany Calculus, Single Variable, Third Edition","Student Solutions Manual to Accompany Calculus, Si...",unknown,18,7.45,149.0,18,0,False,20,0.0
AFEJ42JCJAKQ5,"Word Biblical Commentary Vol. 7, Joshua (butler), 350pp","Word Biblical Commentary Vol. 7, Joshua (butler), ...",unknown,19,7.3,146.0,8,-11,False,20,0.0
AFEJ42JCJAKQ5,We're the Sons of God. . .So What?: Believe God about Who You Really Are!,We're the Sons of God. . .So What?: Believe God ab...,unknown,20,6.65,133.0,10,-10,False,20,0.0
A23PY39FKWZ8R0,Tangerine,Tangerine,unknown,1,15.1,302.0,13,12,True,20,1.0
A23PY39FKWZ8R0,"The Frustrated Songwriter's Handbook: A Radical Guide to Cutting Loose, Overcoming Blocks & Writing the Best Songs of Your Life",The Frustrated Songwriter's Handbook: A Radical Gu...,unknown,2,14.8,296.0,0,-2,False,20,1.0
A23PY39FKWZ8R0,"Castles of Scotland: 200 Castles, Towers and Historic Houses to Visit (Thistle Guide)","Castles of Scotland: 200 Castles, Towers and Histo...",unknown,3,14.35,287.0,19,16,False,20,1.0
A23PY39FKWZ8R0,MAYBE THIS TIME,MAYBE THIS TIME,unknown,4,13.6,272.0,5,1,False,20,1.0
A23PY39FKWZ8R0,Criminological Perspectives on Race and Crime (Criminology and Justice Studies),Criminological Perspectives on Race and Crime (Cri...,unknown,5,11.75,235.0,15,10,False,20,1.0
A23PY39FKWZ8R0,Birds of a Feather: Seasonal Changes on Both Sides of the Atlantic,Birds of a Feather: Seasonal Changes on Both Sides...,unknown,6,11.65,233.0,11,5,False,20,1.0
A23PY39FKWZ8R0,Picture This: World War I Posters and Visual Culture,Picture This: World War I Posters and Visual Cultu...,unknown,7,11.55,231.0,1,-6,False,20,1.0
A23PY39FKWZ8R0,"Global Outsourcing: Executing an Onshore, Nearshore or Offshore Strategy","Global Outsourcing: Executing an Onshore, Nearshor...",unknown,8,10.85,217.0,16,8,False,20,1.0
A23PY39FKWZ8R0,Don't Kiss the Frog!: Princess Stories with Attitude,Don't Kiss the Frog!: Princess Stories with Attitu...,unknown,9,10.45,209.0,12,3,False,20,1.0
A23PY39FKWZ8R0,Weird & Gross Bible Stuff,Weird & Gross Bible Stuff,unknown,10,10.35,207.0,10,0,False,20,1.0
A23PY39FKWZ8R0,Love Bite,Love Bite,unknown,11,10.3,206.0,9,-2,False,20,1.0
A23PY39FKWZ8R0,Baule: Visions of Africa Series,Baule: Visions of Africa Series,unknown,12,10.0,200.0,3,-9,False,20,1.0
A23PY39FKWZ8R0,The Land of Neverbelieve,The Land of Neverbelieve,unknown,13,9.7,194.0,2,-11,False,20,1.0
A23PY39FKWZ8R0,In Care of Yellow River: The Complete Civil War Letters of Pvt. Eli Pinson Landers to His Mother,In Care of Yellow River: The Complete Civil War Le...,unknown,14,9.0,180.0,6,-8,False,20,1.0
A23PY39FKWZ8R0,Kittens & Friends 2014 Box Calendar,Kittens & Friends 2014 Box Calendar,unknown,15,8.3,166.0,7,-8,False,20,1.0
A23PY39FKWZ8R0,Five Little Bunnies (Die Cut Board Book and Music CD Set),Five Little Bunnies (Die Cut Board Book and Music ...,unknown,16,8.2,164.0,8,-8,False,20,1.0
A23PY39FKWZ8R0,"Become a Man of Confi-Dance: Dance Your Way to Self-Esteem, Happiness, Romance and Adventure",Become a Man of Confi-Dance: Dance Your Way to Sel...,unknown,17,8.1,162.0,4,-13,False,20,1.0
A23PY39FKWZ8R0,American History Teacher's Book of Lists,American History Teacher's Book of Lists,unknown,18,8.05,161.0,17,-1,False,20,1.0
A23PY39FKWZ8R0,Ansel Adams 2011 Wall Calendar,Ansel Adams 2011 Wall Calendar,unknown,19,7.35,147.0,18,-1,False,20,1.0
A23PY39FKWZ8R0,"Stone ornaments used by Indians in the United States and Canada: being a description of certain charm stones, gorgets, tubes, bird stones and problematical forms",Stone ornaments used by Indians in the United Stat...,unknown,20,6.55,131.0,14,-6,False,20,1.0
A1XG1GYW1MVKCI,Storm Chaser,Storm Chaser,unknown,1,17.8,356.0,1,0,False,20,0.0
A1XG1GYW1MVKCI,The Road to Verdun: World War I's Most Momentous Battle and the Folly of Nationalism,The Road to Verdun: World War I's Most Momentous B...,unknown,2,13.65,273.0,9,7,False,20,0.0
A1XG1GYW1MVKCI,Shepherds of Terror: A Novel,Shepherds of Terror: A Novel,unknown,3,13.65,273.0,14,11,False,20,0.0
A1XG1GYW1MVKCI,Deadly Design,Deadly Design,unknown,4,13.35,267.0,2,-2,False,20,0.0
A1XG1GYW1MVKCI,Media Career Guide: Preparing for Jobs in the 21st Century,Media Career Guide: Preparing for Jobs in the 21st...,unknown,5,13.25,265.0,19,14,False,20,0.0
A1XG1GYW1MVKCI,"The Girls in the Balcony: Women, Men, and the New York Times","The Girls in the Balcony: Women, Men, and the New ...",unknown,6,11.65,233.0,8,2,False,20,0.0
A1XG1GYW1MVKCI,Ask Me If I'm a Frog,Ask Me If I'm a Frog,unknown,7,11.4,228.0,12,5,False,20,0.0
A1XG1GYW1MVKCI,"An adventure called Skelly;: A history of Skelly Oil Company through fifty years, 1919-1969",An adventure called Skelly;: A history of Skelly O...,unknown,8,10.55,211.0,15,7,False,20,0.0
A1XG1GYW1MVKCI,"The Official Guide for GMAT Review, 10th Edition","The Official Guide for GMAT Review, 10th Edition",unknown,9,10.45,209.0,11,2,False,20,0.0
A1XG1GYW1MVKCI,Bride and Groom Sticker Paper Dolls (Dover Little Activity Books Paper Dolls),Bride and Groom Sticker Paper Dolls (Dover Little ...,unknown,10,10.3,206.0,17,7,False,20,0.0
A1XG1GYW1MVKCI,A Day of Delight:Making Sunday the Best Day of the Week,A Day of Delight:Making Sunday the Best Day of the...,unknown,11,10.25,205.0,6,-5,False,20,0.0
A1XG1GYW1MVKCI,"Small Town Perfect Storm, The Los Osos Sewer Saga","Small Town Perfect Storm, The Los Osos Sewer Saga",unknown,12,9.65,193.0,7,-5,False,20,0.0
A1XG1GYW1MVKCI,Esther Queen of Persia,Esther Queen of Persia,unknown,13,9.5,190.0,16,3,True,20,0.0
A1XG1GYW1MVKCI,Myths of the Norsemen: From the Eddas and Sagas,Myths of the Norsemen: From the Eddas and Sagas,unknown,14,9.5,190.0,3,-11,False,20,0.0
A1XG1GYW1MVKCI,New Voices on the Shores : Early Pennsylvania German Settlements in New Brunswick,New Voices on the Shores : Early Pennsylvania Germ...,unknown,15,8.65,173.0,5,-10,False,20,0.0
A1XG1GYW1MVKCI,A Romance,A Romance,unknown,16,8.6,172.0,0,-16,False,20,0.0
A1XG1GYW1MVKCI,Lore Book One,Lore Book One,unknown,17,7.5,150.0,13,-4,False,20,0.0
A1XG1GYW1MVKCI,"Le Magnifique,: Comédie En Trois Actes, En Prose Et En Vers, Mise En Musique, Terminée Par Un Divertissement... (French Edition)","Le Magnifique,: Comédie En Trois Actes, En Prose E...",unknown,18,6.95,139.0,10,-8,False,20,0.0
A1XG1GYW1MVKCI,"Dust Explosions in the Process Industries, Second Edition","Dust Explosions in the Process Industries, Second ...",unknown,19,6.85,137.0,4,-15,False,20,0.0
A1XG1GYW1MVKCI,Dark Ivory #4,Dark Ivory #4,unknown,20,6.5,130.0,18,-2,False,20,0.0
A2KXOZ6DKHONWC,Portrait Of My Heart,Portrait Of My Heart,unknown,1,16.0,320.0,3,2,False,20,0.0
A2KXOZ6DKHONWC,How to Sell your Handmade Jewellery (Marketing for the Small Business Book 1),How to Sell your Handmade Jewellery (Marketing for...,unknown,2,14.1,282.0,14,12,False,20,0.0
A2KXOZ6DKHONWC,Glastonbury: Avalon of the Heart,Glastonbury: Avalon of the Heart,unknown,3,13.85,277.0,6,3,False,20,0.0
A2KXOZ6DKHONWC,The Bone Yard: Book One of the Ett Series,The Bone Yard: Book One of the Ett Series,unknown,4,13.1,262.0,9,5,False,20,0.0
A2KXOZ6DKHONWC,The Harbor of His Arms (Safe Harbor Series #1) (Love Inspired #204),The Harbor of His Arms (Safe Harbor Series #1) (Lo...,unknown,5,12.7,254.0,16,11,False,20,0.0
A2KXOZ6DKHONWC,The Resistance: The Fourth Book of the Fey,The Resistance: The Fourth Book of the Fey,unknown,6,12.35,247.0,4,-2,False,20,0.0
A2KXOZ6DKHONWC,Ten Green Bottles: The True Story of One Family's Journey from War-torn Austria to the Ghettos of Shanghai,Ten Green Bottles: The True Story of One Family's ...,unknown,7,12.15,243.0,7,0,False,20,0.0
A2KXOZ6DKHONWC,Candy Lover's Cookbook (Christmas at Home),Candy Lover's Cookbook (Christmas at Home),unknown,8,12.05,241.0,18,10,False,20,0.0
A2KXOZ6DKHONWC,In the Company of Dali: The Photographs of Robert Whitaker,In the Company of Dali: The Photographs of Robert ...,unknown,9,11.95,239.0,10,1,False,20,0.0
A2KXOZ6DKHONWC,The Essential Galley Companion: Recipies and Provivioning Advice for Your Boating Adventures,The Essential Galley Companion: Recipies and Provi...,unknown,10,10.55,211.0,15,5,False,20,0.0
A2KXOZ6DKHONWC,Easter in Harwick (Thomas & Friends) (Thomas In Town),Easter in Harwick (Thomas & Friends) (Thomas In To...,unknown,11,10.35,207.0,5,-6,False,20,0.0
A2KXOZ6DKHONWC,The Everything Theory,The Everything Theory,unknown,12,9.25,185.0,8,-4,True,20,0.0
A2KXOZ6DKHONWC,"Student Solutions Manual for Precalculus: Concepts Through Functions, A Unit Circle Approach to Trigonometry",Student Solutions Manual for Precalculus: Concepts...,unknown,13,9.25,185.0,1,-12,False,20,0.0
A2KXOZ6DKHONWC,"The Pocket Book of Science-Fiction (Pocket Book, No. 214)","The Pocket Book of Science-Fiction (Pocket Book, N...",unknown,14,9.05,181.0,12,-2,False,20,0.0
A2KXOZ6DKHONWC,Building DMZs For Enterprise Networks,Building DMZs For Enterprise Networks,unknown,15,8.85,177.0,0,-15,False,20,0.0
A2KXOZ6DKHONWC,"Rand McNally Folded Map: Tacoma, Lakewood, Puyallup","Rand McNally Folded Map: Tacoma, Lakewood, Puyallu...",unknown,16,8.05,161.0,13,-3,False,20,0.0
A2KXOZ6DKHONWC,Appleton & Lange's Review of Pharmacy,Appleton & Lange's Review of Pharmacy,unknown,17,7.05,141.0,19,2,False,20,0.0
A2KXOZ6DKHONWC,Pinkalicious: Pinkalicious (Spanish edition),Pinkalicious: Pinkalicious (Spanish edition),unknown,18,6.85,137.0,17,-1,False,20,0.0
A2KXOZ6DKHONWC,Essentials of Accounting Study Guide/Working Papers,Essentials of Accounting Study Guide/Working Paper...,unknown,19,6.6,132.0,11,-8,False,20,0.0
A2KXOZ6DKHONWC,Modern Synthetic Reactions. Second Edition,Modern Synthetic Reactions. Second Edition,unknown,20,5.9,118.0,2,-18,False,20,0.0
A3PJQ4742VN84H,15 Minutes of Fame: Becoming a Star in the YouTube Revolution,15 Minutes of Fame: Becoming a Star in the YouTube...,unknown,1,14.5,290.0,18,17,False,20,0.6309297535714575
A3PJQ4742VN84H,"Love Com, Vol. 1 (1)","Love Com, Vol. 1 (1)",unknown,2,13.75,275.0,5,3,True,20,0.6309297535714575
A3PJQ4742VN84H,"The Best of Traditional British Cooking: More than 70 classic step-by-step recipes from around Britain, beautifully illustrated with over 250 photographs",The Best of Traditional British Cooking: More than...,unknown,3,12.9,258.0,2,-1,False,20,0.6309297535714575
A3PJQ4742VN84H,A Poisoned Season (Lady Emily Mysteries),A Poisoned Season (Lady Emily Mysteries),unknown,4,12.85,257.0,6,2,False,20,0.6309297535714575
A3PJQ4742VN84H,You're Invited to My World,You're Invited to My World,unknown,5,12.15,243.0,9,4,False,20,0.6309297535714575
A3PJQ4742VN84H,"Phoenix Squadron: HMS Ark Royal, Britain's Last Top Guns and the Untold Story of Their Most Dramatic Mission","Phoenix Squadron: HMS Ark Royal, Britain's Last To...",unknown,6,12.1,242.0,8,2,False,20,0.6309297535714575
A3PJQ4742VN84H,Sudoku for the Frustrated Fanatic: Just 200 Difficult Puzzles,Sudoku for the Frustrated Fanatic: Just 200 Diffic...,unknown,7,11.95,239.0,16,9,False,20,0.6309297535714575
A3PJQ4742VN84H,Cheap Chic: Hundreds of Money Saving Hints to Create Your Own Great Look,Cheap Chic: Hundreds of Money Saving Hints to Crea...,unknown,8,11.95,239.0,11,3,False,20,0.6309297535714575
A3PJQ4742VN84H,"Turning Germans into Texans: World War I and the Assimilation and Survival of German Culture in Texas, 1900-1930",Turning Germans into Texans: World War I and the A...,unknown,9,11.75,235.0,0,-9,False,20,0.6309297535714575
A3PJQ4742VN84H,Identity and Ecology in Arctic Siberia: The Number One Reindeer Brigade (Oxford Studies in Social and Cultural Anthropology),Identity and Ecology in Arctic Siberia: The Number...,unknown,10,11.4,228.0,1,-9,False,20,0.6309297535714575
A3PJQ4742VN84H,The Shadow Side of Fieldwork: Exploring the Blurred Borders between Ethnography and Life,The Shadow Side of Fieldwork: Exploring the Blurre...,unknown,11,10.1,202.0,14,3,False,20,0.6309297535714575
A3PJQ4742VN84H,Poul Jorgensen's Book of Fly Tying: A Guide to Flies for All Game Fish,Poul Jorgensen's Book of Fly Tying: A Guide to Fli...,unknown,12,9.6,192.0,12,0,False,20,0.6309297535714575
A3PJQ4742VN84H,The Citizen's Guide to Stopping Suicide Attackers: Secrets of an Israeli Counterterrorist,The Citizen's Guide to Stopping Suicide Attackers:...,unknown,13,9.45,189.0,4,-9,False,20,0.6309297535714575
A3PJQ4742VN84H,The Locket Spirit,The Locket Spirit,unknown,14,9.25,185.0,13,-1,False,20,0.6309297535714575
A3PJQ4742VN84H,Flush Decks and Four Pipes,Flush Decks and Four Pipes,unknown,15,9.2,184.0,10,-5,False,20,0.6309297535714575
A3PJQ4742VN84H,Summit: English for Today's World 1 Workbook,Summit: English for Today's World 1 Workbook,unknown,16,8.05,161.0,17,1,False,20,0.6309297535714575
A3PJQ4742VN84H,"Czech Republic Map (National Geographic Adventure Map, 3322)",Czech Republic Map (National Geographic Adventure ...,unknown,17,7.85,157.0,7,-10,False,20,0.6309297535714575
A3PJQ4742VN84H,The Virginia Gun Owner's Guide,The Virginia Gun Owner's Guide,unknown,18,7.85,157.0,15,-3,False,20,0.6309297535714575
A3PJQ4742VN84H,Shock Totem 8.5: Holiday Tales of the Macabre and Twisted - Valentine's Day 2014,Shock Totem 8.5: Holiday Tales of the Macabre and ...,unknown,19,6.9,138.0,3,-16,False,20,0.6309297535714575
A3PJQ4742VN84H,UNFOLDING OF THY LOVE,UNFOLDING OF THY LOVE,unknown,20,6.45,129.0,19,-1,False,20,0.6309297535714575
ASCL093JQBQGB,Blackbird House: A Novel (Ballantine Reader's Circle),Blackbird House: A Novel (Ballantine Reader's Circ...,unknown,1,13.95,279.0,17,16,False,20,1.0
ASCL093JQBQGB,A Light In Dark Places,A Light In Dark Places,unknown,2,13.2,264.0,11,9,True,20,1.0
ASCL093JQBQGB,Four Days to Veracruz: A Novel,Four Days to Veracruz: A Novel,unknown,3,12.7,254.0,7,4,False,20,1.0
ASCL093JQBQGB,Little Patient Big Doctor: One Mother's Journey,Little Patient Big Doctor: One Mother's Journey,unknown,4,12.4,248.0,5,1,False,20,1.0
ASCL093JQBQGB,Kentucky's Covered Bridges (KY) (Images of America),Kentucky's Covered Bridges (KY) (Images of America...,unknown,5,11.9,238.0,8,3,False,20,1.0
ASCL093JQBQGB,Making Amends in Big Bend,Making Amends in Big Bend,unknown,6,11.75,235.0,14,8,False,20,1.0
ASCL093JQBQGB,Legal Forms for Starting and Running a Small Business (2nd ed.),Legal Forms for Starting and Running a Small Busin...,unknown,7,11.55,231.0,15,8,False,20,1.0
ASCL093JQBQGB,The Rabbi & the Nuns: The Inside Story of a Rabbi’s Therapeutic Work With the Sisters of St. Francis,The Rabbi & the Nuns: The Inside Story of a Rabbi’...,unknown,8,11.3,226.0,9,1,False,20,1.0
ASCL093JQBQGB,The Best of the Professional Traders Journal: Day Trading,The Best of the Professional Traders Journal: Day ...,unknown,9,11.05,221.0,0,-9,False,20,1.0
ASCL093JQBQGB,"Love Potions & Charms: Over 50 Ways to Seduce, Bewitch, and Cherish Your Lover (Barron's Educational Series)","Love Potions & Charms: Over 50 Ways to Seduce, Bew...",unknown,10,10.9,218.0,1,-9,False,20,1.0
ASCL093JQBQGB,Illuminated Art Glass - Featuring 14 Lampshade Kiln Cast Projects,Illuminated Art Glass - Featuring 14 Lampshade Kil...,unknown,11,10.55,211.0,19,8,False,20,1.0
ASCL093JQBQGB,Pharmacy Technician Certification Review and Practice Exam,Pharmacy Technician Certification Review and Pract...,unknown,12,10.25,205.0,13,1,False,20,1.0
ASCL093JQBQGB,Spooks and Spirits and Shadowy Shapes,Spooks and Spirits and Shadowy Shapes,unknown,13,10.15,203.0,10,-3,False,20,1.0
ASCL093JQBQGB,The 10 Most Memorable Court Cases,The 10 Most Memorable Court Cases,unknown,14,9.4,188.0,18,4,False,20,1.0
ASCL093JQBQGB,PILGRIM'S BAY,PILGRIM'S BAY,unknown,15,8.9,178.0,2,-13,False,20,1.0
ASCL093JQBQGB,"Public Enemies: America's Criminal Past, 1919-1940","Public Enemies: America's Criminal Past, 1919-1940",unknown,16,8.85,177.0,4,-12,False,20,1.0
ASCL093JQBQGB,The Tragedy of Silesia 1945 - 46 : A Documentary Account with a Special Survey of the Archdiocese of Breslau,The Tragedy of Silesia 1945 - 46 : A Documentary A...,unknown,17,8.8,176.0,12,-5,False,20,1.0
ASCL093JQBQGB,Charles Bronson: The 95 Films and the 156 Television Appearances,Charles Bronson: The 95 Films and the 156 Televisi...,unknown,18,8.15,163.0,3,-15,False,20,1.0
ASCL093JQBQGB,Pakistan: Nationalism without a Nation,Pakistan: Nationalism without a Nation,unknown,19,7.55,151.0,16,-3,False,20,1.0
ASCL093JQBQGB,The Mother of All Windows 98 Books,The Mother of All Windows 98 Books,unknown,20,6.7,134.0,6,-14,False,20,1.0
A264O236DP16VA,Pathfinder Companion: Faiths of Balance,Pathfinder Companion: Faiths of Balance,unknown,1,13.95,279.0,9,8,False,20,0.0
A264O236DP16VA,The Lean Toolbox: The Essential Guide to Lean Transformation,The Lean Toolbox: The Essential Guide to Lean Tran...,unknown,2,13.8,276.0,1,-1,False,20,0.0
A264O236DP16VA,The Spires of Denon: A Diving Universe Short Novel,The Spires of Denon: A Diving Universe Short Novel,unknown,3,13.35,267.0,13,10,False,20,0.0
A264O236DP16VA,The Unpleasantness at the Bellona Club,The Unpleasantness at the Bellona Club,unknown,4,13.25,265.0,11,7,False,20,0.0
A264O236DP16VA,A Far Away Home,A Far Away Home,unknown,5,12.4,248.0,2,-3,False,20,0.0
A264O236DP16VA,Modern Classics the Uses of Literacy: Aspects Of Working-lass Life (Penguin Modern Classics),Modern Classics the Uses of Literacy: Aspects Of W...,unknown,6,12.05,241.0,5,-1,False,20,0.0
A264O236DP16VA,The Cassini Mission (Galactic Conspiracies),The Cassini Mission (Galactic Conspiracies),unknown,7,12.05,241.0,18,11,True,20,0.0
A264O236DP16VA,Laura's Little House: Adapted from the Little House Books by Laura Ingalls Wilder (My First Little House Books),Laura's Little House: Adapted from the Little Hous...,unknown,8,10.95,219.0,16,8,False,20,0.0
A264O236DP16VA,Dreamsong,Dreamsong,unknown,9,10.85,217.0,7,-2,False,20,0.0
A264O236DP16VA,What Is the Baha'i Faith?,What Is the Baha'i Faith?,unknown,10,10.6,212.0,12,2,False,20,0.0
A264O236DP16VA,Cake Balls: Amazingly Delicious Bite-Size Treats,Cake Balls: Amazingly Delicious Bite-Size Treats,unknown,11,10.4,208.0,8,-3,False,20,0.0
A264O236DP16VA,The Code Witch,The Code Witch,unknown,12,10.3,206.0,10,-2,False,20,0.0
A264O236DP16VA,Counterpoint: Tecumseh vs. William Henry Harrison,Counterpoint: Tecumseh vs. William Henry Harrison,unknown,13,10.2,204.0,15,2,False,20,0.0
A264O236DP16VA,Diana Wynne Jones: The Fantastic Tradition and Children's Literature (Children's Literature and Culture),Diana Wynne Jones: The Fantastic Tradition and Chi...,unknown,14,10.0,200.0,0,-14,False,20,0.0
A264O236DP16VA,Psalms 1-72: An Introduction and Commentary on Books I and II of the Psalms (The Tyndale Old Testament Commentaries),Psalms 1-72: An Introduction and Commentary on Boo...,unknown,15,8.95,179.0,3,-12,False,20,0.0
A264O236DP16VA,Latin American Politics and Development,Latin American Politics and Development,unknown,16,8.3,166.0,14,-2,False,20,0.0
A264O236DP16VA,Radio Shows: Bergen & Mccarthy,Radio Shows: Bergen & Mccarthy,unknown,17,8.3,166.0,17,0,False,20,0.0
A264O236DP16VA,Free Throw Wizard,Free Throw Wizard,unknown,18,8.2,164.0,19,1,False,20,0.0
A264O236DP16VA,Handstitched Bamboo Unlined,Handstitched Bamboo Unlined,unknown,19,6.85,137.0,4,-15,False,20,0.0
A264O236DP16VA,"2008-2009 Edition ""Wal-Mart Superstore Directory Guide for Truck Drivers and ALL Travelers""","2008-2009 Edition ""Wal-Mart Superstore Directory G...",unknown,20,5.25,105.0,6,-14,False,20,0.0
A3R66I32XC26Q8,The Good Earth,The Good Earth,unknown,1,15.4,308.0,11,10,True,20,1.0
A3R66I32XC26Q8,Egypt Lost & Found: Explorers and Travelers on the Nile,Egypt Lost & Found: Explorers and Travelers on the...,unknown,2,15.3,306.0,5,3,False,20,1.0
A3R66I32XC26Q8,"Roots of Radicalism: Jews, Christians, and the Left","Roots of Radicalism: Jews, Christians, and the Lef...",unknown,3,13.9,278.0,9,6,False,20,1.0
A3R66I32XC26Q8,How about Demons?: Possession and Exorcism in the Modern World (Folklore Today),How about Demons?: Possession and Exorcism in the ...,unknown,4,13.0,260.0,3,-1,False,20,1.0
A3R66I32XC26Q8,"Psychiatric Drug Withdrawal: A Guide for Prescribers, Therapists, Patients and their Families",Psychiatric Drug Withdrawal: A Guide for Prescribe...,unknown,5,12.3,246.0,6,1,False,20,1.0
A3R66I32XC26Q8,Worship: Renewal to Practice,Worship: Renewal to Practice,unknown,6,11.7,234.0,17,11,False,20,1.0
A3R66I32XC26Q8,Teach Yourself Japanese (Includes 2 Audio CDs): A Practical Guide to Gaining a Good Working Knowledge of Both the Written and Spoken Language (English and Japanese Edition),Teach Yourself Japanese (Includes 2 Audio CDs): A ...,unknown,7,11.1,222.0,18,11,False,20,1.0
A3R66I32XC26Q8,The Prophet of Wheat Street: The Story of William Holmes Borders,The Prophet of Wheat Street: The Story of William ...,unknown,8,10.8,216.0,8,0,False,20,1.0
A3R66I32XC26Q8,Kickass Kuties: The Art of Lisa Petrucci,Kickass Kuties: The Art of Lisa Petrucci,unknown,9,10.7,214.0,2,-7,False,20,1.0
A3R66I32XC26Q8,"A History of the English-Speaking Peoples,The New World (Volume 2)","A History of the English-Speaking Peoples,The New ...",unknown,10,9.5,190.0,15,5,False,20,1.0
A3R66I32XC26Q8,Run/Stop-Restore: 10th Anniversary Edition,Run/Stop-Restore: 10th Anniversary Edition,unknown,11,9.45,189.0,0,-11,False,20,1.0
A3R66I32XC26Q8,Oh! What God Can Do!,Oh! What God Can Do!,unknown,12,9.35,187.0,1,-11,False,20,1.0
A3R66I32XC26Q8,Read and Learn Bible (American Bible Society),Read and Learn Bible (American Bible Society),unknown,13,9.1,182.0,13,0,False,20,1.0
A3R66I32XC26Q8,Solo Hand,Solo Hand,unknown,14,9.05,181.0,10,-4,False,20,1.0
A3R66I32XC26Q8,Donor-Restricted Gifts Simplified by Dan Busby (2007-12-14),Donor-Restricted Gifts Simplified by Dan Busby (20...,unknown,15,8.5,170.0,7,-8,False,20,1.0
A3R66I32XC26Q8,"CCNA Virtual Lab, Titanium Edition 3.0","CCNA Virtual Lab, Titanium Edition 3.0",unknown,16,8.35,167.0,4,-12,False,20,1.0
A3R66I32XC26Q8,"""Mastectomy Recovery"" Master Series boxed set.: What your doctors don't have time to tell you!","""Mastectomy Recovery"" Master Series boxed set.: Wh...",unknown,17,8.35,167.0,12,-5,False,20,1.0
A3R66I32XC26Q8,Early Logging Tools (Schiffer Book for Collectors),Early Logging Tools (Schiffer Book for Collectors),unknown,18,8.3,166.0,19,1,False,20,1.0
A3R66I32XC26Q8,The New Users Guide to Microsoft Windows Vista,The New Users Guide to Microsoft Windows Vista,unknown,19,8.1,162.0,16,-3,False,20,1.0
A3R66I32XC26Q8,The +200 millionaire (The mariners library),The +200 millionaire (The mariners library),unknown,20,7.75,155.0,14,-6,False,20,1.0
